customer_id,age,gender,region,signup_days_ago,lifetime_value,loyalty_tier
C00001,43,Male,Southeast,1372,77.8,Bronze
C00002,36,Male,Northeast,290,74.74,Bronze
C00003,45,Male,Southwest,1334,33.35,Bronze
C00004,56,Male,Southeast,1382,510.7,Silver
C00005,35,Male,Southeast,1177,515.37,Silver
C00006,35,Female,Northeast,1529,522.8,Silver
C00007,56,Female,Southeast,307,322.5,Silver
C00008,47,Female,Southwest,122,35.88,Bronze
C00009,32,Male,Southeast,988,97.12,Bronze
C00010,44,Male,Southwest,1600,285.25,Bronze
C00011,32,Male,Southwest,852,276.43,Bronze
C00012,32,Other,Northeast,157,200.24,Bronze
C00013,40,Female,Northeast,561,341.05,Silver
C00014,18,Female,Southwest,802,247.27,Bronze
C00015,18,Male,Southeast,196,272.79,Bronze
C00016,31,Female,Northeast,860,137.67,Bronze
C00017,25,Male,Southeast,265,592.18,Silver
C00018,41,Female,Midwest,1085,166.05,Bronze
C00019,27,Female,West,1284,73.88,Bronze
C00020,21,Female,Northeast,220,122.25,Bronze
C00021,55,Female,Northeast,686,178.82,Bronze
C00022,35,Male,Southwest,642,598.61,Silver
C00023,38,Female,West,1644,235.56,Bronze
C00024,20,Female,Midwest,1561,206.95,Bronze
C00025,31,Male,West,1510,79.54,Bronze
C00026,39,Male,Midwest,1725,496.18,Silver
C00027,24,Male,West,284,136.08,Bronze
C00028,42,Male,Southeast,1332,223.63,Bronze
C00029,30,Male,Southeast,1753,927.2,Gold
C00030,34,Female,West,1002,386.79,Silver
C00031,30,Male,Southeast,1775,56.52,Bronze
C00032,60,Male,Southwest,1806,49.77,Bronze
C00033,37,Female,Southeast,1109,230.93,Bronze
C00034,25,Female,Southwest,678,82.15,Bronze
C00035,47,Female,Southwest,135,438.65,Silver
C00036,23,Male,Southeast,1634,254.18,Bronze
C00037,40,Female,West,1755,283.96,Bronze
C00038,18,Female,Midwest,221,129.53,Bronze
C00039,22,Male,Southwest,1032,1172.91,Gold
C00040,40,Male,Midwest,1331,3160.02,Gold
C00041,46,Female,West,1597,190.43,Bronze
C00042,40,Female,Midwest,204,336.21,Silver
C00043,36,Female,Southeast,1823,267.11,Bronze
C00044,34,Female,Northeast,664,193.69,Bronze
C00045,20,Female,Midwest,114,115.72,Bronze
C00046,29,Female,West,977,92.16,Bronze
C00047,32,Male,West,757,88.06,Bronze
C00048,50,Male,West,1269,352.38,Silver
C00049,42,Male,Southeast,1067,153.28,Bronze
C00050,18,Female,Midwest,1090,24.04,Bronze
C00051,41,Female,Northeast,1080,365.17,Silver
C00052,33,Female,West,1717,236.41,Bronze
C00053,29,Male,Southwest,1629,822.22,Gold
C00054,45,Female,Southeast,99,342.34,Silver
C00055,50,Male,Northeast,183,64.66,Bronze
C00056,49,Male,Northeast,1491,32.89,Bronze
C00057,27,Female,West,794,128.06,Bronze
C00058,34,Female,West,300,139.41,Bronze
C00059,41,Other,West,570,571.83,Silver
C00060,49,Male,Southeast,1127,242.75,Bronze
C00061,32,Female,West,600,678.8,Silver
C00062,35,Male,West,1808,74.27,Bronze
C00063,24,Male,Southeast,178,583.32,Silver
C00064,23,Female,Midwest,1559,468.2,Silver
C00065,47,Female,Northeast,39,39.79,Bronze
C00066,54,Female,Midwest,673,804.61,Gold
C00067,37,Male,Southwest,1555,266.16,Bronze
C00068,50,Female,Midwest,91,348.22,Silver
C00069,42,Male,West,1441,112.35,Bronze
C00070,30,Female,Midwest,803,771.03,Silver
C00071,42,Male,Northeast,1783,84.16,Bronze
C00072,56,Male,Midwest,1285,517.43,Silver
C00073,37,Female,Midwest,1637,512.11,Silver
C00074,56,Female,Southeast,557,101.82,Bronze
C00075,18,Male,Northeast,1603,1458.31,Gold
C00076,47,Male,Southeast,1742,301.38,Silver
C00077,39,Female,Northeast,474,440.76,Silver
C00078,34,Male,Northeast,1374,61.9,Bronze
C00079,39,Male,Southeast,1136,1645.76,Gold
C00080,18,Male,Southeast,1487,81.28,Bronze
C00081,35,Male,Southwest,46,615.48,Silver
C00082,42,Female,Southeast,398,99.95,Bronze
C00083,55,Female,West,1721,140.18,Bronze
C00084,31,Female,Midwest,713,497.64,Silver
C00085,28,Other,West,937,616.96,Silver
C00086,31,Male,Southeast,1635,77.93,Bronze
C00087,48,Male,Southwest,612,652.9,Silver
C00088,41,Male,Midwest,284,626.71,Silver
C00089,31,Male,West,485,105.2,Bronze
C00090,44,Male,Southeast,672,1031.51,Gold
C00091,39,Female,Northeast,590,65.95,Bronze
C00092,49,Female,West,562,139.45,Bronze
C00093,29,Male,Northeast,1445,376.57,Silver
C00094,34,Female,Midwest,349,113.5,Bronze
C00095,33,Female,Northeast,249,310.27,Silver
C00096,20,Female,West,728,303.98,Silver
C00097,41,Female,Southwest,1467,206.78,Bronze
C00098,41,Female,Midwest,61,517.58,Silver
C00099,38,Female,West,744,199.23,Bronze
C00100,35,Female,Midwest,783,301.38,Silver
C00101,21,Female,Midwest,1069,686.65,Silver
C00102,32,Male,Southwest,438,498.51,Silver
C00103,33,Male,Southwest,857,496.42,Silver
C00104,28,Female,West,202,86.99,Bronze
C00105,36,Male,Southeast,1702,392.41,Silver
C00106,42,Male,Midwest,1232,110.98,Bronze
C00107,60,Female,Southeast,1626,77.23,Bronze
C00108,40,Male,Midwest,1550,229.4,Bronze
C00109,41,Female,Midwest,965,108.43,Bronze
C00110,37,Female,West,1157,498.48,Silver
C00111,18,Female,Southwest,1370,509.32,Silver
C00112,37,Female,Southeast,736,44.15,Bronze
C00113,38,Male,Northeast,1821,116.11,Bronze
C00114,67,Female,Southwest,1005,65.77,Bronze
C00115,35,Female,Northeast,1641,161.36,Bronze
C00116,41,Other,West,812,368.58,Silver
C00117,37,Male,Northeast,1234,196.75,Bronze
C00118,23,Male,Southeast,161,143.91,Bronze
C00119,51,Female,Southwest,692,788.52,Silver
C00120,47,Male,Northeast,1208,30.74,Bronze
C00121,47,Female,Midwest,388,744.85,Silver
C00122,27,Male,Southeast,1288,149.93,Bronze
C00123,54,Male,Southwest,789,228.08,Bronze
C00124,21,Male,Southwest,194,152.23,Bronze
C00125,45,Male,Southeast,746,981.03,Gold
C00126,64,Female,Northeast,456,80.81,Bronze
C00127,26,Female,West,706,247.29,Bronze
C00128,31,Male,Southeast,517,393.35,Silver
C00129,39,Female,West,242,57.4,Bronze
C00130,31,Male,Northeast,795,106.92,Bronze
C00131,19,Female,Northeast,186,214.14,Bronze
C00132,38,Male,West,1742,110.17,Bronze
C00133,25,Female,Northeast,1128,117.44,Bronze
C00134,43,Female,Southwest,464,178.6,Bronze
C00135,26,Female,Northeast,1231,439.05,Silver
C00136,56,Female,Northeast,871,179.75,Bronze
C00137,28,Female,Southwest,674,645.86,Silver
C00138,34,Female,Midwest,1690,99.69,Bronze
C00139,47,Female,West,341,79.3,Bronze
C00140,23,Female,Northeast,156,1385.35,Gold
C00141,40,Female,West,406,135.35,Bronze
C00142,53,Male,West,1398,75.2,Bronze
C00143,18,Female,Southeast,254,51.02,Bronze
C00144,40,Male,West,1070,643.93,Silver
C00145,41,Female,West,526,179.98,Bronze
C00146,47,Female,Southeast,502,194.74,Bronze
C00147,23,Female,Midwest,1364,212.03,Bronze
C00148,22,Male,Midwest,1811,608.9,Silver
C00149,44,Male,Northeast,1190,208.18,Bronze
C00150,41,Female,Southeast,504,2017.57,Gold
C00151,41,Female,Southeast,246,276.0,Bronze
C00152,42,Male,Southeast,225,636.26,Silver
C00153,29,Male,West,230,505.08,Silver
C00154,40,Female,Midwest,395,236.8,Bronze
C00155,41,Female,Southwest,748,144.28,Bronze
C00156,29,Male,Southeast,1581,329.89,Silver
C00157,60,Male,Southeast,429,387.26,Silver
C00158,43,Male,West,1578,146.16,Bronze
C00159,23,Female,Midwest,619,284.21,Bronze
C00160,45,Male,Midwest,243,744.4,Silver
C00161,26,Male,Northeast,370,1576.49,Gold
C00162,47,Male,Southeast,1382,527.91,Silver
C00163,51,Male,Southeast,988,1308.3,Gold
C00164,28,Female,Southwest,148,138.87,Bronze
C00165,49,Male,Southeast,1478,460.22,Silver
C00166,42,Male,Southwest,1746,816.21,Gold
C00167,47,Male,West,865,109.21,Bronze
C00168,60,Male,Southeast,871,158.06,Bronze
C00169,35,Male,Midwest,896,1169.25,Gold
C00170,28,Female,West,1426,101.74,Bronze
C00171,27,Female,Southwest,1702,73.18,Bronze
C00172,28,Female,Northeast,1232,967.95,Gold
C00173,37,Female,Southeast,1485,718.44,Silver
C00174,42,Female,Southeast,1773,361.01,Silver
C00175,41,Male,Northeast,974,234.83,Bronze
C00176,47,Female,Midwest,431,164.9,Bronze
C00177,38,Female,Southwest,1447,315.37,Silver
C00178,55,Female,Southeast,912,1014.17,Gold
C00179,34,Female,West,595,303.3,Silver
C00180,70,Male,West,1132,1720.32,Gold
C00181,45,Female,Southeast,453,109.05,Bronze
C00182,27,Female,Northeast,147,240.4,Bronze
C00183,25,Other,West,397,174.91,Bronze
C00184,43,Male,Southwest,1159,92.15,Bronze
C00185,35,Male,West,1158,213.2,Bronze
C00186,46,Male,Northeast,1356,356.24,Silver
C00187,43,Female,Northeast,659,392.21,Silver
C00188,37,Male,Northeast,1794,1725.73,Gold
C00189,27,Male,Midwest,177,371.68,Silver
C00190,19,Other,West,179,688.92,Silver
C00191,32,Male,Northeast,845,259.69,Bronze
C00192,48,Female,West,285,1107.93,Gold
C00193,40,Male,Midwest,111,2118.8,Gold
C00194,23,Female,West,45,394.64,Silver
C00195,40,Female,Southwest,930,100.14,Bronze
C00196,42,Female,Northeast,222,149.32,Bronze
C00197,27,Female,Southwest,752,315.37,Silver
C00198,39,Male,Northeast,1127,369.02,Silver
C00199,38,Male,Southeast,1330,458.79,Silver
C00200,24,Male,Southwest,1114,370.25,Silver
C00201,42,Female,Southwest,1002,246.24,Bronze
C00202,44,Female,Midwest,980,138.02,Bronze
C00203,50,Male,Midwest,565,351.08,Silver
C00204,50,Female,West,1588,1299.18,Gold
C00205,21,Male,West,372,612.74,Silver
C00206,26,Female,Northeast,424,395.93,Silver
C00207,44,Female,West,972,618.08,Silver
C00208,44,Male,Midwest,287,175.22,Bronze
C00209,44,Female,Midwest,1251,154.87,Bronze
C00210,80,Male,Midwest,82,124.84,Bronze
C00211,44,Female,Midwest,680,218.6,Bronze
C00212,51,Female,Southwest,300,167.37,Bronze
C00213,49,Male,Midwest,230,725.93,Silver
C00214,45,Male,Southwest,425,159.53,Bronze
C00215,34,Male,Northeast,407,118.81,Bronze
C00216,47,Female,West,705,1405.74,Gold
C00217,28,Female,West,1657,163.0,Bronze
C00218,35,Male,West,564,280.95,Bronze
C00219,32,Female,West,952,367.3,Silver
C00220,38,Female,Midwest,1141,87.97,Bronze
C00221,65,Male,Southwest,427,743.92,Silver
C00222,18,Male,West,1235,434.16,Silver
C00223,46,Female,Northeast,896,994.8,Gold
C00224,18,Female,West,1336,132.78,Bronze
C00225,32,Male,Southeast,1586,267.53,Bronze
C00226,51,Male,Southeast,590,253.51,Bronze
C00227,38,Male,Southwest,219,310.29,Silver
C00228,25,Female,Midwest,234,66.08,Bronze
C00229,29,Male,West,997,270.36,Bronze
C00230,46,Male,Southeast,73,67.77,Bronze
C00231,29,Female,Northeast,1033,337.82,Silver
C00232,40,Female,Midwest,1353,36.03,Bronze
C00233,38,Male,Northeast,1048,46.23,Bronze
C00234,30,Male,West,669,511.17,Silver
C00235,63,Female,Southeast,1023,149.58,Bronze
C00236,45,Male,Midwest,730,100.58,Bronze
C00237,18,Male,Northeast,1735,767.98,Silver
C00238,40,Female,Southeast,1332,328.61,Silver
C00239,30,Male,West,742,536.4,Silver
C00240,48,Female,Northeast,1438,210.69,Bronze
C00241,28,Female,West,666,2728.93,Gold
C00242,36,Male,Southwest,833,142.02,Bronze
C00243,44,Male,West,340,1176.2,Gold
C00244,48,Female,West,907,231.54,Bronze
C00245,23,Female,Northeast,1581,55.2,Bronze
C00246,33,Female,Southeast,886,377.88,Silver
C00247,32,Female,Southwest,303,324.82,Silver
C00248,30,Male,West,1535,94.99,Bronze
C00249,59,Female,West,1504,106.7,Bronze
C00250,42,Male,West,1585,239.31,Bronze
C00251,22,Male,Southeast,560,335.22,Silver
C00252,49,Male,Northeast,1578,26.48,Bronze
C00253,63,Male,West,46,631.32,Silver
C00254,50,Female,West,747,156.8,Bronze
C00255,19,Male,Midwest,1083,73.81,Bronze
C00256,32,Male,Southwest,499,570.75,Silver
C00257,53,Male,Southeast,840,239.55,Bronze
C00258,29,Female,Southeast,1357,731.1,Silver
C00259,43,Female,Southwest,584,362.91,Silver
C00260,47,Male,West,122,244.36,Bronze
C00261,26,Male,Midwest,911,213.27,Bronze
C00262,37,Male,Northeast,607,377.83,Silver
C00263,18,Female,Northeast,660,168.65,Bronze
C00264,25,Female,West,850,113.6,Bronze
C00265,34,Female,Southeast,613,423.65,Silver
C00266,23,Female,West,875,214.85,Bronze
C00267,57,Male,Southwest,1215,252.2,Bronze
C00268,20,Female,West,871,652.26,Silver
C00269,32,Female,Southeast,357,220.86,Bronze
C00270,39,Male,West,759,248.03,Bronze
C00271,55,Male,Southeast,283,142.64,Bronze
C00272,20,Female,Northeast,1493,360.56,Silver
C00273,51,Female,Northeast,600,335.24,Silver
C00274,38,Male,Southeast,573,550.43,Silver
C00275,26,Female,Southwest,880,145.3,Bronze
C00276,43,Female,Southeast,149,162.06,Bronze
C00277,40,Male,Northeast,1004,499.16,Silver
C00278,30,Male,Southwest,851,307.04,Silver
C00279,38,Male,Northeast,543,108.25,Bronze
C00280,33,Female,West,1683,793.06,Silver
C00281,39,Male,Southeast,1602,53.06,Bronze
C00282,45,Male,Northeast,1008,495.64,Silver
C00283,57,Female,Southwest,126,78.36,Bronze
C00284,23,Female,Northeast,900,1335.7,Gold
C00285,63,Male,Midwest,1423,60.94,Bronze
C00286,18,Male,Southeast,1470,690.23,Silver
C00287,36,Female,Northeast,286,227.36,Bronze
C00288,45,Female,Northeast,157,175.92,Bronze
C00289,41,Female,Northeast,1412,289.12,Bronze
C00290,30,Male,Northeast,1209,432.12,Silver
C00291,35,Female,West,1710,108.42,Bronze
C00292,32,Female,Midwest,86,117.42,Bronze
C00293,30,Female,Southeast,611,439.06,Silver
C00294,48,Female,Southeast,585,52.64,Bronze
C00295,42,Male,Southwest,753,144.63,Bronze
C00296,29,Male,Southwest,1740,3776.75,Gold
C00297,48,Female,West,682,102.39,Bronze
C00298,41,Female,Southwest,1129,687.47,Silver
C00299,47,Female,Southeast,187,144.41,Bronze
C00300,45,Male,Southeast,114,386.89,Silver
C00301,28,Female,West,351,440.94,Silver
C00302,31,Female,West,338,675.91,Silver
C00303,46,Male,Midwest,1583,204.34,Bronze
C00304,45,Male,Southeast,313,1465.57,Gold
C00305,37,Female,Southwest,1095,143.97,Bronze
C00306,39,Female,West,1032,302.11,Silver
C00307,53,Female,Midwest,163,305.13,Silver
C00308,30,Female,West,643,89.14,Bronze
C00309,44,Male,Southeast,678,189.18,Bronze
C00310,35,Male,Northeast,1457,282.98,Bronze
C00311,35,Female,Southeast,1546,165.85,Bronze
C00312,51,Female,Southeast,1275,2201.36,Gold
C00313,47,Female,Northeast,258,115.04,Bronze
C00314,47,Female,West,1505,707.32,Silver
C00315,53,Male,Southeast,1027,528.91,Silver
C00316,38,Female,Midwest,1359,241.66,Bronze
C00317,46,Male,Northeast,148,112.32,Bronze
C00318,34,Male,Northeast,1664,122.56,Bronze
C00319,41,Male,Southwest,967,153.52,Bronze
C00320,36,Male,West,353,49.05,Bronze
C00321,39,Male,Southwest,950,99.17,Bronze
C00322,45,Male,Southwest,188,64.44,Bronze
C00323,28,Male,Southeast,268,821.63,Gold
C00324,63,Male,Southeast,425,426.93,Silver
C00325,25,Female,Southwest,349,496.4,Silver
C00326,23,Male,Southwest,1242,415.69,Silver
C00327,51,Male,West,338,284.37,Bronze
C00328,47,Female,West,278,911.06,Gold
C00329,45,Female,West,567,141.22,Bronze
C00330,45,Female,Southeast,730,269.35,Bronze
C00331,37,Male,Midwest,1559,479.31,Silver
C00332,27,Female,West,423,74.51,Bronze
C00333,38,Male,West,681,3971.62,Gold
C00334,29,Male,Northeast,1047,251.06,Bronze
C00335,49,Male,Southeast,435,278.05,Bronze
C00336,36,Female,Northeast,1029,758.38,Silver
C00337,28,Male,Southeast,1234,557.5,Silver
C00338,34,Male,Southwest,50,253.22,Bronze
C00339,42,Male,Northeast,1728,275.1,Bronze
C00340,31,Female,Northeast,1636,63.2,Bronze
C00341,28,Female,Southeast,1647,148.29,Bronze
C00342,40,Male,West,184,389.74,Silver
C00343,40,Female,Midwest,896,364.86,Silver
C00344,31,Female,Northeast,588,734.4,Silver
C00345,32,Female,Northeast,223,219.54,Bronze
C00346,40,Male,Southeast,1277,70.21,Bronze
C00347,20,Female,Midwest,428,633.37,Silver
C00348,21,Male,Southeast,1802,891.12,Gold
C00349,29,Female,Southwest,309,549.18,Silver
C00350,35,Male,Midwest,1009,211.18,Bronze
C00351,41,Male,Northeast,1063,626.37,Silver
C00352,55,Male,West,1429,5356.25,Gold
C00353,48,Female,Southeast,501,271.41,Bronze
C00354,36,Male,West,181,75.15,Bronze
C00355,37,Female,Southeast,1669,144.36,Bronze
C00356,25,Male,Midwest,1177,429.63,Silver
C00357,37,Female,West,1750,57.72,Bronze
C00358,34,Female,Southwest,831,284.99,Bronze
C00359,41,Female,Southeast,582,344.57,Silver
C00360,28,Female,Southeast,1477,974.19,Gold
C00361,44,Female,Midwest,1576,795.66,Silver
C00362,56,Male,Southwest,759,532.79,Silver
C00363,36,Female,Southwest,542,34.94,Bronze
C00364,42,Male,Northeast,1042,560.57,Silver
C00365,46,Female,Northeast,200,461.72,Silver
C00366,33,Female,Midwest,879,308.08,Silver
C00367,40,Male,Northeast,823,51.56,Bronze
C00368,38,Male,Southeast,1618,121.62,Bronze
C00369,39,Male,Northeast,154,85.61,Bronze
C00370,28,Female,West,204,39.9,Bronze
C00371,38,Female,Southwest,533,244.05,Bronze
C00372,43,Female,Southwest,1438,119.34,Bronze
C00373,55,Female,Southeast,740,2598.72,Gold
C00374,49,Female,Midwest,1821,210.21,Bronze
C00375,63,Male,Southwest,1737,783.98,Silver
C00376,28,Male,Northeast,1624,59.61,Bronze
C00377,48,Female,West,135,151.85,Bronze
C00378,40,Female,Southeast,1690,266.99,Bronze
C00379,64,Female,Northeast,557,108.06,Bronze
C00380,28,Male,Southeast,67,167.34,Bronze
C00381,27,Male,Northeast,424,201.11,Bronze
C00382,30,Male,West,1808,198.24,Bronze
C00383,18,Male,Southeast,950,1299.33,Gold
C00384,31,Male,Southeast,506,343.92,Silver
C00385,28,Female,Northeast,1520,376.74,Silver
C00386,39,Male,Southwest,751,397.7,Silver
C00387,42,Female,Midwest,1558,424.69,Silver
C00388,60,Male,Midwest,344,227.1,Bronze
C00389,49,Female,Midwest,1338,183.34,Bronze
C00390,31,Male,Southeast,1517,284.33,Bronze
C00391,27,Male,Northeast,1733,693.06,Silver
C00392,43,Male,West,1317,674.26,Silver
C00393,22,Female,Northeast,1663,197.09,Bronze
C00394,59,Female,Northeast,1699,488.36,Silver
C00395,52,Male,West,1482,205.38,Bronze
C00396,32,Male,Northeast,394,252.27,Bronze
C00397,18,Female,Southeast,210,159.78,Bronze
C00398,54,Male,Midwest,763,207.79,Bronze
C00399,36,Male,Midwest,905,818.27,Gold
C00400,52,Female,West,1023,265.92,Bronze
C00401,18,Female,West,690,276.37,Bronze
C00402,30,Male,West,273,66.52,Bronze
C00403,38,Male,West,342,185.25,Bronze
C00404,38,Female,Southeast,105,196.92,Bronze
C00405,32,Male,Southeast,291,116.02,Bronze
C00406,45,Male,Midwest,260,249.51,Bronze
C00407,25,Female,Southeast,732,166.29,Bronze
C00408,36,Female,Southwest,1433,262.96,Bronze
C00409,39,Male,West,675,272.97,Bronze
C00410,44,Other,Northeast,1362,103.53,Bronze
C00411,46,Female,Northeast,1817,170.92,Bronze
C00412,24,Male,Northeast,1441,262.34,Bronze
C00413,19,Other,Southeast,786,710.43,Silver
C00414,53,Male,Northeast,1378,308.29,Silver
C00415,41,Male,Midwest,871,134.86,Bronze
C00416,29,Female,Southwest,908,350.41,Silver
C00417,56,Male,West,1509,1137.73,Gold
C00418,39,Male,Northeast,1565,558.38,Silver
C00419,52,Male,Southeast,1396,400.52,Silver
C00420,38,Male,Midwest,545,470.14,Silver
C00421,62,Female,West,471,894.23,Gold
C00422,59,Female,West,1602,644.24,Silver
C00423,35,Other,Southwest,612,407.52,Silver
C00424,49,Male,Midwest,291,640.2,Silver
C00425,45,Male,West,778,92.44,Bronze
C00426,54,Male,Northeast,848,63.3,Bronze
C00427,26,Male,Midwest,1031,281.85,Bronze
C00428,46,Male,Southeast,1516,260.29,Bronze
C00429,50,Female,Midwest,896,149.98,Bronze
C00430,18,Female,West,1743,514.54,Silver
C00431,23,Other,Southeast,637,45.76,Bronze
C00432,18,Male,Northeast,939,151.22,Bronze
C00433,34,Female,Northeast,1280,158.15,Bronze
C00434,46,Male,Northeast,552,56.11,Bronze
C00435,56,Male,Northeast,1242,939.42,Gold
C00436,38,Female,Northeast,1262,72.0,Bronze
C00437,57,Female,Southeast,1066,144.1,Bronze
C00438,21,Male,Southeast,191,554.01,Silver
C00439,18,Male,Southwest,1625,437.66,Silver
C00440,37,Male,Southeast,1546,90.26,Bronze
C00441,42,Female,Northeast,1488,452.25,Silver
C00442,37,Male,Midwest,34,317.6,Silver
C00443,18,Other,Southwest,231,1997.66,Gold
C00444,36,Male,West,445,351.97,Silver
C00445,22,Male,Southeast,1065,215.48,Bronze
C00446,46,Female,Midwest,977,113.2,Bronze
C00447,42,Female,West,1450,125.23,Bronze
C00448,26,Male,West,1394,116.37,Bronze
C00449,31,Female,West,781,840.49,Gold
C00450,25,Female,Southwest,979,248.68,Bronze
C00451,37,Female,Southwest,402,406.96,Silver
C00452,49,Female,Midwest,1431,956.06,Gold
C00453,26,Female,Midwest,1278,29.29,Bronze
C00454,44,Female,West,1235,773.55,Silver
C00455,31,Female,West,1350,257.2,Bronze
C00456,28,Male,Northeast,1360,361.96,Silver
C00457,36,Male,Southwest,460,116.1,Bronze
C00458,25,Male,Northeast,719,124.01,Bronze
C00459,31,Male,Midwest,147,379.92,Silver
C00460,23,Male,Southwest,1405,2092.55,Gold
C00461,61,Female,Southeast,617,603.64,Silver
C00462,38,Male,Midwest,1099,764.31,Silver
C00463,29,Male,Northeast,256,205.86,Bronze
C00464,40,Female,Southeast,1409,142.57,Bronze
C00465,36,Male,Northeast,1347,121.18,Bronze
C00466,35,Male,Southeast,1293,157.68,Bronze
C00467,45,Male,Southeast,377,38.57,Bronze
C00468,47,Male,Southwest,170,127.43,Bronze
C00469,31,Male,Southwest,233,147.77,Bronze
C00470,31,Female,Northeast,1715,208.97,Bronze
C00471,34,Female,West,1033,275.5,Bronze
C00472,18,Male,Northeast,1695,339.07,Silver
C00473,19,Male,Northeast,890,241.43,Bronze
C00474,54,Male,Northeast,874,145.0,Bronze
C00475,57,Female,Southwest,1024,41.8,Bronze
C00476,35,Male,Southwest,1322,145.8,Bronze
C00477,44,Male,Northeast,342,101.98,Bronze
C00478,41,Female,Northeast,1471,372.21,Silver
C00479,74,Male,Southeast,166,554.66,Silver
C00480,51,Male,Midwest,1681,569.47,Silver
C00481,36,Male,Midwest,380,483.6,Silver
C00482,26,Female,Southeast,1214,216.98,Bronze
C00483,18,Female,West,1720,152.97,Bronze
C00484,40,Female,Southeast,202,124.91,Bronze
C00485,28,Female,Southwest,1183,63.01,Bronze
C00486,20,Female,West,108,597.45,Silver
C00487,30,Other,Midwest,1008,209.09,Bronze
C00488,25,Female,West,598,79.7,Bronze
C00489,58,Male,West,892,116.3,Bronze
C00490,48,Female,Southeast,86,112.14,Bronze
C00491,37,Male,Southeast,1453,254.35,Bronze
C00492,55,Male,Southwest,392,639.52,Silver
C00493,38,Female,Northeast,1388,178.9,Bronze
C00494,27,Male,Northeast,163,32.22,Bronze
C00495,56,Female,Midwest,43,206.38,Bronze
C00496,44,Male,West,312,212.6,Bronze
C00497,25,Female,West,835,199.85,Bronze
C00498,35,Female,Southwest,1712,139.11,Bronze
C00499,27,Female,Midwest,1474,297.58,Bronze
C00500,21,Male,Northeast,156,259.7,Bronze
C00501,49,Male,Midwest,247,239.28,Bronze
C00502,60,Female,West,774,354.74,Silver
C00503,21,Male,Northeast,709,166.19,Bronze
C00504,44,Female,Northeast,1708,157.92,Bronze
C00505,30,Female,Northeast,1542,847.35,Gold
C00506,32,Male,Midwest,1026,404.81,Silver
C00507,30,Male,Southwest,289,515.04,Silver
C00508,27,Male,West,1271,737.67,Silver
C00509,38,Female,Southwest,1711,392.82,Silver
C00510,28,Male,Northeast,1542,564.28,Silver
C00511,41,Male,Southwest,1496,59.06,Bronze
C00512,37,Male,West,128,294.05,Bronze
C00513,35,Female,Southeast,211,207.59,Bronze
C00514,27,Male,Southwest,198,1107.56,Gold
C00515,31,Male,Southeast,262,563.9,Silver
C00516,47,Female,Southwest,985,138.74,Bronze
C00517,44,Female,Southwest,1146,342.24,Silver
C00518,26,Female,West,1682,284.55,Bronze
C00519,39,Male,Midwest,501,368.3,Silver
C00520,47,Male,Northeast,1569,97.81,Bronze
C00521,18,Female,Midwest,1138,338.33,Silver
C00522,44,Male,Southeast,708,199.27,Bronze
C00523,30,Female,West,1572,315.51,Silver
C00524,44,Female,West,410,127.49,Bronze
C00525,28,Male,Southwest,1460,144.52,Bronze
C00526,18,Female,Northeast,1285,703.77,Silver
C00527,18,Female,West,280,94.97,Bronze
C00528,38,Male,Southwest,1138,101.5,Bronze
C00529,41,Female,West,348,233.59,Bronze
C00530,27,Male,Northeast,222,122.16,Bronze
C00531,45,Male,Northeast,1688,110.33,Bronze
C00532,18,Male,Northeast,966,268.96,Bronze
C00533,37,Female,West,630,63.15,Bronze
C00534,23,Female,West,636,98.77,Bronze
C00535,30,Female,Southwest,1353,1554.15,Gold
C00536,38,Male,Southeast,1411,370.01,Silver
C00537,27,Female,Southeast,1610,124.97,Bronze
C00538,33,Male,West,794,356.52,Silver
C00539,50,Female,West,1506,407.73,Silver
C00540,31,Male,Southwest,914,598.83,Silver
C00541,48,Male,West,1020,218.23,Bronze
C00542,24,Male,Midwest,1616,589.25,Silver
C00543,44,Female,West,535,39.07,Bronze
C00544,55,Male,Southwest,94,94.57,Bronze
C00545,18,Female,Midwest,1619,283.58,Bronze
C00546,28,Male,Northeast,251,329.2,Silver
C00547,44,Male,Northeast,495,107.7,Bronze
C00548,35,Male,Northeast,101,309.04,Silver
C00549,42,Female,West,917,139.57,Bronze
C00550,30,Female,Northeast,503,190.71,Bronze
C00551,39,Male,Southeast,1733,615.41,Silver
C00552,36,Male,Southeast,1751,554.49,Silver
C00553,52,Male,Midwest,684,99.75,Bronze
C00554,41,Female,Southeast,48,94.49,Bronze
C00555,42,Male,West,551,169.01,Bronze
C00556,33,Female,Northeast,813,238.87,Bronze
C00557,32,Female,Northeast,1736,135.35,Bronze
C00558,32,Male,Midwest,444,624.27,Silver
C00559,42,Female,Southeast,393,334.5,Silver
C00560,32,Female,Southeast,557,352.65,Silver
C00561,41,Female,Northeast,1133,78.27,Bronze
C00562,62,Male,Southwest,825,699.64,Silver
C00563,48,Male,West,1243,19.33,Bronze
C00564,34,Male,Northeast,1201,518.35,Silver
C00565,52,Male,Northeast,1728,567.3,Silver
C00566,33,Male,Southwest,472,165.81,Bronze
C00567,18,Male,West,294,769.41,Silver
C00568,25,Female,Southeast,679,231.18,Bronze
C00569,18,Male,West,538,258.83,Bronze
C00570,33,Male,West,1354,332.15,Silver
C00571,38,Male,West,495,4306.66,Gold
C00572,58,Female,Midwest,394,820.56,Gold
C00573,41,Female,Midwest,1452,459.9,Silver
C00574,35,Female,Northeast,522,107.61,Bronze
C00575,47,Male,Southwest,571,278.45,Bronze
C00576,18,Other,West,1533,117.71,Bronze
C00577,40,Male,Northeast,1221,512.81,Silver
C00578,47,Male,Southwest,1656,277.67,Bronze
C00579,20,Male,Southwest,1144,88.94,Bronze
C00580,51,Male,Southwest,752,263.23,Bronze
C00581,42,Male,Southwest,871,113.92,Bronze
C00582,33,Female,Southwest,329,280.37,Bronze
C00583,45,Female,Southeast,203,112.94,Bronze
C00584,65,Male,West,675,250.82,Bronze
C00585,40,Female,West,1426,480.79,Silver
C00586,40,Male,Southeast,53,233.28,Bronze
C00587,32,Male,Northeast,1254,172.12,Bronze
C00588,27,Female,Southwest,760,293.81,Bronze
C00589,47,Female,Southeast,36,458.27,Silver
C00590,27,Male,Southwest,1059,90.34,Bronze
C00591,38,Male,Northeast,1683,309.39,Silver
C00592,32,Female,Northeast,1214,800.94,Gold
C00593,43,Female,Midwest,1650,410.05,Silver
C00594,42,Female,Southeast,907,257.75,Bronze
C00595,50,Male,West,1301,435.18,Silver
C00596,31,Male,Midwest,195,367.69,Silver
C00597,34,Male,Northeast,457,482.14,Silver
C00598,26,Male,Northeast,174,39.59,Bronze
C00599,32,Female,Southeast,1564,60.45,Bronze
C00600,42,Male,Northeast,1596,604.47,Silver
C00601,47,Male,West,962,63.13,Bronze
C00602,26,Female,Southeast,538,351.21,Silver
C00603,48,Female,Northeast,936,178.24,Bronze
C00604,54,Male,Midwest,1273,99.83,Bronze
C00605,42,Female,Northeast,674,335.19,Silver
C00606,60,Female,Northeast,1629,293.22,Bronze
C00607,28,Female,Southeast,105,1634.85,Gold
C00608,23,Male,Southwest,1696,139.44,Bronze
C00609,18,Female,Southwest,853,894.35,Gold
C00610,55,Female,West,1372,336.02,Silver
C00611,45,Male,Southeast,1091,134.97,Bronze
C00612,37,Male,Southeast,595,502.36,Silver
C00613,41,Female,Midwest,1695,407.14,Silver
C00614,24,Male,West,1783,252.71,Bronze
C00615,67,Female,Southwest,1567,310.96,Silver
C00616,39,Male,Northeast,1299,142.98,Bronze
C00617,39,Male,Northeast,1193,116.37,Bronze
C00618,46,Male,West,1311,484.68,Silver
C00619,43,Female,West,646,200.03,Bronze
C00620,40,Male,West,410,227.68,Bronze
C00621,28,Female,West,877,314.77,Silver
C00622,43,Female,Southwest,1531,310.68,Silver
C00623,60,Female,Midwest,1238,67.6,Bronze
C00624,54,Female,Southwest,332,778.7,Silver
C00625,57,Female,Southwest,1547,272.89,Bronze
C00626,31,Male,West,785,203.9,Bronze
C00627,26,Female,Southeast,193,360.6,Silver
C00628,36,Female,Northeast,1697,302.74,Silver
C00629,38,Male,Midwest,1256,488.02,Silver
C00630,51,Male,Midwest,1461,397.1,Silver
C00631,18,Female,Southwest,1263,466.88,Silver
C00632,56,Male,Northeast,130,825.42,Gold
C00633,36,Female,Southeast,1499,542.0,Silver
C00634,32,Male,West,927,211.78,Bronze
C00635,25,Male,Northeast,812,89.07,Bronze
C00636,18,Female,Southeast,1614,1097.75,Gold
C00637,47,Male,Southeast,397,197.56,Bronze
C00638,38,Male,West,1292,159.84,Bronze
C00639,22,Female,Northeast,756,51.26,Bronze
C00640,22,Male,Southwest,1344,331.83,Silver
C00641,33,Female,Midwest,401,279.78,Bronze
C00642,58,Female,Southwest,891,62.58,Bronze
C00643,34,Female,Midwest,1484,367.95,Silver
C00644,19,Male,Southeast,309,156.28,Bronze
C00645,35,Male,Northeast,1520,2755.31,Gold
C00646,34,Female,Northeast,345,146.58,Bronze
C00647,18,Female,Midwest,1130,165.39,Bronze
C00648,37,Female,Northeast,845,111.35,Bronze
C00649,35,Female,Southeast,180,772.85,Silver
C00650,46,Male,Midwest,1449,174.95,Bronze
C00651,60,Male,Southeast,1038,127.43,Bronze
C00652,51,Male,Northeast,1549,462.32,Silver
C00653,34,Male,West,1350,70.65,Bronze
C00654,24,Male,Southwest,698,429.49,Silver
C00655,68,Female,Northeast,1763,1215.92,Gold
C00656,38,Male,Northeast,436,407.46,Silver
C00657,38,Male,Southwest,316,434.46,Silver
C00658,37,Male,Northeast,1546,535.42,Silver
C00659,40,Female,Southwest,946,1139.95,Gold
C00660,36,Female,Northeast,1589,726.98,Silver
C00661,31,Female,Southwest,1509,363.47,Silver
C00662,31,Female,Southeast,521,551.97,Silver
C00663,37,Male,Southwest,1062,110.24,Bronze
C00664,31,Female,Southeast,1185,492.09,Silver
C00665,29,Male,West,1130,98.99,Bronze
C00666,39,Male,Northeast,767,175.86,Bronze
C00667,34,Female,Southeast,160,15.27,Bronze
C00668,56,Female,West,1026,351.18,Silver
C00669,18,Male,Midwest,1465,137.07,Bronze
C00670,51,Male,Southwest,1143,665.16,Silver
C00671,52,Female,Midwest,527,347.64,Silver
C00672,18,Male,Southwest,1682,672.96,Silver
C00673,33,Male,Midwest,651,92.27,Bronze
C00674,33,Male,Southwest,918,623.0,Silver
C00675,21,Male,Southwest,383,1628.27,Gold
C00676,28,Female,Southeast,300,486.75,Silver
C00677,24,Male,Southwest,1445,498.36,Silver
C00678,59,Male,West,461,285.04,Bronze
C00679,49,Female,Northeast,768,152.6,Bronze
C00680,53,Female,West,501,485.45,Silver
C00681,46,Male,Northeast,1809,63.09,Bronze
C00682,24,Male,West,1361,168.01,Bronze
C00683,31,Male,Northeast,537,49.7,Bronze
C00684,43,Female,Northeast,84,129.89,Bronze
C00685,23,Female,Southeast,66,436.09,Silver
C00686,46,Female,Midwest,929,385.62,Silver
C00687,35,Female,Southwest,84,256.17,Bronze
C00688,33,Female,Southwest,553,285.25,Bronze
C00689,46,Female,Midwest,944,44.82,Bronze
C00690,43,Female,Northeast,492,174.98,Bronze
C00691,33,Male,West,726,132.53,Bronze
C00692,51,Other,Midwest,1531,135.21,Bronze
C00693,25,Male,Midwest,1802,419.73,Silver
C00694,45,Male,Southeast,745,112.79,Bronze
C00695,45,Female,Midwest,1264,141.99,Bronze
C00696,34,Male,Southeast,1279,37.4,Bronze
C00697,41,Female,West,1060,187.78,Bronze
C00698,22,Female,Midwest,761,91.92,Bronze
C00699,49,Male,Southwest,1593,262.77,Bronze
C00700,35,Female,Midwest,1018,103.96,Bronze
C00701,31,Male,Southeast,241,268.83,Bronze
C00702,50,Male,Southwest,1242,214.82,Bronze
C00703,29,Female,Midwest,1128,1101.95,Gold
C00704,21,Female,Northeast,783,382.79,Silver
C00705,19,Female,West,1167,46.73,Bronze
C00706,45,Male,Southeast,1732,78.38,Bronze
C00707,22,Female,West,1671,257.16,Bronze
C00708,59,Male,Midwest,1204,105.97,Bronze
C00709,18,Female,West,465,16.92,Bronze
C00710,58,Male,Northeast,113,824.35,Gold
C00711,40,Female,Southeast,1265,467.88,Silver
C00712,36,Male,Southwest,808,391.07,Silver
C00713,31,Male,West,863,141.66,Bronze
C00714,42,Female,Northeast,490,359.57,Silver
C00715,37,Female,Southeast,206,129.81,Bronze
C00716,51,Female,Southeast,341,294.23,Bronze
C00717,39,Female,West,1747,106.86,Bronze
C00718,39,Female,West,1212,957.82,Gold
C00719,33,Female,West,1754,59.55,Bronze
C00720,37,Male,Midwest,215,741.78,Silver
C00721,41,Female,West,1524,253.41,Bronze
C00722,18,Male,Midwest,1362,157.51,Bronze
C00723,21,Female,Northeast,275,284.38,Bronze
C00724,46,Female,Midwest,1046,473.43,Silver
C00725,40,Female,Southwest,413,837.21,Gold
C00726,35,Female,West,1095,324.35,Silver
C00727,38,Female,Midwest,314,109.77,Bronze
C00728,42,Female,West,1009,257.25,Bronze
C00729,31,Male,Southwest,1017,1255.28,Gold
C00730,28,Female,Midwest,329,822.96,Gold
C00731,40,Male,Southeast,930,554.4,Silver
C00732,26,Female,Southwest,1489,500.76,Silver
C00733,42,Male,Southwest,1422,459.21,Silver
C00734,18,Male,Southeast,903,694.28,Silver
C00735,50,Male,Midwest,515,162.23,Bronze
C00736,43,Male,Southeast,465,72.27,Bronze
C00737,41,Female,Northeast,835,260.37,Bronze
C00738,49,Male,Southwest,1481,117.23,Bronze
C00739,57,Female,Southeast,210,94.68,Bronze
C00740,50,Male,Southwest,912,127.96,Bronze
C00741,18,Female,Northeast,906,2291.09,Gold
C00742,22,Female,Midwest,723,276.58,Bronze
C00743,30,Female,Northeast,369,338.9,Silver
C00744,38,Female,West,520,81.44,Bronze
C00745,44,Male,Midwest,524,46.55,Bronze
C00746,29,Female,West,759,117.08,Bronze
C00747,40,Male,Northeast,1216,892.81,Gold
C00748,28,Female,Northeast,1611,330.58,Silver
C00749,30,Female,Northeast,485,419.36,Silver
C00750,21,Male,Southeast,1145,475.66,Silver
C00751,26,Female,West,134,143.71,Bronze
C00752,21,Female,Midwest,748,853.35,Gold
C00753,26,Male,West,468,138.45,Bronze
C00754,50,Male,Midwest,1551,867.49,Gold
C00755,26,Male,Southeast,1381,364.33,Silver
C00756,69,Female,Southeast,680,48.9,Bronze
C00757,43,Female,Northeast,1594,124.81,Bronze
C00758,40,Male,West,538,49.09,Bronze
C00759,27,Male,West,280,697.12,Silver
C00760,46,Female,Northeast,994,239.3,Bronze
C00761,31,Female,Northeast,1244,32.93,Bronze
C00762,39,Male,Southwest,76,343.15,Silver
C00763,68,Male,West,908,150.89,Bronze
C00764,36,Female,West,1304,64.37,Bronze
C00765,51,Male,Southeast,1047,1107.84,Gold
C00766,29,Male,Southeast,804,269.5,Bronze
C00767,37,Female,Southwest,914,187.9,Bronze
C00768,59,Female,West,93,170.8,Bronze
C00769,30,Male,Southeast,349,62.68,Bronze
C00770,59,Male,West,889,75.63,Bronze
C00771,46,Male,West,809,777.77,Silver
C00772,31,Male,Southeast,1577,159.73,Bronze
C00773,45,Female,Midwest,1345,249.6,Bronze
C00774,49,Male,Northeast,58,38.87,Bronze
C00775,45,Female,Northeast,1704,74.72,Bronze
C00776,19,Female,West,466,423.62,Silver
C00777,29,Male,Southeast,1650,343.76,Silver
C00778,35,Male,West,1639,1185.64,Gold
C00779,37,Female,Southwest,792,819.47,Gold
C00780,45,Female,Northeast,765,198.81,Bronze
C00781,40,Female,Midwest,1100,374.52,Silver
C00782,21,Male,West,1470,184.02,Bronze
C00783,42,Female,West,1646,1555.15,Gold
C00784,45,Female,West,480,688.22,Silver
C00785,44,Female,Southeast,662,285.06,Bronze
C00786,50,Male,Midwest,1608,293.05,Bronze
C00787,48,Female,Midwest,1711,898.18,Gold
C00788,43,Female,Southwest,1127,412.25,Silver
C00789,37,Male,Southeast,1106,995.02,Gold
C00790,18,Female,Southwest,262,33.98,Bronze
C00791,43,Male,Southeast,229,370.59,Silver
C00792,40,Male,Southwest,703,153.87,Bronze
C00793,41,Male,West,578,1188.85,Gold
C00794,22,Female,Midwest,966,984.13,Gold
C00795,25,Male,West,126,252.03,Bronze
C00796,50,Male,Southeast,78,974.64,Gold
C00797,37,Female,Southeast,925,1217.8,Gold
C00798,46,Male,Northeast,551,261.64,Bronze
C00799,38,Female,Northeast,69,2263.66,Gold
C00800,38,Female,Southeast,943,237.89,Bronze
C00801,49,Female,West,1206,201.73,Bronze
C00802,31,Female,West,1159,533.41,Silver
C00803,39,Female,Northeast,582,177.97,Bronze
C00804,32,Male,Southwest,705,264.23,Bronze
C00805,32,Female,West,799,870.0,Gold
C00806,34,Male,Southwest,240,248.96,Bronze
C00807,40,Female,West,1255,53.22,Bronze
C00808,32,Male,Northeast,462,340.56,Silver
C00809,53,Female,Midwest,736,130.76,Bronze
C00810,27,Female,West,594,533.12,Silver
C00811,35,Female,Northeast,176,457.86,Silver
C00812,32,Male,Northeast,1552,919.9,Gold
C00813,55,Male,Northeast,311,553.79,Silver
C00814,40,Female,Southeast,1363,652.77,Silver
C00815,50,Female,Midwest,784,134.0,Bronze
C00816,20,Male,Midwest,1104,504.51,Silver
C00817,41,Female,Northeast,524,1438.86,Gold
C00818,48,Female,West,438,131.66,Bronze
C00819,38,Male,Midwest,1679,1236.16,Gold
C00820,50,Female,Southeast,302,149.24,Bronze
C00821,31,Female,Northeast,487,113.66,Bronze
C00822,54,Male,Northeast,1173,319.44,Silver
C00823,65,Male,Southeast,1754,466.06,Silver
C00824,33,Female,Northeast,75,555.89,Silver
C00825,32,Female,Southeast,1296,102.97,Bronze
C00826,55,Male,West,340,361.8,Silver
C00827,56,Female,Midwest,591,132.03,Bronze
C00828,31,Female,Southeast,360,64.07,Bronze
C00829,32,Female,Southeast,40,106.07,Bronze
C00830,34,Male,West,937,124.49,Bronze
C00831,21,Female,Southwest,1477,391.28,Silver
C00832,26,Male,West,1101,690.21,Silver
C00833,25,Male,Midwest,1430,64.98,Bronze
C00834,28,Male,Southeast,1621,335.88,Silver
C00835,37,Female,Southeast,37,84.86,Bronze
C00836,40,Female,Southwest,1013,431.03,Silver
C00837,56,Male,Northeast,1579,139.71,Bronze
C00838,26,Female,Southwest,1780,94.99,Bronze
C00839,49,Male,West,1423,502.55,Silver
C00840,35,Male,West,1493,144.28,Bronze
C00841,37,Other,Northeast,1810,184.13,Bronze
C00842,46,Female,West,595,33.18,Bronze
C00843,24,Male,Midwest,1537,573.58,Silver
C00844,42,Female,Northeast,302,512.25,Silver
C00845,39,Male,Southeast,970,245.9,Bronze
C00846,43,Male,Southwest,930,61.88,Bronze
C00847,41,Female,Midwest,160,726.64,Silver
C00848,67,Female,Southeast,1574,134.34,Bronze
C00849,30,Male,Northeast,753,162.71,Bronze
C00850,31,Female,West,663,1960.27,Gold
C00851,30,Female,West,143,129.9,Bronze
C00852,31,Male,West,561,477.23,Silver
C00853,30,Female,Midwest,1552,405.81,Silver
C00854,52,Female,Midwest,1392,347.64,Silver
C00855,55,Female,Midwest,1074,315.39,Silver
C00856,31,Female,Southeast,1773,343.35,Silver
C00857,28,Female,Southwest,62,312.54,Silver
C00858,43,Male,Midwest,162,233.52,Bronze
C00859,31,Female,Southeast,949,953.51,Gold
C00860,45,Female,Midwest,1756,75.08,Bronze
C00861,40,Male,West,1004,613.58,Silver
C00862,19,Female,Northeast,55,512.91,Silver
C00863,56,Female,Southeast,1417,458.77,Silver
C00864,59,Female,West,630,668.66,Silver
C00865,30,Male,Southeast,1145,225.13,Bronze
C00866,33,Male,West,574,45.51,Bronze
C00867,41,Female,Northeast,1291,229.28,Bronze
C00868,42,Male,West,47,100.28,Bronze
C00869,45,Female,Northeast,1327,126.64,Bronze
C00870,62,Male,Northeast,963,79.98,Bronze
C00871,35,Male,Southwest,318,159.24,Bronze
C00872,28,Male,Midwest,1080,143.03,Bronze
C00873,21,Male,Southeast,846,28.79,Bronze
C00874,29,Female,Southeast,1487,459.53,Silver
C00875,37,Male,West,137,1804.95,Gold
C00876,59,Male,Midwest,1002,422.26,Silver
C00877,31,Male,Southwest,977,203.85,Bronze
C00878,40,Female,Southwest,767,232.93,Bronze
C00879,37,Male,West,353,167.52,Bronze
C00880,52,Female,Midwest,896,265.35,Bronze
C00881,68,Female,Midwest,1584,236.68,Bronze
C00882,31,Female,West,764,114.78,Bronze
C00883,32,Female,Northeast,822,1112.76,Gold
C00884,50,Female,Southeast,1157,64.17,Bronze
C00885,46,Female,Northeast,1385,467.08,Silver
C00886,60,Male,Northeast,1415,223.39,Bronze
C00887,45,Male,Northeast,318,1353.91,Gold
C00888,33,Male,Midwest,1497,332.55,Silver
C00889,45,Female,West,1090,176.99,Bronze
C00890,51,Other,Midwest,1401,195.79,Bronze
C00891,47,Female,Southeast,921,253.64,Bronze
C00892,44,Male,Northeast,1809,87.49,Bronze
C00893,50,Female,Midwest,72,122.71,Bronze
C00894,52,Male,Southeast,1179,49.08,Bronze
C00895,54,Male,West,38,106.63,Bronze
C00896,45,Male,Southwest,1579,266.27,Bronze
C00897,35,Male,Northeast,1184,320.59,Silver
C00898,39,Female,Northeast,1378,41.21,Bronze
C00899,52,Male,Midwest,213,216.27,Bronze
C00900,28,Male,Southwest,1335,406.29,Silver
C00901,42,Female,West,924,211.32,Bronze
C00902,33,Female,Southwest,1106,138.32,Bronze
C00903,38,Female,Southeast,1606,168.86,Bronze
C00904,53,Male,Southwest,899,150.4,Bronze
C00905,40,Female,Northeast,562,137.96,Bronze
C00906,38,Female,Northeast,1430,286.13,Bronze
C00907,21,Male,Southwest,1348,1952.6,Gold
C00908,46,Female,Southwest,1261,125.29,Bronze
C00909,45,Male,Northeast,1029,183.77,Bronze
C00910,63,Male,Northeast,692,233.57,Bronze
C00911,34,Female,Northeast,1530,131.81,Bronze
C00912,40,Female,Northeast,983,657.48,Silver
C00913,40,Male,Northeast,98,28.97,Bronze
C00914,56,Female,Southwest,1490,151.72,Bronze
C00915,36,Female,West,330,511.06,Silver
C00916,41,Female,West,56,187.79,Bronze
C00917,45,Male,West,1681,116.89,Bronze
C00918,40,Female,Midwest,959,363.83,Silver
C00919,32,Male,West,683,553.19,Silver
C00920,40,Female,Midwest,582,295.77,Bronze
C00921,50,Male,Southeast,135,118.97,Bronze
C00922,25,Male,Midwest,615,368.92,Silver
C00923,39,Female,Midwest,601,170.4,Bronze
C00924,29,Male,West,839,478.51,Silver
C00925,52,Male,Southwest,663,929.77,Gold
C00926,19,Male,Southeast,1768,23.45,Bronze
C00927,31,Female,West,1064,270.42,Bronze
C00928,42,Male,Northeast,960,51.31,Bronze
C00929,56,Female,West,688,2203.08,Gold
C00930,37,Male,Southeast,1269,160.56,Bronze
C00931,31,Male,Northeast,915,479.02,Silver
C00932,60,Male,Southeast,350,237.04,Bronze
C00933,20,Female,West,489,118.77,Bronze
C00934,18,Male,Northeast,1579,106.71,Bronze
C00935,43,Male,Southwest,608,1019.54,Gold
C00936,31,Female,Northeast,1745,578.45,Silver
C00937,25,Female,Southwest,906,1407.01,Gold
C00938,46,Male,West,783,257.21,Bronze
C00939,40,Male,Southeast,189,317.07,Silver
C00940,31,Female,Southeast,493,192.39,Bronze
C00941,22,Male,West,1027,188.98,Bronze
C00942,48,Male,West,1575,95.8,Bronze
C00943,45,Female,West,1689,263.91,Bronze
C00944,36,Female,Southeast,1326,120.26,Bronze
C00945,60,Female,Midwest,270,364.21,Silver
C00946,25,Male,Southwest,965,285.15,Bronze
C00947,19,Male,Northeast,993,317.0,Silver
C00948,29,Female,Southeast,988,1105.02,Gold
C00949,37,Male,Southeast,1708,236.52,Bronze
C00950,40,Female,West,894,483.5,Silver
C00951,35,Female,West,1220,1550.54,Gold
C00952,42,Male,Southeast,1622,793.1,Silver
C00953,22,Female,Northeast,679,690.8,Silver
C00954,55,Female,Northeast,356,185.67,Bronze
C00955,37,Female,Midwest,894,300.87,Silver
C00956,51,Male,Southeast,558,74.71,Bronze
C00957,42,Male,Southwest,1326,383.38,Silver
C00958,43,Female,Midwest,908,313.25,Silver
C00959,44,Male,Southeast,1429,249.9,Bronze
C00960,43,Other,Southwest,1428,616.76,Silver
C00961,45,Male,Midwest,363,82.52,Bronze
C00962,53,Female,Midwest,1056,1065.69,Gold
C00963,40,Male,Northeast,1296,550.92,Silver
C00964,46,Female,Southeast,1673,229.62,Bronze
C00965,36,Male,Southwest,1104,214.04,Bronze
C00966,55,Male,Midwest,911,377.11,Silver
C00967,29,Male,Southeast,379,961.76,Gold
C00968,59,Female,West,203,268.12,Bronze
C00969,37,Male,Southwest,145,278.56,Bronze
C00970,20,Female,Southeast,1748,248.71,Bronze
C00971,39,Female,Midwest,390,1216.61,Gold
C00972,29,Male,Southwest,1408,175.56,Bronze
C00973,48,Female,Northeast,1719,238.28,Bronze
C00974,30,Male,West,1812,913.33,Gold
C00975,32,Female,West,105,279.31,Bronze
C00976,18,Female,West,785,680.86,Silver
C00977,32,Male,Southeast,1134,107.75,Bronze
C00978,18,Male,Southeast,1282,203.41,Bronze
C00979,18,Male,West,101,930.75,Gold
C00980,47,Other,Northeast,1456,133.13,Bronze
C00981,47,Male,Southeast,1271,213.54,Bronze
C00982,43,Female,Northeast,481,308.28,Silver
C00983,26,Male,Northeast,940,100.46,Bronze
C00984,37,Female,Southwest,1808,168.61,Bronze
C00985,37,Male,Midwest,396,270.8,Bronze
C00986,24,Female,Southwest,855,255.19,Bronze
C00987,56,Female,Northeast,1643,774.58,Silver
C00988,48,Female,Midwest,699,979.76,Gold
C00989,35,Male,Northeast,1613,113.24,Bronze
C00990,38,Male,West,1365,270.46,Bronze
C00991,40,Male,West,1351,448.91,Silver
C00992,18,Female,Northeast,1077,957.87,Gold
C00993,35,Male,Southwest,139,467.15,Silver
C00994,29,Female,Northeast,81,317.93,Silver
C00995,25,Male,West,1343,445.81,Silver
C00996,34,Female,Southwest,1497,448.72,Silver
C00997,59,Female,Southwest,496,106.17,Bronze
C00998,45,Female,Southwest,1312,291.06,Bronze
C00999,31,Male,Southeast,1377,909.82,Gold
C01000,44,Male,Northeast,1704,203.04,Bronze
C01001,54,Male,Northeast,847,274.93,Bronze
C01002,49,Male,Midwest,1391,196.71,Bronze
C01003,38,Female,West,816,30.49,Bronze
C01004,30,Female,Northeast,585,249.27,Bronze
C01005,46,Female,West,958,321.06,Silver
C01006,42,Male,Southeast,1475,154.28,Bronze
C01007,48,Female,Southeast,288,86.56,Bronze
C01008,45,Female,West,1678,110.77,Bronze
C01009,50,Female,Midwest,1792,486.76,Silver
C01010,31,Male,West,94,1444.14,Gold
C01011,53,Male,Northeast,192,849.11,Gold
C01012,40,Male,West,1217,72.97,Bronze
C01013,62,Female,Northeast,1731,528.04,Silver
C01014,29,Female,Northeast,68,134.71,Bronze
C01015,58,Male,West,694,144.89,Bronze
C01016,40,Male,Southwest,349,161.45,Bronze
C01017,30,Female,Southeast,389,461.95,Silver
C01018,32,Female,Southeast,298,580.17,Silver
C01019,34,Male,Midwest,353,224.03,Bronze
C01020,43,Female,Northeast,355,227.47,Bronze
C01021,44,Other,West,1640,371.61,Silver
C01022,31,Female,West,286,407.97,Silver
C01023,37,Male,Northeast,229,705.29,Silver
C01024,63,Female,Midwest,1491,77.02,Bronze
C01025,58,Female,West,639,249.14,Bronze
C01026,43,Male,Southeast,1157,93.58,Bronze
C01027,38,Female,West,1425,233.73,Bronze
C01028,39,Female,Northeast,934,199.63,Bronze
C01029,45,Female,West,193,234.61,Bronze
C01030,25,Male,Northeast,1166,119.13,Bronze
C01031,34,Female,West,644,64.16,Bronze
C01032,18,Female,Southeast,1602,37.15,Bronze
C01033,42,Male,Southeast,135,217.44,Bronze
C01034,45,Female,West,728,166.02,Bronze
C01035,32,Female,Northeast,393,133.17,Bronze
C01036,56,Female,Southeast,1074,804.56,Gold
C01037,23,Male,Southeast,689,112.9,Bronze
C01038,20,Female,Southeast,1182,875.81,Gold
C01039,40,Male,Southwest,1536,1055.17,Gold
C01040,50,Male,West,728,42.27,Bronze
C01041,58,Female,Northeast,1252,265.91,Bronze
C01042,32,Male,West,776,170.76,Bronze
C01043,50,Female,Midwest,1673,17.8,Bronze
C01044,37,Male,Southwest,1574,66.67,Bronze
C01045,35,Male,Southeast,990,491.49,Silver
C01046,48,Male,Midwest,1473,1506.1,Gold
C01047,45,Other,Midwest,1279,551.37,Silver
C01048,19,Female,Midwest,959,327.43,Silver
C01049,55,Female,Midwest,238,240.04,Bronze
C01050,54,Male,Northeast,1298,1112.54,Gold
C01051,30,Male,West,1341,1691.57,Gold
C01052,42,Other,Midwest,1119,144.29,Bronze
C01053,43,Male,Southwest,1206,40.45,Bronze
C01054,41,Male,Southeast,520,37.03,Bronze
C01055,31,Female,West,1488,804.08,Gold
C01056,29,Male,Southwest,732,234.54,Bronze
C01057,37,Female,West,1271,288.56,Bronze
C01058,52,Female,Southwest,1482,48.83,Bronze
C01059,44,Male,West,531,124.23,Bronze
C01060,33,Male,Southeast,695,187.55,Bronze
C01061,47,Male,West,1647,295.02,Bronze
C01062,18,Female,Northeast,250,170.93,Bronze
C01063,51,Female,Midwest,464,96.2,Bronze
C01064,18,Male,Southeast,309,120.77,Bronze
C01065,33,Male,West,1676,725.96,Silver
C01066,24,Female,Midwest,1145,305.0,Silver
C01067,22,Female,Southeast,553,424.51,Silver
C01068,51,Male,Southeast,1192,108.96,Bronze
C01069,32,Male,Southwest,696,17.14,Bronze
C01070,42,Male,Northeast,1076,152.81,Bronze
C01071,37,Female,Northeast,1470,112.18,Bronze
C01072,43,Other,Northeast,761,334.99,Silver
C01073,38,Male,Southwest,377,4708.63,Gold
C01074,22,Female,Southwest,1290,457.44,Silver
C01075,49,Male,West,794,2870.85,Gold
C01076,32,Male,Southwest,963,408.26,Silver
C01077,19,Male,Northeast,212,138.81,Bronze
C01078,32,Female,Southwest,537,334.66,Silver
C01079,56,Female,Northeast,227,1215.09,Gold
C01080,48,Female,Northeast,1735,1269.79,Gold
C01081,33,Male,Northeast,1176,145.79,Bronze
C01082,33,Male,Midwest,1599,307.31,Silver
C01083,34,Male,West,410,67.6,Bronze
C01084,62,Female,Southeast,854,513.99,Silver
C01085,42,Male,Southwest,1568,990.31,Gold
C01086,43,Female,Midwest,1059,253.62,Bronze
C01087,50,Male,Northeast,1357,134.2,Bronze
C01088,40,Male,Midwest,1667,338.36,Silver
C01089,34,Male,West,221,356.28,Silver
C01090,35,Male,West,1429,263.23,Bronze
C01091,37,Male,Midwest,554,287.39,Bronze
C01092,37,Male,Midwest,1089,209.26,Bronze
C01093,46,Female,Southeast,1123,599.66,Silver
C01094,38,Female,West,318,474.66,Silver
C01095,46,Male,Southwest,134,101.01,Bronze
C01096,37,Male,Northeast,1769,98.54,Bronze
C01097,38,Male,Southwest,342,194.62,Bronze
C01098,18,Male,Midwest,1108,474.92,Silver
C01099,48,Male,Southeast,1160,279.57,Bronze
C01100,42,Female,Southwest,1706,137.16,Bronze
C01101,49,Male,Midwest,1790,309.63,Silver
C01102,18,Male,Southeast,336,181.68,Bronze
C01103,63,Male,Northeast,850,540.47,Silver
C01104,36,Male,Southeast,65,330.22,Silver
C01105,51,Female,West,1186,184.24,Bronze
C01106,25,Male,West,916,301.38,Silver
C01107,45,Male,Southwest,1078,799.15,Silver
C01108,25,Female,Southeast,1090,146.55,Bronze
C01109,30,Male,Northeast,1072,351.56,Silver
C01110,60,Female,Northeast,64,229.66,Bronze
C01111,35,Female,Midwest,1416,359.35,Silver
C01112,40,Male,Southwest,1471,135.76,Bronze
C01113,48,Female,West,1483,270.24,Bronze
C01114,43,Male,Southeast,1571,663.18,Silver
C01115,39,Female,Southwest,496,105.29,Bronze
C01116,42,Male,West,926,73.96,Bronze
C01117,66,Male,Northeast,228,76.53,Bronze
C01118,37,Female,West,1599,85.32,Bronze
C01119,40,Female,Southeast,1621,418.13,Silver
C01120,50,Other,Northeast,797,69.04,Bronze
C01121,51,Female,Southeast,1264,187.15,Bronze
C01122,52,Male,Midwest,1662,426.86,Silver
C01123,45,Male,Midwest,1554,356.02,Silver
C01124,24,Male,Southeast,270,172.95,Bronze
C01125,57,Male,Northeast,1223,290.57,Bronze
C01126,24,Male,West,323,269.46,Bronze
C01127,41,Female,Southwest,951,199.97,Bronze
C01128,28,Male,West,1792,202.4,Bronze
C01129,37,Male,Southeast,1368,1829.66,Gold
C01130,41,Male,Southeast,1180,506.93,Silver
C01131,41,Female,Northeast,497,2281.49,Gold
C01132,43,Female,Northeast,396,156.45,Bronze
C01133,57,Female,Midwest,1074,226.68,Bronze
C01134,43,Male,West,345,73.78,Bronze
C01135,35,Female,West,787,118.08,Bronze
C01136,49,Male,West,1143,1355.22,Gold
C01137,52,Female,Southeast,1457,152.96,Bronze
C01138,23,Female,Southeast,1571,1376.57,Gold
C01139,45,Male,West,480,79.92,Bronze
C01140,46,Female,Southeast,807,94.81,Bronze
C01141,34,Female,Northeast,937,179.99,Bronze
C01142,54,Male,Southeast,1662,231.05,Bronze
C01143,36,Female,Southeast,1203,561.59,Silver
C01144,39,Male,Northeast,475,367.12,Silver
C01145,35,Male,West,986,168.23,Bronze
C01146,38,Male,Southwest,109,217.03,Bronze
C01147,24,Male,Northeast,1070,183.62,Bronze
C01148,20,Female,Northeast,167,107.43,Bronze
C01149,57,Male,West,681,110.04,Bronze
C01150,27,Female,Northeast,880,617.14,Silver
C01151,26,Male,Southeast,1561,47.21,Bronze
C01152,18,Female,Northeast,581,1049.03,Gold
C01153,30,Female,Southeast,1733,179.7,Bronze
C01154,22,Female,West,103,122.09,Bronze
C01155,57,Male,West,1127,476.17,Silver
C01156,50,Male,Northeast,79,931.41,Gold
C01157,29,Male,Southeast,1063,669.06,Silver
C01158,65,Female,Northeast,1156,384.39,Silver
C01159,49,Female,Northeast,417,650.78,Silver
C01160,34,Male,Southwest,414,52.2,Bronze
C01161,18,Male,West,328,152.99,Bronze
C01162,65,Female,Midwest,368,107.76,Bronze
C01163,21,Male,West,1442,736.7,Silver
C01164,18,Female,West,503,173.27,Bronze
C01165,50,Female,West,645,523.67,Silver
C01166,67,Female,Northeast,991,396.34,Silver
C01167,54,Male,Northeast,821,112.61,Bronze
C01168,44,Male,West,1195,144.28,Bronze
C01169,45,Female,Southeast,1223,784.02,Silver
C01170,48,Female,Southwest,42,121.76,Bronze
C01171,47,Male,West,1722,273.8,Bronze
C01172,41,Male,Southwest,478,120.99,Bronze
C01173,39,Female,Northeast,203,184.46,Bronze
C01174,37,Female,Southwest,1727,234.73,Bronze
C01175,28,Female,Southeast,1185,120.96,Bronze
C01176,34,Other,Southwest,1593,103.09,Bronze
C01177,18,Male,Northeast,624,316.6,Silver
C01178,36,Male,Midwest,961,114.4,Bronze
C01179,26,Female,West,298,117.97,Bronze
C01180,24,Female,Midwest,1304,105.09,Bronze
C01181,40,Male,Midwest,1423,228.12,Bronze
C01182,54,Male,Southwest,647,572.11,Silver
C01183,49,Female,Midwest,802,949.44,Gold
C01184,19,Male,West,894,127.32,Bronze
C01185,26,Male,Northeast,555,1694.73,Gold
C01186,49,Female,West,1645,99.06,Bronze
C01187,26,Female,West,917,648.84,Silver
C01188,35,Female,Southeast,1559,127.8,Bronze
C01189,44,Male,Northeast,701,111.74,Bronze
C01190,26,Female,Midwest,207,125.18,Bronze
C01191,39,Female,Northeast,1720,233.41,Bronze
C01192,21,Female,Northeast,1600,412.39,Silver
C01193,30,Female,West,288,447.14,Silver
C01194,41,Male,Northeast,289,104.63,Bronze
C01195,18,Male,Northeast,1188,100.41,Bronze
C01196,43,Male,West,1514,107.24,Bronze
C01197,37,Male,Northeast,1542,221.36,Bronze
C01198,44,Female,Southeast,672,202.52,Bronze
C01199,40,Female,Northeast,110,104.05,Bronze
C01200,54,Female,Midwest,1420,311.89,Silver
C01201,39,Female,West,1112,1874.9,Gold
C01202,32,Male,West,1127,155.36,Bronze
C01203,39,Male,Southeast,1292,165.64,Bronze
C01204,44,Male,Northeast,158,404.92,Silver
C01205,38,Male,Northeast,441,147.98,Bronze
C01206,38,Male,Midwest,344,446.78,Silver
C01207,29,Female,Southwest,1427,128.16,Bronze
C01208,30,Other,Northeast,1490,1272.71,Gold
C01209,21,Male,Southeast,1191,333.72,Silver
C01210,58,Male,Northeast,484,140.05,Bronze
C01211,23,Female,West,644,144.05,Bronze
C01212,29,Male,West,928,154.1,Bronze
C01213,29,Female,West,932,841.74,Gold
C01214,48,Female,Southwest,1062,78.11,Bronze
C01215,34,Female,Midwest,261,134.14,Bronze
C01216,52,Male,Northeast,640,147.6,Bronze
C01217,29,Female,Southeast,759,241.26,Bronze
C01218,41,Male,West,994,191.71,Bronze
C01219,27,Female,West,1450,63.94,Bronze
C01220,63,Male,Midwest,1802,170.74,Bronze
C01221,23,Male,West,1787,223.72,Bronze
C01222,41,Female,West,1733,139.03,Bronze
C01223,45,Female,Southwest,911,454.0,Silver
C01224,42,Female,Midwest,1627,559.74,Silver
C01225,35,Female,West,347,228.02,Bronze
C01226,36,Female,Southeast,1560,301.11,Silver
C01227,38,Male,West,551,34.99,Bronze
C01228,36,Female,Southwest,1799,167.5,Bronze
C01229,49,Female,Southeast,1140,604.46,Silver
C01230,64,Female,West,745,167.15,Bronze
C01231,31,Female,West,1371,126.02,Bronze
C01232,21,Male,Northeast,1386,1900.59,Gold
C01233,36,Female,Midwest,1413,1257.86,Gold
C01234,68,Male,Northeast,1294,372.72,Silver
C01235,28,Male,Southwest,1109,681.99,Silver
C01236,57,Female,West,1163,33.0,Bronze
C01237,58,Male,Northeast,1102,120.45,Bronze
C01238,31,Female,Northeast,1808,160.3,Bronze
C01239,44,Male,Midwest,1069,197.87,Bronze
C01240,57,Male,Southeast,1126,157.44,Bronze
C01241,33,Female,Northeast,913,24.65,Bronze
C01242,35,Female,Midwest,231,346.34,Silver
C01243,31,Female,Southeast,122,399.13,Silver
C01244,25,Female,Northeast,1702,1034.54,Gold
C01245,30,Female,West,1086,120.36,Bronze
C01246,23,Male,Southwest,1653,111.82,Bronze
C01247,38,Male,West,448,21.93,Bronze
C01248,28,Male,West,1256,187.88,Bronze
C01249,40,Female,Northeast,580,550.6,Silver
C01250,19,Female,Southeast,655,141.09,Bronze
C01251,41,Male,Northeast,874,1684.29,Gold
C01252,48,Female,West,1812,194.23,Bronze
C01253,18,Female,Southwest,911,279.3,Bronze
C01254,42,Male,West,749,71.75,Bronze
C01255,52,Male,Southwest,1365,316.87,Silver
C01256,23,Female,West,973,41.21,Bronze
C01257,58,Female,Southeast,1522,456.84,Silver
C01258,43,Female,Midwest,423,469.65,Silver
C01259,29,Male,Northeast,838,831.61,Gold
C01260,37,Other,Northeast,901,97.71,Bronze
C01261,44,Male,West,1264,282.73,Bronze
C01262,38,Male,Midwest,896,406.44,Silver
C01263,44,Other,Midwest,600,364.33,Silver
C01264,26,Male,Midwest,1209,112.31,Bronze
C01265,40,Female,Southeast,663,28.42,Bronze
C01266,21,Male,Midwest,661,334.38,Silver
C01267,36,Female,Midwest,838,213.31,Bronze
C01268,27,Female,Southeast,351,146.94,Bronze
C01269,29,Male,West,1488,486.65,Silver
C01270,52,Female,Midwest,603,235.0,Bronze
C01271,51,Male,West,1723,74.64,Bronze
C01272,45,Female,Southwest,1093,43.02,Bronze
C01273,24,Male,Southwest,1807,88.58,Bronze
C01274,34,Male,Southwest,1093,2108.46,Gold
C01275,52,Male,Southeast,1506,468.95,Silver
C01276,39,Male,Northeast,899,289.96,Bronze
C01277,65,Female,Southeast,1243,207.79,Bronze
C01278,42,Male,Southeast,775,195.85,Bronze
C01279,40,Male,Southwest,1068,699.58,Silver
C01280,34,Male,West,1177,157.35,Bronze
C01281,39,Male,Northeast,1793,411.26,Silver
C01282,36,Female,Northeast,1333,178.83,Bronze
C01283,46,Other,Northeast,966,1402.68,Gold
C01284,49,Male,West,988,477.26,Silver
C01285,28,Female,West,77,750.7,Silver
C01286,22,Female,Southwest,218,144.61,Bronze
C01287,18,Male,Southwest,333,634.17,Silver
C01288,44,Female,Northeast,1612,184.69,Bronze
C01289,24,Female,Southeast,1749,270.16,Bronze
C01290,18,Female,Southeast,1158,1065.87,Gold
C01291,42,Female,Southeast,398,95.73,Bronze
C01292,67,Male,Southwest,1554,293.81,Bronze
C01293,37,Female,Midwest,489,362.93,Silver
C01294,48,Female,West,276,390.72,Silver
C01295,38,Female,Midwest,293,163.09,Bronze
C01296,36,Female,Northeast,1259,1599.81,Gold
C01297,49,Male,Northeast,1560,76.29,Bronze
C01298,34,Other,Midwest,559,909.59,Gold
C01299,41,Female,West,1417,730.38,Silver
C01300,41,Male,Northeast,1816,1353.97,Gold
C01301,29,Male,West,779,58.59,Bronze
C01302,49,Female,West,1393,111.95,Bronze
C01303,35,Male,Southeast,436,937.06,Gold
C01304,28,Male,West,482,45.18,Bronze
C01305,44,Male,Southeast,843,57.64,Bronze
C01306,27,Male,West,607,157.67,Bronze
C01307,38,Male,West,994,290.85,Bronze
C01308,37,Male,Southwest,1203,1025.57,Gold
C01309,51,Male,Southeast,1246,207.11,Bronze
C01310,43,Female,Southeast,176,141.54,Bronze
C01311,37,Female,Northeast,435,323.84,Silver
C01312,47,Male,Northeast,212,373.39,Silver
C01313,54,Male,West,1159,363.99,Silver
C01314,44,Female,Southwest,265,208.47,Bronze
C01315,38,Male,Southeast,667,42.12,Bronze
C01316,22,Male,Northeast,987,107.14,Bronze
C01317,25,Male,Southeast,208,878.52,Gold
C01318,34,Female,Midwest,461,289.56,Bronze
C01319,30,Female,Southeast,1454,183.04,Bronze
C01320,35,Female,Southeast,554,669.38,Silver
C01321,38,Female,West,772,88.49,Bronze
C01322,44,Female,Northeast,1593,199.77,Bronze
C01323,37,Male,Midwest,352,276.99,Bronze
C01324,43,Female,West,1314,164.48,Bronze
C01325,38,Male,Southeast,1665,267.92,Bronze
C01326,18,Female,West,1753,206.66,Bronze
C01327,26,Female,West,428,69.45,Bronze
C01328,36,Female,West,366,288.11,Bronze
C01329,23,Male,Midwest,1353,74.03,Bronze
C01330,45,Male,Southeast,148,284.02,Bronze
C01331,56,Female,West,1611,842.79,Gold
C01332,52,Female,West,442,190.01,Bronze
C01333,35,Female,Southeast,609,85.26,Bronze
C01334,55,Male,Northeast,1437,218.27,Bronze
C01335,39,Female,Northeast,1533,115.73,Bronze
C01336,33,Female,Northeast,334,417.82,Silver
C01337,30,Female,Midwest,1736,214.18,Bronze
C01338,34,Female,Northeast,225,1140.0,Gold
C01339,33,Female,Southeast,362,696.93,Silver
C01340,40,Female,West,1073,213.2,Bronze
C01341,39,Female,Southeast,652,465.94,Silver
C01342,38,Female,West,687,171.76,Bronze
C01343,43,Male,West,733,252.29,Bronze
C01344,52,Male,Southeast,1486,176.75,Bronze
C01345,49,Female,West,912,487.75,Silver
C01346,20,Female,West,1479,888.64,Gold
C01347,18,Female,Southeast,1282,502.09,Silver
C01348,49,Female,Northeast,553,561.01,Silver
C01349,21,Male,Midwest,246,561.57,Silver
C01350,35,Female,Southwest,1019,401.87,Silver
C01351,23,Female,West,1644,87.76,Bronze
C01352,18,Male,Northeast,404,1131.02,Gold
C01353,44,Male,West,65,1241.37,Gold
C01354,47,Female,Midwest,805,198.25,Bronze
C01355,31,Male,Midwest,57,175.28,Bronze
C01356,18,Female,West,1425,424.61,Silver
C01357,31,Male,Midwest,115,401.71,Silver
C01358,42,Female,West,217,204.03,Bronze
C01359,20,Female,West,334,79.44,Bronze
C01360,40,Female,West,795,322.19,Silver
C01361,37,Male,Northeast,1475,401.94,Silver
C01362,44,Female,West,109,470.24,Silver
C01363,39,Male,Southwest,215,335.08,Silver
C01364,26,Male,Northeast,1058,191.71,Bronze
C01365,52,Other,Midwest,587,598.6,Silver
C01366,36,Female,Southeast,1550,259.63,Bronze
C01367,37,Female,West,538,161.03,Bronze
C01368,26,Male,West,1667,207.97,Bronze
C01369,32,Male,Northeast,1000,50.84,Bronze
C01370,27,Male,Southwest,1055,207.68,Bronze
C01371,35,Female,Northeast,246,454.68,Silver
C01372,58,Female,West,1590,332.22,Silver
C01373,21,Female,Midwest,286,961.6,Gold
C01374,18,Female,Southeast,1788,193.12,Bronze
C01375,55,Male,Northeast,1506,379.4,Silver
C01376,35,Male,Northeast,1477,499.43,Silver
C01377,29,Male,West,353,2015.4,Gold
C01378,50,Male,Midwest,1552,278.74,Bronze
C01379,30,Male,Northeast,1634,95.61,Bronze
C01380,59,Female,Northeast,226,524.86,Silver
C01381,46,Male,Northeast,533,1311.8,Gold
C01382,32,Female,West,1325,183.04,Bronze
C01383,63,Male,West,723,521.64,Silver
C01384,30,Other,Northeast,988,739.41,Silver
C01385,46,Female,Midwest,47,611.16,Silver
C01386,41,Female,Northeast,136,273.97,Bronze
C01387,53,Male,Southwest,1582,130.5,Bronze
C01388,56,Female,Southwest,154,227.43,Bronze
C01389,38,Female,West,512,369.72,Silver
C01390,28,Male,Southwest,1647,554.13,Silver
C01391,43,Male,West,1057,330.48,Silver
C01392,29,Male,West,656,173.83,Bronze
C01393,62,Female,Midwest,380,403.36,Silver
C01394,39,Female,Southeast,380,530.64,Silver
C01395,33,Female,Northeast,678,344.35,Silver
C01396,40,Male,Southeast,930,115.29,Bronze
C01397,21,Male,West,257,207.83,Bronze
C01398,26,Female,Northeast,45,574.23,Silver
C01399,52,Male,Southeast,454,70.48,Bronze
C01400,30,Female,Midwest,493,37.19,Bronze
C01401,25,Female,Southeast,753,950.77,Gold
C01402,44,Male,Midwest,1299,387.72,Silver
C01403,52,Female,Southwest,823,422.44,Silver
C01404,46,Male,West,206,92.84,Bronze
C01405,49,Female,West,572,475.22,Silver
C01406,28,Male,Midwest,538,313.48,Silver
C01407,20,Female,Midwest,1615,58.8,Bronze
C01408,56,Male,Northeast,1708,881.7,Gold
C01409,34,Male,Southwest,593,282.26,Bronze
C01410,34,Female,Southeast,262,171.32,Bronze
C01411,53,Male,Northeast,1731,174.13,Bronze
C01412,44,Female,West,1091,39.9,Bronze
C01413,43,Male,Northeast,520,417.38,Silver
C01414,63,Female,Southeast,1046,309.72,Silver
C01415,30,Male,Northeast,473,205.48,Bronze
C01416,49,Female,Northeast,49,773.28,Silver
C01417,38,Male,Northeast,1664,70.42,Bronze
C01418,41,Male,Northeast,1780,143.01,Bronze
C01419,56,Male,West,1609,113.86,Bronze
C01420,44,Female,West,140,190.39,Bronze
C01421,44,Male,Southeast,516,260.01,Bronze
C01422,50,Female,Southwest,118,360.33,Silver
C01423,33,Female,Northeast,1372,179.06,Bronze
C01424,27,Male,Southeast,1171,111.09,Bronze
C01425,25,Female,Northeast,463,1115.89,Gold
C01426,18,Male,West,1292,2144.1,Gold
C01427,62,Male,Southeast,101,278.37,Bronze
C01428,24,Female,West,851,123.83,Bronze
C01429,35,Female,West,1452,923.26,Gold
C01430,34,Female,Midwest,845,66.55,Bronze
C01431,41,Male,West,433,181.04,Bronze
C01432,47,Male,Southwest,1728,130.78,Bronze
C01433,48,Male,Southeast,280,86.18,Bronze
C01434,31,Female,Southeast,898,190.18,Bronze
C01435,35,Female,West,1248,112.42,Bronze
C01436,41,Female,West,1625,247.49,Bronze
C01437,35,Male,Northeast,1663,250.75,Bronze
C01438,57,Male,Southeast,897,139.88,Bronze
C01439,43,Male,Midwest,1638,175.31,Bronze
C01440,46,Male,Southeast,1275,198.79,Bronze
C01441,45,Male,Northeast,1684,507.18,Silver
C01442,52,Female,Southwest,1235,214.09,Bronze
C01443,40,Female,West,925,514.0,Silver
C01444,22,Female,Midwest,1783,414.57,Silver
C01445,42,Male,West,285,409.27,Silver
C01446,30,Male,Southwest,1141,853.26,Gold
C01447,31,Female,Northeast,902,89.35,Bronze
C01448,45,Male,Southeast,521,159.83,Bronze
C01449,52,Female,Midwest,365,1196.28,Gold
C01450,38,Female,West,1591,194.11,Bronze
C01451,41,Male,Northeast,1460,19.42,Bronze
C01452,58,Female,Southwest,662,203.84,Bronze
C01453,40,Male,Midwest,1342,276.29,Bronze
C01454,69,Female,Southeast,391,23.21,Bronze
C01455,44,Female,Southeast,1494,812.85,Gold
C01456,18,Male,Northeast,1083,128.72,Bronze
C01457,47,Male,West,948,328.88,Silver
C01458,42,Female,Southwest,1767,199.66,Bronze
C01459,53,Female,Southeast,923,76.74,Bronze
C01460,46,Male,Southwest,1601,93.37,Bronze
C01461,36,Female,West,666,105.47,Bronze
C01462,23,Male,Midwest,1276,650.09,Silver
C01463,35,Male,West,776,214.27,Bronze
C01464,27,Male,Midwest,1177,152.98,Bronze
C01465,31,Male,Midwest,712,105.51,Bronze
C01466,45,Male,Northeast,1032,718.05,Silver
C01467,58,Other,West,1036,913.95,Gold
C01468,42,Male,Northeast,722,710.71,Silver
C01469,23,Male,West,244,381.15,Silver
C01470,43,Male,West,147,317.62,Silver
C01471,52,Female,Southeast,256,81.91,Bronze
C01472,30,Female,Southeast,920,196.13,Bronze
C01473,36,Male,Midwest,473,132.23,Bronze
C01474,38,Male,Midwest,578,47.33,Bronze
C01475,28,Male,Southeast,858,633.55,Silver
C01476,45,Male,Midwest,1661,130.81,Bronze
C01477,36,Male,Southeast,1685,717.91,Silver
C01478,43,Male,Northeast,1490,541.08,Silver
C01479,27,Male,Northeast,41,403.85,Silver
C01480,32,Female,Northeast,1175,424.79,Silver
C01481,46,Male,West,1600,140.64,Bronze
C01482,33,Female,Southwest,518,1302.53,Gold
C01483,58,Female,Midwest,1304,254.38,Bronze
C01484,33,Female,Midwest,608,321.1,Silver
C01485,40,Male,Northeast,1535,136.43,Bronze
C01486,49,Male,Midwest,1603,105.84,Bronze
C01487,20,Male,Northeast,1333,375.99,Silver
C01488,18,Female,West,771,297.6,Bronze
C01489,19,Male,Southwest,1390,120.25,Bronze
C01490,53,Female,Northeast,197,67.05,Bronze
C01491,31,Female,West,990,78.03,Bronze
C01492,68,Male,Northeast,1381,718.04,Silver
C01493,31,Female,Southeast,1299,140.9,Bronze
C01494,40,Male,Northeast,1644,180.36,Bronze
C01495,56,Male,Southeast,1679,902.62,Gold
C01496,62,Male,Northeast,1354,89.13,Bronze
C01497,62,Male,Southeast,1782,127.19,Bronze
C01498,52,Female,Southeast,229,122.5,Bronze
C01499,50,Male,Southeast,1553,1049.7,Gold
C01500,45,Male,West,893,1471.51,Gold
C01501,47,Female,Southwest,783,481.26,Silver
C01502,31,Female,Southeast,1066,495.24,Silver
C01503,28,Male,Northeast,1419,145.14,Bronze
C01504,37,Female,Southeast,1772,1411.76,Gold
C01505,35,Female,Southwest,803,311.35,Silver
C01506,32,Male,Midwest,126,527.32,Silver
C01507,46,Male,Midwest,100,222.52,Bronze
C01508,49,Male,Northeast,1022,192.25,Bronze
C01509,39,Female,Midwest,1795,1093.06,Gold
C01510,55,Female,Southeast,386,397.72,Silver
C01511,24,Female,Southwest,841,903.47,Gold
C01512,35,Female,Southwest,573,307.91,Silver
C01513,29,Male,Northeast,1303,114.03,Bronze
C01514,18,Male,Midwest,283,144.75,Bronze
C01515,37,Male,Southeast,1824,268.45,Bronze
C01516,36,Female,Southeast,1235,139.23,Bronze
C01517,56,Female,Southwest,1017,90.31,Bronze
C01518,45,Male,Midwest,1219,721.46,Silver
C01519,25,Female,Southeast,33,149.85,Bronze
C01520,60,Male,Northeast,1516,277.1,Bronze
C01521,52,Male,West,174,319.42,Silver
C01522,44,Male,West,194,144.12,Bronze
C01523,35,Male,Midwest,373,903.0,Gold
C01524,26,Male,Northeast,1158,89.53,Bronze
C01525,33,Male,Southeast,1601,309.66,Silver
C01526,51,Male,Southwest,1367,305.36,Silver
C01527,60,Male,Midwest,1222,233.03,Bronze
C01528,56,Female,Southeast,549,76.16,Bronze
C01529,32,Male,Midwest,955,535.79,Silver
C01530,24,Other,West,1651,477.78,Silver
C01531,39,Male,Southeast,1489,133.22,Bronze
C01532,18,Male,Northeast,638,462.54,Silver
C01533,41,Male,Midwest,541,342.89,Silver
C01534,36,Male,West,438,77.28,Bronze
C01535,32,Female,West,465,113.46,Bronze
C01536,18,Male,Southwest,1368,681.61,Silver
C01537,44,Female,Southeast,571,323.27,Silver
C01538,31,Female,Northeast,642,147.25,Bronze
C01539,23,Female,Southwest,1632,113.0,Bronze
C01540,18,Female,Midwest,929,153.88,Bronze
C01541,37,Female,West,1116,164.02,Bronze
C01542,59,Male,West,1085,114.28,Bronze
C01543,57,Female,Midwest,1652,51.03,Bronze
C01544,32,Male,Northeast,1264,682.67,Silver
C01545,30,Male,West,1516,586.15,Silver
C01546,43,Male,West,592,77.79,Bronze
C01547,26,Female,Midwest,604,276.63,Bronze
C01548,41,Female,Midwest,1133,108.63,Bronze
C01549,47,Male,Northeast,1051,193.37,Bronze
C01550,52,Female,Northeast,372,179.42,Bronze
C01551,36,Male,Southeast,1285,166.49,Bronze
C01552,35,Male,Southeast,642,1484.23,Gold
C01553,27,Male,Southwest,158,164.63,Bronze
C01554,28,Male,West,1072,118.22,Bronze
C01555,35,Male,West,386,123.18,Bronze
C01556,42,Female,Midwest,1472,626.03,Silver
C01557,48,Female,Northeast,988,55.32,Bronze
C01558,28,Male,Southwest,1659,123.18,Bronze
C01559,55,Female,Southeast,110,899.77,Gold
C01560,34,Female,Northeast,1668,304.78,Silver
C01561,37,Female,Midwest,695,290.83,Bronze
C01562,29,Female,Southwest,810,1667.25,Gold
C01563,18,Male,Southwest,1171,305.43,Silver
C01564,48,Female,Northeast,1547,129.36,Bronze
C01565,46,Female,Southwest,820,189.83,Bronze
C01566,34,Male,Southeast,521,88.07,Bronze
C01567,38,Male,Northeast,254,757.74,Silver
C01568,44,Female,West,1016,410.39,Silver
C01569,19,Male,Southwest,448,673.15,Silver
C01570,31,Other,Midwest,809,729.01,Silver
C01571,47,Male,Midwest,166,168.55,Bronze
C01572,22,Female,West,255,104.56,Bronze
C01573,41,Male,West,1387,233.56,Bronze
C01574,21,Female,Southwest,1282,111.55,Bronze
C01575,43,Female,Midwest,352,283.85,Bronze
C01576,37,Male,Southwest,1161,677.82,Silver
C01577,18,Female,Southwest,841,210.33,Bronze
C01578,51,Male,Northeast,474,280.06,Bronze
C01579,29,Male,West,36,224.87,Bronze
C01580,28,Male,Midwest,157,503.94,Silver
C01581,40,Female,Southeast,1406,134.15,Bronze
C01582,51,Male,West,296,33.89,Bronze
C01583,25,Male,Northeast,714,373.82,Silver
C01584,38,Male,Midwest,957,595.29,Silver
C01585,43,Female,Southwest,243,365.67,Silver
C01586,46,Female,Northeast,276,137.52,Bronze
C01587,40,Male,Midwest,1671,88.1,Bronze
C01588,33,Male,Southwest,1648,381.86,Silver
C01589,28,Female,Midwest,1427,277.92,Bronze
C01590,39,Male,Southeast,450,218.5,Bronze
C01591,25,Female,Midwest,1768,1261.7,Gold
C01592,18,Female,Midwest,1094,104.36,Bronze
C01593,43,Female,West,746,1208.98,Gold
C01594,48,Male,West,1401,251.79,Bronze
C01595,18,Female,Midwest,1614,46.9,Bronze
C01596,25,Female,West,172,208.25,Bronze
C01597,45,Female,Midwest,170,580.3,Silver
C01598,62,Male,Southeast,594,176.17,Bronze
C01599,38,Male,West,136,64.89,Bronze
C01600,29,Male,West,62,211.02,Bronze
C01601,35,Female,Midwest,1253,113.13,Bronze
C01602,54,Female,Northeast,148,380.94,Silver
C01603,30,Male,Northeast,258,490.81,Silver
C01604,28,Male,Southeast,1683,94.57,Bronze
C01605,32,Male,Southeast,717,129.64,Bronze
C01606,26,Female,West,1238,483.46,Silver
C01607,39,Female,Northeast,859,112.96,Bronze
C01608,57,Male,West,1040,92.39,Bronze
C01609,41,Male,Southeast,879,84.71,Bronze
C01610,34,Male,Southeast,1268,335.91,Silver
C01611,34,Female,Midwest,762,323.19,Silver
C01612,19,Female,Northeast,1183,132.21,Bronze
C01613,48,Female,Southwest,874,245.81,Bronze
C01614,37,Male,Northeast,301,967.21,Gold
C01615,35,Female,Midwest,1811,101.83,Bronze
C01616,76,Male,West,664,42.24,Bronze
C01617,41,Female,West,1061,368.55,Silver
C01618,28,Male,Southeast,432,221.55,Bronze
C01619,32,Female,Midwest,957,129.15,Bronze
C01620,51,Female,West,1632,440.04,Silver
C01621,39,Female,Southwest,656,520.77,Silver
C01622,20,Female,Southwest,1422,33.53,Bronze
C01623,49,Male,Southeast,646,136.0,Bronze
C01624,29,Male,Southwest,1010,1969.95,Gold
C01625,60,Female,Northeast,566,413.67,Silver
C01626,50,Male,Northeast,1106,449.66,Silver
C01627,32,Male,West,276,703.17,Silver
C01628,53,Male,Northeast,366,248.48,Bronze
C01629,38,Female,Northeast,1334,501.21,Silver
C01630,48,Male,Southeast,62,466.97,Silver
C01631,43,Male,Midwest,828,397.48,Silver
C01632,27,Male,West,577,183.13,Bronze
C01633,30,Male,West,1396,285.67,Bronze
C01634,50,Female,Southeast,920,144.1,Bronze
C01635,33,Other,Midwest,1292,247.53,Bronze
C01636,33,Female,Southwest,1545,85.49,Bronze
C01637,26,Male,West,758,120.11,Bronze
C01638,43,Female,Southeast,1230,189.79,Bronze
C01639,62,Female,Southwest,73,104.65,Bronze
C01640,25,Male,West,333,155.32,Bronze
C01641,38,Female,Northeast,1723,211.13,Bronze
C01642,54,Female,Northeast,298,351.44,Silver
C01643,37,Female,Northeast,712,574.98,Silver
C01644,43,Female,West,1786,161.19,Bronze
C01645,25,Male,Northeast,429,813.7,Gold
C01646,43,Male,Midwest,1795,569.49,Silver
C01647,35,Female,Northeast,632,385.17,Silver
C01648,49,Male,Southwest,951,280.98,Bronze
C01649,52,Male,Southeast,1000,326.1,Silver
C01650,69,Female,Southwest,460,712.19,Silver
C01651,44,Female,Southwest,450,735.99,Silver
C01652,41,Male,Northeast,160,813.59,Gold
C01653,40,Female,Midwest,1463,253.96,Bronze
C01654,33,Female,Northeast,1791,403.22,Silver
C01655,42,Female,Southwest,1278,819.91,Gold
C01656,34,Male,Midwest,1196,139.58,Bronze
C01657,40,Male,Northeast,607,183.72,Bronze
C01658,53,Male,Northeast,569,248.25,Bronze
C01659,25,Male,Southeast,154,549.85,Silver
C01660,51,Male,Southwest,1265,557.61,Silver
C01661,53,Male,West,963,198.78,Bronze
C01662,36,Male,Southwest,1481,62.94,Bronze
C01663,18,Female,Southeast,1490,305.38,Silver
C01664,30,Male,Northeast,621,107.07,Bronze
C01665,53,Female,Southwest,1291,64.01,Bronze
C01666,37,Female,Northeast,673,78.45,Bronze
C01667,26,Male,Southwest,357,328.24,Silver
C01668,31,Female,Southeast,841,832.92,Gold
C01669,48,Female,Northeast,1172,253.41,Bronze
C01670,44,Male,West,75,295.97,Bronze
C01671,35,Female,Southwest,113,709.53,Silver
C01672,33,Male,Southwest,823,60.95,Bronze
C01673,33,Female,Northeast,381,390.79,Silver
C01674,26,Male,Northeast,1066,242.15,Bronze
C01675,57,Female,Midwest,666,407.26,Silver
C01676,34,Male,West,1225,158.36,Bronze
C01677,52,Female,West,263,117.2,Bronze
C01678,56,Male,Northeast,1234,277.68,Bronze
C01679,49,Female,Southwest,1104,1079.52,Gold
C01680,32,Female,West,810,531.03,Silver
C01681,42,Male,West,710,154.95,Bronze
C01682,37,Female,Midwest,1448,73.19,Bronze
C01683,27,Male,Southeast,962,53.85,Bronze
C01684,41,Female,Southwest,1482,799.9,Silver
C01685,23,Female,Midwest,1327,103.59,Bronze
C01686,52,Female,Southwest,890,182.55,Bronze
C01687,32,Female,Southwest,1260,803.59,Gold
C01688,40,Male,West,177,57.25,Bronze
C01689,41,Male,Midwest,329,937.33,Gold
C01690,34,Male,Northeast,1506,194.75,Bronze
C01691,45,Female,Northeast,578,87.03,Bronze
C01692,32,Male,Northeast,1726,195.86,Bronze
C01693,48,Female,Northeast,1007,127.7,Bronze
C01694,21,Female,Southeast,412,363.85,Silver
C01695,39,Male,Southeast,829,136.55,Bronze
C01696,61,Female,Southeast,1671,43.8,Bronze
C01697,25,Male,Midwest,563,200.64,Bronze
C01698,29,Male,Northeast,1286,72.18,Bronze
C01699,44,Female,Northeast,1687,294.09,Bronze
C01700,40,Male,West,1182,84.06,Bronze
C01701,42,Male,Midwest,1782,157.71,Bronze
C01702,43,Female,Midwest,1713,288.39,Bronze
C01703,45,Male,West,599,202.1,Bronze
C01704,51,Other,West,960,306.55,Silver
C01705,42,Other,Midwest,266,451.36,Silver
C01706,35,Male,West,1635,86.3,Bronze
C01707,46,Male,Southwest,995,230.91,Bronze
C01708,60,Female,West,730,12.22,Bronze
C01709,36,Male,Midwest,783,305.7,Silver
C01710,26,Male,West,604,186.66,Bronze
C01711,51,Female,Northeast,1538,100.98,Bronze
C01712,36,Male,Midwest,1294,325.1,Silver
C01713,18,Female,Southwest,986,703.05,Silver
C01714,48,Male,Midwest,1046,159.43,Bronze
C01715,31,Male,Southwest,1750,104.55,Bronze
C01716,36,Male,Southeast,800,283.87,Bronze
C01717,41,Female,Southwest,1794,73.55,Bronze
C01718,40,Female,Midwest,252,135.05,Bronze
C01719,46,Female,Northeast,1152,735.21,Silver
C01720,32,Male,Midwest,1812,258.78,Bronze
C01721,44,Male,Southeast,586,45.08,Bronze
C01722,34,Male,Northeast,940,48.56,Bronze
C01723,46,Female,West,302,283.12,Bronze
C01724,45,Female,Southeast,1452,531.74,Silver
C01725,26,Female,West,1570,57.06,Bronze
C01726,51,Male,Southeast,459,366.77,Silver
C01727,31,Female,Northeast,552,810.22,Gold
C01728,47,Male,Southwest,989,1338.19,Gold
C01729,42,Female,Southeast,1401,329.67,Silver
C01730,60,Male,West,939,386.11,Silver
C01731,35,Female,West,1604,35.88,Bronze
C01732,33,Male,Midwest,480,1619.35,Gold
C01733,37,Male,Southwest,1041,145.77,Bronze
C01734,34,Female,West,71,105.62,Bronze
C01735,47,Male,Southeast,1768,194.48,Bronze
C01736,18,Male,Southwest,123,953.85,Gold
C01737,25,Female,Northeast,515,1785.12,Gold
C01738,25,Female,Midwest,546,273.93,Bronze
C01739,49,Female,Southwest,1617,600.81,Silver
C01740,58,Male,West,1203,254.39,Bronze
C01741,36,Female,West,746,96.16,Bronze
C01742,35,Female,West,528,924.33,Gold
C01743,38,Male,West,400,139.78,Bronze
C01744,51,Female,Southwest,1010,974.55,Gold
C01745,26,Male,Southeast,728,787.36,Silver
C01746,40,Male,Northeast,514,425.23,Silver
C01747,49,Male,Midwest,694,1269.12,Gold
C01748,44,Male,West,1436,1824.59,Gold
C01749,40,Female,Southeast,657,208.99,Bronze
C01750,50,Female,Northeast,1714,118.17,Bronze
C01751,18,Female,Southeast,761,45.7,Bronze
C01752,46,Female,Southwest,221,1844.96,Gold
C01753,30,Male,West,1798,164.73,Bronze
C01754,18,Female,Southeast,865,679.62,Silver
C01755,44,Female,Northeast,1274,125.57,Bronze
C01756,54,Male,Southeast,1100,976.95,Gold
C01757,36,Female,Northeast,156,130.31,Bronze
C01758,49,Other,Northeast,756,83.72,Bronze
C01759,57,Female,Southwest,1060,202.83,Bronze
C01760,53,Female,Southwest,725,151.62,Bronze
C01761,57,Male,Northeast,1169,418.5,Silver
C01762,46,Male,Northeast,593,233.63,Bronze
C01763,38,Male,Southeast,395,430.49,Silver
C01764,18,Female,Midwest,1099,188.31,Bronze
C01765,35,Female,Northeast,422,134.48,Bronze
C01766,27,Other,Southeast,983,144.72,Bronze
C01767,64,Male,Northeast,52,1541.4,Gold
C01768,35,Male,West,1184,299.66,Bronze
C01769,39,Female,West,1180,41.04,Bronze
C01770,44,Female,West,474,153.21,Bronze
C01771,38,Male,Southeast,806,266.98,Bronze
C01772,58,Female,Southwest,1362,1288.02,Gold
C01773,30,Female,Southwest,737,617.59,Silver
C01774,40,Female,Northeast,462,106.75,Bronze
C01775,29,Female,Southeast,502,2157.1,Gold
C01776,22,Male,Midwest,77,237.93,Bronze
C01777,30,Other,Northeast,1135,751.22,Silver
C01778,37,Female,Midwest,1162,86.53,Bronze
C01779,32,Male,Midwest,292,28.27,Bronze
C01780,29,Male,Midwest,1084,68.88,Bronze
C01781,21,Female,Southeast,387,13.13,Bronze
C01782,37,Male,Midwest,597,1637.43,Gold
C01783,19,Male,Southwest,509,296.81,Bronze
C01784,47,Female,Northeast,896,106.47,Bronze
C01785,38,Male,West,1242,367.73,Silver
C01786,20,Female,Northeast,1058,290.15,Bronze
C01787,34,Male,Northeast,1339,427.88,Silver
C01788,28,Female,Midwest,1710,726.75,Silver
C01789,41,Male,Northeast,1447,188.49,Bronze
C01790,54,Male,Northeast,1508,110.85,Bronze
C01791,18,Male,Northeast,737,515.43,Silver
C01792,39,Female,Midwest,455,503.76,Silver
C01793,36,Female,West,1080,267.91,Bronze
C01794,46,Male,Northeast,156,1736.8,Gold
C01795,40,Female,West,164,165.0,Bronze
C01796,28,Female,Northeast,1588,108.87,Bronze
C01797,34,Other,West,360,356.48,Silver
C01798,28,Male,Southeast,1682,133.29,Bronze
C01799,50,Female,West,421,382.21,Silver
C01800,38,Male,Southwest,37,115.62,Bronze
C01801,60,Male,Southwest,642,170.68,Bronze
C01802,37,Female,Northeast,1314,1341.79,Gold
C01803,29,Female,Southwest,1252,169.86,Bronze
C01804,19,Male,Northeast,627,119.23,Bronze
C01805,18,Male,Southwest,1793,701.77,Silver
C01806,18,Female,Southeast,415,95.02,Bronze
C01807,41,Female,Southeast,501,131.15,Bronze
C01808,44,Male,Northeast,208,411.13,Silver
C01809,19,Female,Northeast,479,569.39,Silver
C01810,48,Male,West,1293,733.94,Silver
C01811,32,Male,Southwest,1577,124.9,Bronze
C01812,39,Female,West,844,418.39,Silver
C01813,57,Male,West,1799,160.85,Bronze
C01814,48,Male,West,1236,141.87,Bronze
C01815,34,Female,Southeast,387,722.63,Silver
C01816,27,Female,Northeast,405,149.22,Bronze
C01817,18,Male,Northeast,731,314.31,Silver
C01818,29,Female,Southeast,867,281.47,Bronze
C01819,35,Female,Southeast,1780,93.35,Bronze
C01820,26,Male,Northeast,1823,583.76,Silver
C01821,36,Female,Northeast,567,405.15,Silver
C01822,38,Male,Northeast,811,40.95,Bronze
C01823,35,Male,Southwest,111,314.09,Silver
C01824,30,Female,Northeast,1411,122.04,Bronze
C01825,40,Female,Midwest,214,656.79,Silver
C01826,43,Male,Midwest,317,66.63,Bronze
C01827,24,Male,Midwest,1115,177.54,Bronze
C01828,54,Female,Northeast,912,338.94,Silver
C01829,36,Male,Southeast,536,256.96,Bronze
C01830,38,Male,Northeast,1515,486.22,Silver
C01831,46,Male,Southeast,59,62.39,Bronze
C01832,40,Female,Northeast,965,1082.17,Gold
C01833,49,Male,Midwest,60,392.54,Silver
C01834,41,Male,West,1346,831.93,Gold
C01835,30,Female,Midwest,1226,537.44,Silver
C01836,42,Female,Midwest,1667,242.15,Bronze
C01837,24,Female,Southeast,1181,77.03,Bronze
C01838,39,Male,West,115,147.35,Bronze
C01839,37,Female,Northeast,1368,1023.11,Gold
C01840,35,Male,West,57,851.41,Gold
C01841,36,Male,West,151,140.1,Bronze
C01842,18,Female,Southeast,1304,19.37,Bronze
C01843,31,Male,Southeast,602,202.06,Bronze
C01844,39,Male,Midwest,432,188.87,Bronze
C01845,39,Male,Northeast,712,195.43,Bronze
C01846,25,Male,Northeast,1496,393.74,Silver
C01847,53,Male,Northeast,301,538.39,Silver
C01848,27,Other,Northeast,866,596.61,Silver
C01849,49,Male,Midwest,142,365.45,Silver
C01850,43,Male,West,1759,48.39,Bronze
C01851,30,Male,Southeast,1447,179.99,Bronze
C01852,59,Female,Southwest,48,1946.29,Gold
C01853,23,Female,Southwest,634,342.68,Silver
C01854,49,Male,Southwest,1782,340.71,Silver
C01855,50,Female,West,494,338.17,Silver
C01856,29,Male,Southeast,720,355.61,Silver
C01857,54,Male,Northeast,1040,28.65,Bronze
C01858,34,Male,Midwest,1244,197.24,Bronze
C01859,41,Male,Midwest,1546,236.49,Bronze
C01860,41,Male,West,1043,775.37,Silver
C01861,36,Female,Southwest,192,255.42,Bronze
C01862,47,Male,Midwest,1665,55.6,Bronze
C01863,47,Female,Southeast,728,360.35,Silver
C01864,18,Male,Northeast,324,118.7,Bronze
C01865,53,Male,Northeast,608,81.85,Bronze
C01866,18,Male,Midwest,1126,115.5,Bronze
C01867,50,Female,Midwest,1797,398.72,Silver
C01868,51,Male,West,730,759.67,Silver
C01869,24,Female,Midwest,1615,377.9,Silver
C01870,33,Male,Southwest,1362,432.17,Silver
C01871,24,Male,West,331,374.56,Silver
C01872,35,Male,West,1361,268.06,Bronze
C01873,34,Male,Northeast,153,458.17,Silver
C01874,47,Male,Southwest,698,27.75,Bronze
C01875,53,Male,West,1314,270.42,Bronze
C01876,54,Female,Northeast,224,95.54,Bronze
C01877,31,Male,Northeast,871,696.88,Silver
C01878,35,Female,Southwest,380,214.34,Bronze
C01879,18,Male,Northeast,1821,251.6,Bronze
C01880,28,Female,Midwest,518,63.15,Bronze
C01881,49,Female,Southeast,229,611.03,Silver
C01882,57,Male,West,913,430.35,Silver
C01883,23,Male,West,537,403.93,Silver
C01884,30,Female,Southeast,927,117.72,Bronze
C01885,37,Female,Midwest,1633,121.96,Bronze
C01886,41,Male,Southwest,475,299.24,Bronze
C01887,28,Male,West,109,130.97,Bronze
C01888,43,Female,Southwest,774,361.91,Silver
C01889,32,Male,Midwest,727,34.99,Bronze
C01890,37,Female,Southeast,1670,157.78,Bronze
C01891,44,Male,Southeast,1522,1232.84,Gold
C01892,38,Male,West,1495,363.41,Silver
C01893,32,Female,Northeast,960,284.32,Bronze
C01894,36,Female,Southeast,683,1460.75,Gold
C01895,36,Male,Northeast,931,29.89,Bronze
C01896,33,Male,Midwest,301,117.47,Bronze
C01897,34,Female,West,1396,170.54,Bronze
C01898,57,Female,Northeast,153,529.81,Silver
C01899,44,Male,West,1276,538.12,Silver
C01900,34,Female,Southwest,1543,112.23,Bronze
C01901,46,Female,Southeast,715,600.74,Silver
C01902,33,Female,West,1756,170.21,Bronze
C01903,52,Female,Southwest,681,728.13,Silver
C01904,42,Male,Southwest,326,96.6,Bronze
C01905,36,Female,Southeast,1172,218.99,Bronze
C01906,43,Female,Northeast,816,157.41,Bronze
C01907,19,Male,Northeast,1129,632.97,Silver
C01908,24,Male,West,650,152.86,Bronze
C01909,23,Male,West,1684,235.52,Bronze
C01910,39,Female,West,1002,386.11,Silver
C01911,58,Male,Southeast,910,399.71,Silver
C01912,64,Female,Northeast,1311,543.62,Silver
C01913,45,Female,Midwest,1585,295.9,Bronze
C01914,44,Female,Midwest,1684,167.93,Bronze
C01915,18,Female,West,380,178.62,Bronze
C01916,31,Other,Midwest,1702,250.41,Bronze
C01917,28,Male,Southeast,1330,306.32,Silver
C01918,30,Female,Southeast,284,214.34,Bronze
C01919,35,Male,Northeast,1317,248.96,Bronze
C01920,32,Female,Southeast,708,62.46,Bronze
C01921,18,Male,Northeast,1730,446.13,Silver
C01922,46,Other,Southeast,58,288.01,Bronze
C01923,25,Female,Northeast,496,602.86,Silver
C01924,40,Female,Northeast,1088,244.73,Bronze
C01925,62,Male,West,778,51.18,Bronze
C01926,26,Male,Southeast,1347,177.22,Bronze
C01927,18,Female,West,631,204.4,Bronze
C01928,34,Male,West,1256,477.52,Silver
C01929,51,Female,Midwest,769,37.97,Bronze
C01930,61,Male,Southwest,960,253.93,Bronze
C01931,23,Female,Northeast,1121,388.51,Silver
C01932,43,Male,West,160,134.92,Bronze
C01933,32,Female,Southwest,140,261.69,Bronze
C01934,36,Female,Southwest,553,139.17,Bronze
C01935,69,Male,Northeast,1341,126.9,Bronze
C01936,19,Male,Southeast,716,169.43,Bronze
C01937,41,Male,Northeast,860,129.07,Bronze
C01938,43,Female,West,695,452.71,Silver
C01939,51,Female,West,1096,126.29,Bronze
C01940,39,Female,Southeast,904,108.57,Bronze
C01941,41,Female,Midwest,1770,1201.27,Gold
C01942,33,Male,West,1737,580.95,Silver
C01943,41,Male,Midwest,1347,45.82,Bronze
C01944,33,Male,Southwest,314,122.94,Bronze
C01945,45,Male,West,852,304.36,Silver
C01946,33,Other,Northeast,593,327.46,Silver
C01947,42,Female,West,1680,63.98,Bronze
C01948,37,Male,Southeast,48,694.16,Silver
C01949,51,Female,Midwest,1560,514.25,Silver
C01950,37,Female,Southwest,576,377.55,Silver
C01951,18,Male,Southwest,77,829.69,Gold
C01952,53,Male,Southeast,1798,367.62,Silver
C01953,27,Male,Southeast,248,366.4,Silver
C01954,30,Female,Southeast,1675,994.17,Gold
C01955,30,Female,Midwest,795,659.25,Silver
C01956,54,Female,Northeast,1241,114.74,Bronze
C01957,18,Male,Midwest,60,432.63,Silver
C01958,75,Male,Northeast,288,134.58,Bronze
C01959,50,Female,Southeast,1728,385.19,Silver
C01960,40,Female,Northeast,1397,375.76,Silver
C01961,37,Female,Southwest,337,70.45,Bronze
C01962,41,Female,West,1124,219.28,Bronze
C01963,44,Male,Southeast,336,310.67,Silver
C01964,45,Female,Northeast,597,165.23,Bronze
C01965,44,Female,Midwest,1152,324.81,Silver
C01966,39,Male,Northeast,50,505.38,Silver
C01967,35,Female,Midwest,1673,238.05,Bronze
C01968,36,Male,West,1618,299.51,Bronze
C01969,35,Male,West,1059,849.87,Gold
C01970,51,Male,West,260,374.61,Silver
C01971,45,Male,Midwest,111,293.17,Bronze
C01972,18,Male,Southwest,987,103.31,Bronze
C01973,45,Male,Southwest,246,447.61,Silver
C01974,40,Female,Midwest,364,329.35,Silver
C01975,37,Male,Southeast,588,776.94,Silver
C01976,33,Male,Midwest,893,255.24,Bronze
C01977,51,Male,Northeast,903,47.72,Bronze
C01978,49,Female,West,782,52.98,Bronze
C01979,28,Male,Midwest,1743,474.43,Silver
C01980,42,Male,Northeast,623,146.47,Bronze
C01981,26,Female,Northeast,733,362.52,Silver
C01982,21,Female,Midwest,954,271.19,Bronze
C01983,30,Female,Southwest,1708,210.58,Bronze
C01984,48,Female,Midwest,582,224.37,Bronze
C01985,49,Male,West,1512,112.3,Bronze
C01986,44,Female,Southeast,812,241.24,Bronze
C01987,46,Male,Midwest,116,144.6,Bronze
C01988,44,Male,Midwest,1568,175.03,Bronze
C01989,30,Male,West,1776,182.86,Bronze
C01990,43,Female,Northeast,542,199.53,Bronze
C01991,47,Male,Midwest,1013,561.13,Silver
C01992,47,Female,Southeast,1038,217.72,Bronze
C01993,52,Female,Southeast,616,614.82,Silver
C01994,46,Male,Southwest,1531,976.59,Gold
C01995,42,Female,Northeast,527,528.19,Silver
C01996,50,Female,Southeast,936,395.84,Silver
C01997,37,Female,Midwest,985,328.37,Silver
C01998,27,Male,Southwest,772,533.16,Silver
C01999,36,Female,Southeast,478,265.18,Bronze
C02000,29,Male,West,617,593.54,Silver
C02001,29,Female,Southwest,289,425.26,Silver
C02002,36,Female,Southeast,1590,177.0,Bronze
C02003,28,Male,Southeast,1253,547.99,Silver
C02004,34,Female,Southeast,492,265.69,Bronze
C02005,18,Female,West,123,222.4,Bronze
C02006,40,Female,Northeast,1050,159.4,Bronze
C02007,38,Male,Southeast,1405,284.13,Bronze
C02008,28,Male,West,1161,599.93,Silver
C02009,45,Female,Midwest,384,544.6,Silver
C02010,49,Female,Midwest,498,336.32,Silver
C02011,18,Female,Midwest,124,419.76,Silver
C02012,28,Male,Northeast,897,768.57,Silver
C02013,28,Male,Midwest,120,213.8,Bronze
C02014,26,Female,Midwest,1097,89.67,Bronze
C02015,47,Female,Southwest,1509,789.2,Silver
C02016,35,Male,Southeast,984,151.9,Bronze
C02017,34,Female,Southwest,413,131.46,Bronze
C02018,18,Female,West,52,48.59,Bronze
C02019,45,Male,Northeast,1755,409.18,Silver
C02020,23,Male,West,52,56.87,Bronze
C02021,38,Male,Northeast,1287,124.56,Bronze
C02022,41,Female,Southwest,1751,415.47,Silver
C02023,54,Male,Southwest,340,468.59,Silver
C02024,22,Male,Southeast,1470,136.11,Bronze
C02025,18,Female,Southeast,1386,216.86,Bronze
C02026,40,Male,Southeast,604,111.57,Bronze
C02027,59,Male,Southeast,132,149.37,Bronze
C02028,52,Male,Southeast,529,310.94,Silver
C02029,40,Female,Southeast,857,155.79,Bronze
C02030,32,Female,West,1536,196.41,Bronze
C02031,47,Male,Northeast,218,65.48,Bronze
C02032,26,Female,West,489,678.35,Silver
C02033,43,Female,West,218,387.25,Silver
C02034,44,Male,Midwest,380,499.5,Silver
C02035,50,Male,Southwest,610,781.63,Silver
C02036,71,Male,Southeast,143,116.43,Bronze
C02037,42,Male,Northeast,133,177.23,Bronze
C02038,31,Female,West,649,44.46,Bronze
C02039,37,Female,Midwest,1561,4131.44,Gold
C02040,18,Male,Midwest,1398,213.87,Bronze
C02041,29,Male,Southwest,1074,623.19,Silver
C02042,33,Male,Southwest,416,80.29,Bronze
C02043,31,Female,West,973,599.89,Silver
C02044,39,Male,West,884,1302.23,Gold
C02045,28,Female,Northeast,1262,231.77,Bronze
C02046,51,Male,Northeast,1735,98.51,Bronze
C02047,38,Female,West,512,215.96,Bronze
C02048,37,Female,Midwest,502,32.98,Bronze
C02049,34,Male,Midwest,1759,236.49,Bronze
C02050,39,Female,Southeast,888,512.28,Silver
C02051,47,Other,West,971,236.94,Bronze
C02052,27,Male,Northeast,422,189.48,Bronze
C02053,30,Female,West,1688,393.39,Silver
C02054,34,Male,Northeast,1742,421.42,Silver
C02055,21,Female,Northeast,545,54.93,Bronze
C02056,28,Male,Southeast,1241,265.06,Bronze
C02057,32,Female,Southeast,375,2191.6,Gold
C02058,48,Female,Southwest,1405,73.59,Bronze
C02059,41,Female,Northeast,570,226.59,Bronze
C02060,40,Female,Northeast,1651,1404.69,Gold
C02061,48,Female,Midwest,76,661.0,Silver
C02062,36,Male,Midwest,1130,154.15,Bronze
C02063,42,Female,Northeast,372,294.57,Bronze
C02064,36,Female,Northeast,1244,244.23,Bronze
C02065,41,Female,Southwest,572,124.8,Bronze
C02066,31,Female,West,848,228.87,Bronze
C02067,18,Female,Southeast,1734,190.19,Bronze
C02068,36,Female,Midwest,1089,270.83,Bronze
C02069,55,Male,Southeast,786,124.77,Bronze
C02070,49,Male,Southeast,1477,77.56,Bronze
C02071,49,Male,West,380,235.77,Bronze
C02072,52,Male,Southwest,217,1145.51,Gold
C02073,39,Female,Northeast,1580,263.48,Bronze
C02074,40,Male,West,363,181.56,Bronze
C02075,30,Male,Northeast,512,482.35,Silver
C02076,34,Other,Northeast,1269,212.2,Bronze
C02077,45,Male,Northeast,1211,1314.52,Gold
C02078,52,Male,Northeast,696,243.83,Bronze
C02079,36,Male,Southwest,1294,459.64,Silver
C02080,32,Male,Midwest,325,124.07,Bronze
C02081,38,Female,Northeast,1515,384.82,Silver
C02082,45,Female,Southwest,74,313.43,Silver
C02083,20,Female,Southwest,524,232.56,Bronze
C02084,18,Male,West,204,155.78,Bronze
C02085,31,Female,Southwest,1033,137.8,Bronze
C02086,23,Male,Southeast,1399,315.49,Silver
C02087,31,Male,West,85,430.97,Silver
C02088,36,Male,West,1619,218.23,Bronze
C02089,32,Male,Southwest,370,316.89,Silver
C02090,55,Male,West,1804,236.48,Bronze
C02091,41,Male,Southeast,1161,267.38,Bronze
C02092,41,Other,West,1763,204.3,Bronze
C02093,45,Male,Southeast,243,248.68,Bronze
C02094,24,Male,Southeast,1552,2774.53,Gold
C02095,50,Male,Northeast,787,323.91,Silver
C02096,37,Female,Southwest,1450,437.36,Silver
C02097,46,Male,Southeast,579,362.93,Silver
C02098,25,Female,Midwest,526,193.15,Bronze
C02099,19,Female,Southeast,202,784.14,Silver
C02100,47,Male,Southwest,134,188.28,Bronze
C02101,42,Male,Southeast,1605,632.42,Silver
C02102,27,Male,West,508,181.13,Bronze
C02103,27,Female,Southwest,1452,103.13,Bronze
C02104,51,Male,Midwest,463,339.97,Silver
C02105,23,Male,Southeast,671,90.54,Bronze
C02106,57,Male,West,722,396.26,Silver
C02107,27,Female,Southwest,1020,83.53,Bronze
C02108,45,Male,West,951,183.62,Bronze
C02109,34,Male,Southeast,223,67.45,Bronze
C02110,45,Female,Southwest,872,3108.05,Gold
C02111,31,Female,Southeast,830,55.23,Bronze
C02112,36,Female,Midwest,1519,246.86,Bronze
C02113,38,Male,West,1394,684.7,Silver
C02114,25,Female,Northeast,88,621.88,Silver
C02115,46,Female,West,1591,526.48,Silver
C02116,31,Male,Midwest,507,183.92,Bronze
C02117,35,Female,Southwest,1156,825.49,Gold
C02118,26,Male,Northeast,562,556.71,Silver
C02119,18,Female,Midwest,621,296.21,Bronze
C02120,35,Male,West,868,303.85,Silver
C02121,66,Female,Northeast,1764,186.13,Bronze
C02122,47,Male,Northeast,1375,107.91,Bronze
C02123,37,Female,Southwest,578,745.04,Silver
C02124,34,Male,Southeast,1067,797.11,Silver
C02125,38,Female,Southwest,1509,110.42,Bronze
C02126,44,Female,Northeast,250,213.06,Bronze
C02127,23,Male,Southeast,905,215.06,Bronze
C02128,51,Female,West,1444,237.61,Bronze
C02129,46,Other,West,707,259.27,Bronze
C02130,46,Male,Midwest,1226,573.74,Silver
C02131,43,Male,Midwest,691,124.9,Bronze
C02132,38,Female,West,713,114.24,Bronze
C02133,46,Male,Southeast,1134,744.68,Silver
C02134,45,Male,Midwest,365,161.36,Bronze
C02135,33,Male,Northeast,254,78.51,Bronze
C02136,31,Male,Midwest,900,158.12,Bronze
C02137,39,Male,Southeast,64,181.81,Bronze
C02138,56,Male,Southeast,217,991.75,Gold
C02139,23,Female,Midwest,1277,562.47,Silver
C02140,20,Female,Northeast,672,687.3,Silver
C02141,39,Male,Northeast,992,511.82,Silver
C02142,38,Female,West,997,573.42,Silver
C02143,40,Female,Midwest,523,131.73,Bronze
C02144,40,Female,Southwest,340,204.64,Bronze
C02145,35,Male,West,550,100.39,Bronze
C02146,55,Male,Northeast,1634,202.46,Bronze
C02147,18,Female,West,1593,452.91,Silver
C02148,28,Female,Northeast,398,276.2,Bronze
C02149,36,Female,West,1528,796.58,Silver
C02150,18,Female,Southwest,775,87.6,Bronze
C02151,35,Male,Midwest,60,383.84,Silver
C02152,57,Female,West,1285,79.56,Bronze
C02153,38,Male,Southeast,1027,266.34,Bronze
C02154,40,Male,Midwest,526,476.42,Silver
C02155,22,Female,Southwest,1619,201.73,Bronze
C02156,30,Male,Northeast,993,401.82,Silver
C02157,33,Male,Southeast,1228,103.16,Bronze
C02158,34,Female,Midwest,327,54.74,Bronze
C02159,53,Male,West,1418,403.96,Silver
C02160,44,Other,Southeast,1139,1175.69,Gold
C02161,24,Other,Southwest,606,99.84,Bronze
C02162,40,Female,Northeast,1142,735.08,Silver
C02163,43,Male,Southeast,83,254.44,Bronze
C02164,51,Male,West,1683,73.54,Bronze
C02165,56,Male,Southeast,1414,88.38,Bronze
C02166,25,Male,West,1529,248.19,Bronze
C02167,28,Male,Northeast,258,170.03,Bronze
C02168,22,Other,Northeast,808,75.07,Bronze
C02169,35,Male,Northeast,1587,53.27,Bronze
C02170,43,Female,Southwest,1812,114.2,Bronze
C02171,49,Male,Midwest,1014,291.32,Bronze
C02172,37,Female,West,402,243.29,Bronze
C02173,34,Female,Southeast,498,155.85,Bronze
C02174,39,Male,Midwest,449,293.45,Bronze
C02175,27,Male,Midwest,561,623.92,Silver
C02176,63,Female,Southwest,1453,348.88,Silver
C02177,18,Female,West,1017,219.38,Bronze
C02178,40,Female,West,1237,564.12,Silver
C02179,62,Male,Northeast,591,103.14,Bronze
C02180,38,Male,Midwest,119,199.85,Bronze
C02181,35,Female,Midwest,1669,204.18,Bronze
C02182,33,Female,Southwest,1759,80.38,Bronze
C02183,35,Male,Southeast,1436,167.69,Bronze
C02184,54,Female,Southeast,398,37.81,Bronze
C02185,18,Male,Southeast,1127,1367.8,Gold
C02186,56,Male,Southeast,1322,105.25,Bronze
C02187,20,Male,Northeast,44,1019.94,Gold
C02188,34,Male,Southwest,1382,253.22,Bronze
C02189,32,Female,Midwest,1445,406.82,Silver
C02190,45,Male,Southwest,1763,157.6,Bronze
C02191,18,Male,West,1487,295.05,Bronze
C02192,43,Female,Southeast,373,439.41,Silver
C02193,62,Female,Midwest,1248,445.01,Silver
C02194,21,Female,Northeast,1089,491.42,Silver
C02195,40,Female,Southwest,946,175.65,Bronze
C02196,30,Male,Southeast,234,158.8,Bronze
C02197,43,Female,Southeast,1704,58.28,Bronze
C02198,38,Female,Southeast,805,391.86,Silver
C02199,30,Female,Midwest,1110,648.16,Silver
C02200,43,Male,Southeast,1163,1047.73,Gold
C02201,59,Male,Southeast,715,322.03,Silver
C02202,35,Female,West,1549,122.75,Bronze
C02203,46,Male,West,747,53.12,Bronze
C02204,22,Female,Southeast,254,624.84,Silver
C02205,26,Female,Midwest,1439,48.59,Bronze
C02206,43,Female,Southwest,93,180.09,Bronze
C02207,55,Female,Northeast,1817,199.96,Bronze
C02208,42,Female,Southwest,977,229.86,Bronze
C02209,34,Male,Northeast,990,252.7,Bronze
C02210,37,Female,West,1405,277.09,Bronze
C02211,22,Female,Midwest,1516,27.83,Bronze
C02212,45,Male,Midwest,349,247.94,Bronze
C02213,48,Male,Southwest,386,32.9,Bronze
C02214,32,Male,Northeast,122,472.95,Silver
C02215,32,Female,Southeast,724,148.47,Bronze
C02216,41,Male,Midwest,1353,35.12,Bronze
C02217,32,Female,West,1779,117.59,Bronze
C02218,37,Male,Northeast,1547,146.49,Bronze
C02219,63,Male,West,1707,714.53,Silver
C02220,35,Female,Southeast,1648,292.06,Bronze
C02221,33,Male,Northeast,1442,333.62,Silver
C02222,30,Female,West,1664,708.46,Silver
C02223,46,Female,Northeast,463,224.41,Bronze
C02224,35,Female,Midwest,1155,482.4,Silver
C02225,30,Male,Northeast,870,452.81,Silver
C02226,53,Female,Southeast,1431,76.87,Bronze
C02227,55,Female,West,1636,921.21,Gold
C02228,30,Female,Midwest,1391,68.15,Bronze
C02229,18,Female,Southeast,1053,558.71,Silver
C02230,50,Female,Midwest,927,62.47,Bronze
C02231,29,Female,Southeast,913,420.36,Silver
C02232,47,Female,Midwest,807,1307.31,Gold
C02233,18,Male,Southwest,521,202.01,Bronze
C02234,48,Male,Southwest,1695,194.28,Bronze
C02235,23,Male,Northeast,1113,423.86,Silver
C02236,46,Male,Northeast,842,181.92,Bronze
C02237,38,Male,Southwest,1562,1256.96,Gold
C02238,26,Male,Midwest,421,290.9,Bronze
C02239,33,Female,Midwest,1172,183.43,Bronze
C02240,46,Male,West,1524,150.47,Bronze
C02241,39,Female,Southeast,1381,105.67,Bronze
C02242,45,Male,Midwest,50,139.08,Bronze
C02243,61,Male,Southwest,1150,178.47,Bronze
C02244,19,Male,West,542,157.77,Bronze
C02245,57,Male,Northeast,937,135.32,Bronze
C02246,39,Female,Northeast,744,1618.02,Gold
C02247,27,Female,Northeast,973,96.83,Bronze
C02248,22,Male,West,1693,279.21,Bronze
C02249,35,Male,Southeast,379,417.08,Silver
C02250,49,Male,Northeast,1185,431.43,Silver
C02251,36,Female,Southwest,575,232.12,Bronze
C02252,56,Female,Northeast,628,197.03,Bronze
C02253,20,Female,Northeast,61,367.38,Silver
C02254,37,Female,Southeast,288,311.02,Silver
C02255,22,Female,Southeast,505,193.82,Bronze
C02256,42,Male,Midwest,854,60.0,Bronze
C02257,48,Male,Southwest,1001,160.59,Bronze
C02258,32,Female,Southwest,949,87.19,Bronze
C02259,18,Female,Midwest,62,134.23,Bronze
C02260,40,Female,Southeast,928,252.12,Bronze
C02261,43,Female,Midwest,417,337.94,Silver
C02262,42,Male,Southeast,1614,1214.89,Gold
C02263,52,Female,Northeast,827,150.86,Bronze
C02264,25,Female,Southwest,485,491.35,Silver
C02265,46,Male,Northeast,1647,322.26,Silver
C02266,52,Female,Northeast,1197,785.56,Silver
C02267,18,Female,Midwest,1657,411.01,Silver
C02268,41,Male,Midwest,253,98.73,Bronze
C02269,31,Male,Northeast,246,51.9,Bronze
C02270,37,Male,Northeast,185,323.8,Silver
C02271,42,Female,Southeast,818,152.08,Bronze
C02272,32,Male,West,1573,101.26,Bronze
C02273,29,Female,Southeast,65,78.19,Bronze
C02274,38,Female,Midwest,665,282.84,Bronze
C02275,24,Male,Midwest,38,950.45,Gold
C02276,24,Female,Southwest,1093,169.39,Bronze
C02277,46,Other,Southeast,1522,416.23,Silver
C02278,24,Male,Northeast,208,223.18,Bronze
C02279,45,Male,Midwest,1694,76.67,Bronze
C02280,43,Female,West,988,474.06,Silver
C02281,18,Female,Northeast,530,91.36,Bronze
C02282,29,Male,Midwest,402,249.5,Bronze
C02283,52,Male,Northeast,1121,179.94,Bronze
C02284,26,Male,Northeast,999,546.63,Silver
C02285,32,Other,Midwest,1719,94.41,Bronze
C02286,43,Male,Southeast,1477,347.85,Silver
C02287,47,Female,West,544,114.91,Bronze
C02288,34,Female,West,393,154.47,Bronze
C02289,30,Male,Midwest,806,9.28,Bronze
C02290,55,Female,Southeast,1504,1608.23,Gold
C02291,58,Male,Midwest,1569,401.62,Silver
C02292,49,Female,Northeast,803,122.66,Bronze
C02293,39,Male,Southwest,358,88.93,Bronze
C02294,28,Female,Southwest,823,156.63,Bronze
C02295,28,Female,Northeast,991,466.47,Silver
C02296,44,Male,Northeast,399,44.57,Bronze
C02297,43,Male,Northeast,626,215.42,Bronze
C02298,54,Male,West,1440,1204.21,Gold
C02299,45,Male,West,1600,88.19,Bronze
C02300,19,Female,West,1167,263.05,Bronze
C02301,50,Female,West,600,1777.53,Gold
C02302,26,Male,Midwest,1091,432.22,Silver
C02303,33,Female,West,1598,274.06,Bronze
C02304,41,Female,West,406,386.05,Silver
C02305,61,Female,Midwest,1452,170.58,Bronze
C02306,75,Male,Midwest,1256,788.13,Silver
C02307,45,Male,West,1255,170.82,Bronze
C02308,35,Male,Midwest,129,41.96,Bronze
C02309,44,Female,West,1451,172.06,Bronze
C02310,48,Male,West,1503,102.51,Bronze
C02311,34,Male,West,845,189.98,Bronze
C02312,59,Male,West,147,193.8,Bronze
C02313,40,Female,Midwest,450,718.87,Silver
C02314,43,Male,West,1296,457.49,Silver
C02315,45,Male,Midwest,570,310.11,Silver
C02316,43,Male,Southeast,1280,244.04,Bronze
C02317,48,Male,Northeast,1554,94.35,Bronze
C02318,30,Female,Midwest,1266,34.36,Bronze
C02319,31,Male,Midwest,959,270.93,Bronze
C02320,24,Male,Southwest,728,500.28,Silver
C02321,43,Female,Southeast,142,221.96,Bronze
C02322,47,Male,Southeast,402,151.2,Bronze
C02323,43,Male,Northeast,328,371.69,Silver
C02324,58,Female,Northeast,1726,227.01,Bronze
C02325,37,Male,West,1072,1115.62,Gold
C02326,46,Male,Southeast,805,742.08,Silver
C02327,24,Male,West,700,580.31,Silver
C02328,33,Female,West,40,483.94,Silver
C02329,46,Female,Midwest,37,76.62,Bronze
C02330,48,Female,Southwest,1206,444.39,Silver
C02331,34,Female,Midwest,1678,343.33,Silver
C02332,37,Male,Southeast,1713,422.33,Silver
C02333,19,Male,Southwest,1603,381.21,Silver
C02334,33,Female,Southwest,1188,367.78,Silver
C02335,48,Female,Northeast,1426,2781.6,Gold
C02336,44,Male,Northeast,490,228.48,Bronze
C02337,44,Female,Northeast,1288,568.33,Silver
C02338,38,Male,Southeast,284,160.15,Bronze
C02339,38,Male,Southwest,615,498.49,Silver
C02340,30,Male,Midwest,1381,569.86,Silver
C02341,46,Male,Southeast,391,339.67,Silver
C02342,43,Female,Southwest,1427,1099.18,Gold
C02343,43,Female,Midwest,1032,110.4,Bronze
C02344,31,Male,Southeast,817,157.83,Bronze
C02345,18,Male,Southwest,238,296.23,Bronze
C02346,51,Female,West,296,540.63,Silver
C02347,32,Male,West,685,287.58,Bronze
C02348,27,Female,Midwest,1026,778.36,Silver
C02349,46,Male,West,583,134.89,Bronze
C02350,33,Female,Northeast,765,87.66,Bronze
C02351,50,Male,Midwest,1559,322.89,Silver
C02352,45,Male,Southwest,1617,228.27,Bronze
C02353,46,Male,Southeast,450,398.85,Silver
C02354,21,Male,West,337,238.73,Bronze
C02355,52,Male,Midwest,166,180.18,Bronze
C02356,41,Female,Northeast,1472,228.73,Bronze
C02357,33,Male,West,224,251.13,Bronze
C02358,39,Male,Northeast,1148,185.96,Bronze
C02359,18,Female,West,1543,203.81,Bronze
C02360,42,Female,Northeast,1311,170.16,Bronze
C02361,25,Female,Southwest,1078,529.01,Silver
C02362,21,Female,Southeast,1285,291.38,Bronze
C02363,19,Male,Southeast,1385,1865.11,Gold
C02364,51,Female,Northeast,635,282.77,Bronze
C02365,30,Female,Southwest,1043,149.04,Bronze
C02366,56,Female,West,891,2707.03,Gold
C02367,31,Male,West,250,355.05,Silver
C02368,18,Male,Midwest,326,596.52,Silver
C02369,24,Male,Midwest,1256,416.92,Silver
C02370,52,Female,Northeast,1040,428.68,Silver
C02371,36,Female,Midwest,372,396.27,Silver
C02372,31,Female,Southeast,622,90.75,Bronze
C02373,39,Male,Southwest,1258,340.62,Silver
C02374,44,Female,West,921,74.26,Bronze
C02375,51,Female,Southeast,106,209.15,Bronze
C02376,55,Male,Northeast,1603,127.35,Bronze
C02377,33,Female,West,736,337.55,Silver
C02378,22,Male,Northeast,1095,330.54,Silver
C02379,33,Female,Northeast,1508,377.3,Silver
C02380,41,Female,Northeast,1235,316.89,Silver
C02381,26,Female,Midwest,786,141.72,Bronze
C02382,26,Female,West,1248,193.47,Bronze
C02383,42,Female,Southeast,619,560.24,Silver
C02384,37,Female,Northeast,417,639.75,Silver
C02385,38,Male,Midwest,956,87.17,Bronze
C02386,28,Female,West,666,61.69,Bronze
C02387,35,Male,Southeast,170,127.2,Bronze
C02388,26,Male,Northeast,1080,626.84,Silver
C02389,48,Female,Southwest,1368,730.26,Silver
C02390,50,Female,Southwest,1374,106.46,Bronze
C02391,18,Male,Southwest,477,322.65,Silver
C02392,26,Male,West,322,1275.37,Gold
C02393,20,Male,Northeast,1807,355.59,Silver
C02394,30,Male,Northeast,1289,879.5,Gold
C02395,36,Male,Southeast,744,601.16,Silver
C02396,20,Female,Southeast,486,107.86,Bronze
C02397,26,Male,Southwest,921,206.24,Bronze
C02398,25,Male,West,868,252.47,Bronze
C02399,40,Male,West,683,268.73,Bronze
C02400,38,Other,Northeast,1659,558.19,Silver
C02401,29,Male,Southwest,693,353.48,Silver
C02402,40,Male,West,794,17.42,Bronze
C02403,31,Male,Northeast,1120,75.07,Bronze
C02404,34,Female,Southwest,205,34.17,Bronze
C02405,58,Female,Southeast,539,286.53,Bronze
C02406,54,Male,Northeast,1668,303.82,Silver
C02407,22,Male,West,1144,315.73,Silver
C02408,47,Male,West,734,103.23,Bronze
C02409,47,Female,Northeast,1219,448.87,Silver
C02410,24,Female,Southeast,631,466.21,Silver
C02411,47,Male,Southwest,867,79.07,Bronze
C02412,56,Male,West,1031,65.4,Bronze
C02413,24,Male,West,1491,244.66,Bronze
C02414,26,Male,Northeast,80,1227.34,Gold
C02415,50,Female,Northeast,1731,1129.77,Gold
C02416,41,Male,Southeast,715,406.29,Silver
C02417,44,Male,Southeast,1792,126.85,Bronze
C02418,42,Male,Southeast,295,543.57,Silver
C02419,42,Female,Northeast,1574,162.85,Bronze
C02420,22,Female,Midwest,1140,122.64,Bronze
C02421,50,Male,Southeast,635,35.53,Bronze
C02422,52,Male,West,1105,268.31,Bronze
C02423,35,Male,Northeast,1232,138.81,Bronze
C02424,37,Female,Midwest,1331,266.88,Bronze
C02425,19,Male,Northeast,1292,30.89,Bronze
C02426,44,Female,Midwest,614,285.1,Bronze
C02427,44,Female,Northeast,368,27.44,Bronze
C02428,37,Female,Southwest,1125,651.41,Silver
C02429,51,Male,West,403,391.39,Silver
C02430,33,Female,Midwest,609,190.41,Bronze
C02431,44,Female,Northeast,546,406.04,Silver
C02432,25,Male,Midwest,1291,101.47,Bronze
C02433,37,Male,West,1519,261.16,Bronze
C02434,35,Male,Northeast,150,500.34,Silver
C02435,40,Male,Midwest,1466,15.11,Bronze
C02436,33,Male,West,1776,163.61,Bronze
C02437,36,Female,West,866,239.76,Bronze
C02438,47,Male,West,599,205.07,Bronze
C02439,32,Female,Southwest,72,908.13,Gold
C02440,18,Male,Southwest,1557,88.99,Bronze
C02441,58,Other,Southeast,1250,139.9,Bronze
C02442,54,Male,Midwest,101,43.63,Bronze
C02443,22,Female,West,120,952.66,Gold
C02444,46,Male,West,1602,196.04,Bronze
C02445,31,Male,Southwest,520,164.92,Bronze
C02446,41,Female,Northeast,778,233.4,Bronze
C02447,41,Male,Southeast,1027,433.81,Silver
C02448,35,Female,Southeast,412,334.5,Silver
C02449,28,Female,Southeast,834,2652.07,Gold
C02450,29,Male,Southeast,1519,368.17,Silver
C02451,27,Female,West,1207,160.98,Bronze
C02452,28,Female,Northeast,199,147.64,Bronze
C02453,37,Male,West,1325,171.83,Bronze
C02454,29,Female,West,947,63.33,Bronze
C02455,46,Female,Southeast,1163,253.63,Bronze
C02456,55,Male,Southeast,180,495.28,Silver
C02457,31,Male,West,460,140.89,Bronze
C02458,40,Female,West,480,118.32,Bronze
C02459,43,Male,Southwest,672,957.52,Gold
C02460,43,Male,Southwest,809,67.77,Bronze
C02461,38,Male,Southwest,52,38.05,Bronze
C02462,46,Female,Midwest,396,86.69,Bronze
C02463,43,Male,Southwest,680,61.17,Bronze
C02464,23,Male,West,849,346.4,Silver
C02465,48,Female,Southwest,268,176.86,Bronze
C02466,48,Male,Northeast,463,200.79,Bronze
C02467,28,Female,Southwest,733,690.66,Silver
C02468,38,Other,Midwest,1180,131.34,Bronze
C02469,46,Female,West,971,491.56,Silver
C02470,35,Female,Northeast,570,953.55,Gold
C02471,50,Male,Southeast,662,162.37,Bronze
C02472,66,Female,Southeast,227,475.0,Silver
C02473,28,Male,Southeast,1739,196.83,Bronze
C02474,21,Male,Northeast,1709,562.1,Silver
C02475,41,Male,West,511,59.48,Bronze
C02476,46,Male,Northeast,1232,55.65,Bronze
C02477,35,Female,Southeast,898,172.06,Bronze
C02478,55,Male,Northeast,552,109.94,Bronze
C02479,21,Female,Midwest,680,153.69,Bronze
C02480,46,Female,Southeast,988,200.82,Bronze
C02481,30,Female,Southeast,466,467.79,Silver
C02482,58,Male,Midwest,1818,169.54,Bronze
C02483,61,Female,West,886,116.57,Bronze
C02484,28,Male,Northeast,343,178.33,Bronze
C02485,31,Male,Northeast,48,122.46,Bronze
C02486,48,Other,Southeast,1213,105.57,Bronze
C02487,33,Male,Southwest,847,57.3,Bronze
C02488,37,Male,Southeast,151,260.48,Bronze
C02489,38,Female,Midwest,101,146.67,Bronze
C02490,18,Male,Southeast,1108,583.85,Silver
C02491,37,Female,Midwest,489,66.51,Bronze
C02492,29,Male,Northeast,198,150.22,Bronze
C02493,32,Male,Northeast,1664,1250.9,Gold
C02494,55,Male,Midwest,611,105.04,Bronze
C02495,22,Male,Southeast,1202,197.77,Bronze
C02496,47,Male,Northeast,658,81.92,Bronze
C02497,34,Female,West,55,72.71,Bronze
C02498,34,Female,Southwest,1301,984.94,Gold
C02499,47,Female,Southeast,750,285.41,Bronze
C02500,42,Male,West,1280,275.98,Bronze
C02501,44,Female,Southwest,1679,53.16,Bronze
C02502,49,Female,West,1759,337.94,Silver
C02503,34,Female,Midwest,1537,693.45,Silver
C02504,30,Male,West,1063,688.51,Silver
C02505,24,Female,Northeast,1148,446.53,Silver
C02506,28,Female,Midwest,150,88.54,Bronze
C02507,73,Male,Southeast,155,324.35,Silver
C02508,52,Female,Northeast,578,446.23,Silver
C02509,21,Male,Midwest,1122,48.67,Bronze
C02510,22,Female,Northeast,326,89.2,Bronze
C02511,43,Female,West,715,544.21,Silver
C02512,44,Female,Midwest,1554,538.31,Silver
C02513,44,Male,Midwest,1002,60.72,Bronze
C02514,34,Male,Northeast,1098,500.46,Silver
C02515,36,Female,Northeast,664,266.61,Bronze
C02516,41,Male,Midwest,411,494.18,Silver
C02517,39,Male,Southwest,1080,138.23,Bronze
C02518,18,Female,Northeast,734,437.32,Silver
C02519,35,Female,Southeast,526,522.93,Silver
C02520,27,Male,Southwest,881,178.36,Bronze
C02521,40,Male,Northeast,1189,248.63,Bronze
C02522,73,Male,Southwest,736,136.5,Bronze
C02523,42,Female,Midwest,1102,1081.9,Gold
C02524,34,Female,Southeast,1661,219.59,Bronze
C02525,49,Female,Southeast,1560,106.72,Bronze
C02526,43,Female,Southeast,150,128.48,Bronze
C02527,43,Female,Southeast,1814,274.26,Bronze
C02528,45,Female,Southwest,1270,482.03,Silver
C02529,62,Male,West,655,73.53,Bronze
C02530,24,Female,West,555,1290.64,Gold
C02531,43,Male,West,1627,323.05,Silver
C02532,26,Female,Southeast,1096,372.34,Silver
C02533,44,Female,West,781,224.2,Bronze
C02534,26,Male,Midwest,125,248.97,Bronze
C02535,32,Female,West,56,214.12,Bronze
C02536,34,Male,Southeast,865,611.56,Silver
C02537,49,Female,West,1295,242.95,Bronze
C02538,49,Male,Southwest,516,488.01,Silver
C02539,23,Female,Southeast,269,165.59,Bronze
C02540,38,Male,Northeast,1357,291.8,Bronze
C02541,29,Male,Midwest,96,118.68,Bronze
C02542,22,Male,Southeast,1334,731.34,Silver
C02543,35,Male,West,1245,115.54,Bronze
C02544,34,Male,Southwest,1172,182.64,Bronze
C02545,67,Female,Midwest,1205,184.29,Bronze
C02546,43,Male,Midwest,1445,177.94,Bronze
C02547,21,Male,West,260,468.83,Silver
C02548,31,Male,Northeast,380,184.01,Bronze
C02549,50,Female,Southeast,790,857.94,Gold
C02550,63,Female,Southwest,1624,117.14,Bronze
C02551,18,Female,West,1582,284.99,Bronze
C02552,18,Female,Northeast,1224,121.73,Bronze
C02553,60,Male,Northeast,892,357.41,Silver
C02554,42,Male,West,1185,241.2,Bronze
C02555,27,Male,West,386,212.82,Bronze
C02556,44,Female,West,1701,713.1,Silver
C02557,18,Other,Southeast,1095,135.79,Bronze
C02558,38,Female,Southwest,1358,414.83,Silver
C02559,41,Male,Midwest,1059,122.48,Bronze
C02560,49,Male,West,358,270.81,Bronze
C02561,25,Male,Midwest,1223,83.43,Bronze
C02562,39,Female,Northeast,940,134.79,Bronze
C02563,26,Male,Southwest,367,227.25,Bronze
C02564,41,Female,Northeast,1780,1252.86,Gold
C02565,27,Male,Southeast,1122,267.93,Bronze
C02566,33,Female,West,911,1084.85,Gold
C02567,26,Female,West,568,298.36,Bronze
C02568,45,Female,West,766,172.71,Bronze
C02569,48,Female,Midwest,1560,977.91,Gold
C02570,35,Female,Southeast,1799,362.61,Silver
C02571,38,Female,Southwest,1539,137.22,Bronze
C02572,20,Female,Northeast,472,373.72,Silver
C02573,34,Female,Southwest,953,188.04,Bronze
C02574,37,Other,Southeast,949,40.85,Bronze
C02575,69,Female,West,80,568.14,Silver
C02576,24,Female,Northeast,178,655.53,Silver
C02577,55,Female,Midwest,1640,1279.4,Gold
C02578,49,Male,Southwest,1145,357.78,Silver
C02579,41,Male,Midwest,397,195.62,Bronze
C02580,59,Female,West,609,518.79,Silver
C02581,42,Female,West,1800,525.76,Silver
C02582,42,Female,West,685,1068.97,Gold
C02583,37,Male,Southwest,105,235.06,Bronze
C02584,52,Female,Midwest,1139,210.81,Bronze
C02585,51,Female,Northeast,256,128.51,Bronze
C02586,30,Male,Northeast,1416,396.91,Silver
C02587,22,Female,Southeast,988,60.74,Bronze
C02588,35,Female,Northeast,1621,492.0,Silver
C02589,28,Male,Midwest,621,415.32,Silver
C02590,37,Female,Northeast,53,414.29,Silver
C02591,52,Female,Northeast,1792,277.11,Bronze
C02592,32,Male,Northeast,57,972.32,Gold
C02593,37,Male,West,150,536.35,Silver
C02594,38,Other,Midwest,1543,141.69,Bronze
C02595,48,Male,Southeast,1658,143.99,Bronze
C02596,18,Male,Southwest,882,110.86,Bronze
C02597,30,Male,Northeast,653,401.88,Silver
C02598,40,Female,Southwest,919,99.47,Bronze
C02599,52,Female,West,1398,648.75,Silver
C02600,32,Female,Northeast,60,804.87,Gold
C02601,18,Male,West,1708,110.93,Bronze
C02602,45,Female,West,1280,207.06,Bronze
C02603,30,Male,Midwest,899,248.38,Bronze
C02604,23,Male,Southwest,1303,542.17,Silver
C02605,30,Male,Northeast,79,1041.49,Gold
C02606,35,Male,Southeast,755,53.68,Bronze
C02607,30,Female,Northeast,418,183.76,Bronze
C02608,18,Female,Northeast,973,192.59,Bronze
C02609,48,Male,Southeast,1341,69.37,Bronze
C02610,53,Female,Southwest,1760,158.13,Bronze
C02611,45,Female,Northeast,1819,359.6,Silver
C02612,24,Female,Midwest,1644,190.41,Bronze
C02613,35,Male,Midwest,1044,60.94,Bronze
C02614,37,Female,Southwest,504,3250.86,Gold
C02615,45,Male,Southwest,785,310.93,Silver
C02616,46,Female,West,632,270.57,Bronze
C02617,29,Male,Southwest,955,91.09,Bronze
C02618,38,Female,West,1059,309.4,Silver
C02619,43,Male,Southwest,822,211.07,Bronze
C02620,55,Male,West,441,44.72,Bronze
C02621,46,Female,Northeast,691,93.39,Bronze
C02622,47,Female,Southeast,1377,500.41,Silver
C02623,39,Female,West,1452,1407.56,Gold
C02624,54,Female,Southeast,1335,340.51,Silver
C02625,42,Male,Southeast,220,660.35,Silver
C02626,27,Female,Midwest,815,212.69,Bronze
C02627,54,Male,Southwest,614,226.36,Bronze
C02628,46,Male,Northeast,988,653.2,Silver
C02629,32,Female,West,529,1092.8,Gold
C02630,32,Female,West,609,789.17,Silver
C02631,41,Female,Southwest,845,93.72,Bronze
C02632,43,Female,Southwest,1487,230.38,Bronze
C02633,40,Female,West,1116,314.12,Silver
C02634,41,Male,Midwest,1506,193.7,Bronze
C02635,58,Male,Northeast,1546,346.91,Silver
C02636,50,Female,Midwest,1699,512.1,Silver
C02637,40,Male,West,1495,603.37,Silver
C02638,49,Male,Southwest,1360,1115.75,Gold
C02639,25,Male,West,809,181.91,Bronze
C02640,42,Female,Northeast,1788,71.69,Bronze
C02641,59,Male,Midwest,972,337.79,Silver
C02642,35,Female,Southeast,1179,1333.32,Gold
C02643,27,Female,Northeast,294,159.29,Bronze
C02644,30,Male,Northeast,36,454.03,Silver
C02645,24,Female,Northeast,1466,457.68,Silver
C02646,28,Female,West,1259,290.7,Bronze
C02647,33,Female,Southeast,1232,246.22,Bronze
C02648,21,Female,Southeast,1521,106.58,Bronze
C02649,38,Male,Southwest,1549,31.39,Bronze
C02650,48,Female,Southeast,724,89.96,Bronze
C02651,27,Male,Northeast,1021,172.21,Bronze
C02652,56,Female,Southeast,1496,657.0,Silver
C02653,44,Female,Northeast,947,223.0,Bronze
C02654,50,Female,Northeast,1281,153.37,Bronze
C02655,30,Male,Northeast,777,109.74,Bronze
C02656,48,Male,Midwest,175,441.92,Silver
C02657,24,Male,Northeast,1623,830.91,Gold
C02658,48,Male,Southeast,1349,637.21,Silver
C02659,40,Male,Southwest,270,422.22,Silver
C02660,44,Female,Midwest,886,64.84,Bronze
C02661,23,Male,Southwest,316,178.3,Bronze
C02662,27,Other,Midwest,981,1411.73,Gold
C02663,45,Male,Southeast,1728,671.66,Silver
C02664,26,Female,West,55,61.33,Bronze
C02665,43,Female,Northeast,481,232.75,Bronze
C02666,21,Female,Northeast,135,339.27,Silver
C02667,48,Female,West,269,123.23,Bronze
C02668,23,Male,Midwest,1471,30.62,Bronze
C02669,44,Female,West,361,267.45,Bronze
C02670,45,Male,Southwest,941,120.42,Bronze
C02671,29,Male,Southeast,1095,120.85,Bronze
C02672,44,Female,Midwest,674,177.82,Bronze
C02673,41,Female,Midwest,1609,216.96,Bronze
C02674,31,Female,Southwest,64,242.7,Bronze
C02675,25,Male,West,905,110.43,Bronze
C02676,18,Male,Southwest,1400,200.7,Bronze
C02677,42,Male,Southeast,413,50.32,Bronze
C02678,19,Male,West,1566,323.74,Silver
C02679,39,Male,Southeast,1791,18.72,Bronze
C02680,34,Male,Northeast,840,188.57,Bronze
C02681,46,Male,Southwest,1341,559.63,Silver
C02682,34,Female,Northeast,777,94.31,Bronze
C02683,34,Male,Southwest,988,466.28,Silver
C02684,46,Female,Northeast,1086,692.4,Silver
C02685,42,Male,West,124,12.46,Bronze
C02686,41,Female,Southeast,1049,213.53,Bronze
C02687,43,Female,Southeast,234,18.39,Bronze
C02688,19,Male,Northeast,1674,220.0,Bronze
C02689,47,Female,Midwest,863,243.12,Bronze
C02690,45,Male,Southeast,59,26.2,Bronze
C02691,25,Female,West,295,1383.48,Gold
C02692,35,Male,Northeast,52,316.53,Silver
C02693,37,Other,Northeast,638,113.96,Bronze
C02694,36,Male,Northeast,68,914.92,Gold
C02695,42,Male,Southeast,202,48.62,Bronze
C02696,55,Female,West,789,80.94,Bronze
C02697,50,Male,Southwest,1466,30.89,Bronze
C02698,22,Female,Southeast,443,1237.61,Gold
C02699,45,Male,Midwest,1727,330.01,Silver
C02700,53,Female,West,721,442.95,Silver
C02701,42,Male,Southeast,644,320.83,Silver
C02702,51,Female,Southeast,238,410.1,Silver
C02703,62,Female,Midwest,51,262.5,Bronze
C02704,50,Male,Northeast,34,312.26,Silver
C02705,40,Male,Northeast,680,269.57,Bronze
C02706,50,Male,Northeast,243,141.5,Bronze
C02707,39,Other,West,1725,234.64,Bronze
C02708,38,Male,Northeast,949,313.01,Silver
C02709,33,Male,Northeast,936,270.29,Bronze
C02710,56,Male,Southeast,1192,64.72,Bronze
C02711,28,Male,Northeast,1710,72.93,Bronze
C02712,56,Female,Northeast,701,648.43,Silver
C02713,43,Female,Southwest,1648,185.62,Bronze
C02714,21,Female,Northeast,696,414.16,Silver
C02715,42,Female,West,829,91.57,Bronze
C02716,18,Female,Southeast,346,64.99,Bronze
C02717,45,Male,West,822,114.52,Bronze
C02718,48,Male,Midwest,605,200.28,Bronze
C02719,30,Female,Southeast,1757,134.47,Bronze
C02720,39,Female,West,1209,784.1,Silver
C02721,61,Female,Midwest,1477,287.6,Bronze
C02722,31,Male,West,1553,1292.13,Gold
C02723,25,Male,Southeast,120,352.12,Silver
C02724,55,Male,Southwest,1707,27.9,Bronze
C02725,61,Female,West,1095,632.98,Silver
C02726,38,Female,Southwest,790,62.89,Bronze
C02727,50,Female,Midwest,1348,301.11,Silver
C02728,54,Male,Midwest,799,121.85,Bronze
C02729,29,Female,West,1390,1683.18,Gold
C02730,32,Male,Southwest,30,893.94,Gold
C02731,52,Male,Southwest,138,125.51,Bronze
C02732,58,Female,Southeast,957,218.19,Bronze
C02733,44,Male,West,1178,304.95,Silver
C02734,27,Male,Northeast,1117,532.23,Silver
C02735,61,Female,Midwest,235,251.2,Bronze
C02736,31,Female,Northeast,1468,97.28,Bronze
C02737,33,Male,Southeast,879,128.28,Bronze
C02738,42,Female,Southwest,1297,243.71,Bronze
C02739,56,Male,Northeast,619,743.23,Silver
C02740,48,Female,West,652,359.62,Silver
C02741,42,Female,Midwest,1707,121.99,Bronze
C02742,43,Female,Northeast,1269,438.58,Silver
C02743,38,Female,Southeast,994,172.73,Bronze
C02744,44,Male,Midwest,1581,545.32,Silver
C02745,18,Male,Northeast,994,2378.7,Gold
C02746,34,Male,West,1619,177.16,Bronze
C02747,40,Male,Southwest,682,503.43,Silver
C02748,24,Female,Northeast,1433,125.1,Bronze
C02749,42,Male,Northeast,108,221.18,Bronze
C02750,35,Male,Midwest,444,251.29,Bronze
C02751,59,Male,West,1506,205.55,Bronze
C02752,56,Other,Southeast,1202,2245.56,Gold
C02753,32,Male,Northeast,668,185.69,Bronze
C02754,36,Female,Midwest,1723,414.95,Silver
C02755,37,Male,Southwest,820,43.07,Bronze
C02756,32,Male,Southeast,1091,360.97,Silver
C02757,40,Female,Midwest,1210,683.93,Silver
C02758,28,Female,Southwest,362,152.19,Bronze
C02759,24,Female,West,317,25.55,Bronze
C02760,45,Female,West,1165,236.33,Bronze
C02761,45,Male,Midwest,1755,248.51,Bronze
C02762,28,Male,Southwest,1671,469.5,Silver
C02763,48,Female,West,1144,1494.9,Gold
C02764,30,Male,Southwest,1102,173.81,Bronze
C02765,41,Female,West,190,113.22,Bronze
C02766,47,Female,West,1569,85.61,Bronze
C02767,37,Male,Southeast,1455,292.44,Bronze
C02768,43,Female,Southeast,1763,376.69,Silver
C02769,31,Male,West,349,149.74,Bronze
C02770,35,Male,Southeast,953,493.15,Silver
C02771,35,Male,Midwest,393,371.98,Silver
C02772,29,Female,Southeast,1495,254.4,Bronze
C02773,35,Male,West,504,108.62,Bronze
C02774,19,Female,Northeast,1052,158.59,Bronze
C02775,32,Female,West,795,27.47,Bronze
C02776,34,Female,West,631,302.54,Silver
C02777,34,Female,Northeast,341,250.56,Bronze
C02778,35,Male,Midwest,1585,289.93,Bronze
C02779,37,Male,Southeast,618,385.25,Silver
C02780,43,Male,Southeast,1273,346.28,Silver
C02781,48,Female,Southeast,1727,221.55,Bronze
C02782,30,Other,Northeast,1550,255.65,Bronze
C02783,23,Female,Southwest,372,69.14,Bronze
C02784,25,Female,Northeast,935,144.7,Bronze
C02785,32,Female,West,1680,256.06,Bronze
C02786,33,Male,Southeast,1147,126.18,Bronze
C02787,28,Female,West,1186,530.67,Silver
C02788,22,Female,Southeast,1554,135.26,Bronze
C02789,32,Male,West,201,297.28,Bronze
C02790,40,Female,West,655,271.76,Bronze
C02791,45,Male,West,1062,478.98,Silver
C02792,31,Female,Northeast,711,550.44,Silver
C02793,33,Female,West,1374,456.98,Silver
C02794,26,Female,Southeast,1151,36.77,Bronze
C02795,37,Male,Northeast,1222,716.75,Silver
C02796,27,Female,Southeast,340,967.37,Gold
C02797,44,Female,Midwest,1783,158.55,Bronze
C02798,18,Male,Midwest,943,302.77,Silver
C02799,33,Female,West,1396,109.76,Bronze
C02800,41,Female,Southeast,459,42.37,Bronze
C02801,40,Female,Southeast,887,125.86,Bronze
C02802,70,Male,Northeast,1609,150.49,Bronze
C02803,42,Female,West,1553,177.8,Bronze
C02804,25,Female,Midwest,314,103.23,Bronze
C02805,36,Male,Southeast,1691,126.46,Bronze
C02806,18,Male,West,1313,242.28,Bronze
C02807,37,Female,Midwest,524,122.34,Bronze
C02808,28,Female,Midwest,384,399.08,Silver
C02809,48,Female,Midwest,243,451.92,Silver
C02810,31,Male,West,846,2084.63,Gold
C02811,36,Male,West,229,673.92,Silver
C02812,30,Male,Southeast,1289,304.54,Silver
C02813,58,Male,Northeast,882,140.02,Bronze
C02814,34,Female,Northeast,165,318.74,Silver
C02815,59,Female,West,977,328.3,Silver
C02816,47,Female,Southwest,657,154.16,Bronze
C02817,43,Male,Southeast,946,495.4,Silver
C02818,42,Female,Northeast,1720,69.53,Bronze
C02819,42,Male,West,1475,196.38,Bronze
C02820,18,Male,West,1394,403.54,Silver
C02821,34,Female,Southwest,371,188.89,Bronze
C02822,48,Female,West,1583,203.15,Bronze
C02823,37,Female,Southwest,417,216.15,Bronze
C02824,21,Male,Northeast,33,115.35,Bronze
C02825,37,Female,Northeast,706,703.81,Silver
C02826,58,Female,Northeast,1692,97.88,Bronze
C02827,52,Female,West,428,325.82,Silver
C02828,37,Male,Northeast,1475,355.06,Silver
C02829,49,Female,Midwest,440,104.19,Bronze
C02830,33,Female,Midwest,242,261.33,Bronze
C02831,18,Female,Southeast,589,107.91,Bronze
C02832,26,Male,Southwest,587,855.72,Gold
C02833,56,Male,Northeast,587,87.8,Bronze
C02834,34,Male,Southeast,1101,135.84,Bronze
C02835,35,Male,West,1240,81.3,Bronze
C02836,34,Female,Northeast,531,72.1,Bronze
C02837,60,Male,West,1685,1024.64,Gold
C02838,57,Male,West,673,398.81,Silver
C02839,64,Male,Southwest,560,277.62,Bronze
C02840,36,Male,Southwest,982,135.51,Bronze
C02841,41,Male,Southeast,816,553.83,Silver
C02842,19,Female,Midwest,504,116.54,Bronze
C02843,55,Female,Northeast,1797,499.83,Silver
C02844,23,Male,Southeast,71,111.58,Bronze
C02845,40,Male,Northeast,633,136.99,Bronze
C02846,24,Male,Southeast,1314,484.18,Silver
C02847,30,Male,Southwest,77,532.43,Silver
C02848,27,Female,Southeast,1639,418.94,Silver
C02849,30,Female,Midwest,757,95.13,Bronze
C02850,31,Female,Midwest,1499,163.69,Bronze
C02851,31,Female,Midwest,250,281.8,Bronze
C02852,48,Male,Southwest,1674,113.94,Bronze
C02853,24,Female,Southeast,1700,840.39,Gold
C02854,40,Female,West,969,28.17,Bronze
C02855,52,Female,Midwest,372,121.41,Bronze
C02856,31,Male,Northeast,1291,154.68,Bronze
C02857,29,Female,Midwest,184,18.92,Bronze
C02858,35,Female,West,967,69.64,Bronze
C02859,52,Female,Northeast,870,429.56,Silver
C02860,40,Male,Northeast,1109,251.45,Bronze
C02861,31,Female,Northeast,416,1008.1,Gold
C02862,43,Female,West,923,983.09,Gold
C02863,24,Female,West,1763,361.31,Silver
C02864,46,Female,Midwest,1368,324.38,Silver
C02865,42,Female,Midwest,67,259.65,Bronze
C02866,34,Male,Southwest,1394,22.43,Bronze
C02867,27,Female,West,880,69.75,Bronze
C02868,27,Male,West,758,267.9,Bronze
C02869,44,Female,West,260,425.99,Silver
C02870,52,Male,West,481,317.57,Silver
C02871,30,Female,Midwest,1395,109.59,Bronze
C02872,43,Female,Southwest,1506,568.88,Silver
C02873,18,Female,Southwest,286,929.08,Gold
C02874,30,Female,Northeast,463,569.18,Silver
C02875,37,Female,Northeast,238,596.24,Silver
C02876,27,Female,Southwest,1254,147.92,Bronze
C02877,26,Male,Southeast,166,644.41,Silver
C02878,29,Male,Southwest,1693,278.99,Bronze
C02879,41,Male,Southeast,594,387.77,Silver
C02880,35,Male,Northeast,885,339.98,Silver
C02881,18,Female,Northeast,1447,219.35,Bronze
C02882,18,Female,Northeast,1649,112.84,Bronze
C02883,30,Female,Southeast,750,227.26,Bronze
C02884,43,Male,Midwest,874,594.72,Silver
C02885,18,Male,West,65,164.46,Bronze
C02886,32,Female,Southwest,1268,546.76,Silver
C02887,31,Female,Midwest,56,475.02,Silver
C02888,54,Male,Midwest,1711,186.97,Bronze
C02889,33,Female,Midwest,47,853.99,Gold
C02890,42,Female,Midwest,659,177.68,Bronze
C02891,39,Male,Midwest,1190,952.03,Gold
C02892,18,Female,Northeast,608,361.66,Silver
C02893,47,Male,Northeast,932,241.22,Bronze
C02894,40,Female,Northeast,1004,110.05,Bronze
C02895,44,Male,Northeast,1083,226.01,Bronze
C02896,80,Male,West,1126,203.69,Bronze
C02897,18,Female,Northeast,152,78.85,Bronze
C02898,58,Male,Southwest,986,201.17,Bronze
C02899,34,Female,Southwest,1030,118.7,Bronze
C02900,41,Male,Southwest,1016,414.63,Silver
C02901,37,Male,Southwest,1281,792.86,Silver
C02902,32,Male,Southeast,367,81.11,Bronze
C02903,31,Female,Midwest,1020,1142.62,Gold
C02904,41,Female,Northeast,302,217.96,Bronze
C02905,19,Male,West,1811,101.75,Bronze
C02906,47,Female,Southwest,1490,483.95,Silver
C02907,33,Female,Southwest,931,163.73,Bronze
C02908,24,Female,Midwest,68,227.34,Bronze
C02909,32,Female,West,711,170.06,Bronze
C02910,53,Female,Northeast,455,117.32,Bronze
C02911,31,Female,Northeast,344,469.47,Silver
C02912,42,Male,West,643,189.11,Bronze
C02913,29,Male,Midwest,1562,67.16,Bronze
C02914,47,Male,Southwest,784,401.8,Silver
C02915,46,Male,Northeast,186,82.68,Bronze
C02916,60,Female,Southwest,901,86.67,Bronze
C02917,35,Male,Midwest,806,715.76,Silver
C02918,46,Male,West,286,83.37,Bronze
C02919,39,Female,West,884,30.42,Bronze
C02920,53,Male,Southwest,664,428.62,Silver
C02921,29,Male,Southeast,485,186.14,Bronze
C02922,46,Male,Southwest,76,201.16,Bronze
C02923,35,Female,Northeast,1385,184.37,Bronze
C02924,37,Male,Northeast,39,301.42,Silver
C02925,39,Male,Midwest,173,124.28,Bronze
C02926,41,Female,West,1484,923.81,Gold
C02927,36,Female,Midwest,1205,64.81,Bronze
C02928,40,Female,West,516,365.18,Silver
C02929,56,Female,West,1189,436.12,Silver
C02930,49,Male,Northeast,1640,123.51,Bronze
C02931,48,Male,Southwest,1079,97.38,Bronze
C02932,32,Male,Northeast,1060,611.22,Silver
C02933,27,Male,Southwest,620,100.31,Bronze
C02934,49,Male,Southeast,1068,141.74,Bronze
C02935,48,Male,Midwest,1485,543.8,Silver
C02936,55,Female,Midwest,928,252.46,Bronze
C02937,30,Female,Northeast,1453,48.55,Bronze
C02938,35,Male,Southeast,236,1178.92,Gold
C02939,18,Female,Northeast,1654,151.86,Bronze
C02940,33,Male,Northeast,1662,170.29,Bronze
C02941,49,Male,Northeast,939,308.03,Silver
C02942,32,Female,Midwest,1269,429.48,Silver
C02943,45,Male,West,1555,1429.38,Gold
C02944,35,Male,Midwest,1512,54.92,Bronze
C02945,41,Male,Southwest,288,514.58,Silver
C02946,24,Female,West,1382,477.57,Silver
C02947,39,Female,West,483,216.28,Bronze
C02948,18,Male,West,828,496.98,Silver
C02949,35,Female,Midwest,404,567.28,Silver
C02950,18,Female,West,493,70.54,Bronze
C02951,52,Female,Northeast,104,1181.8,Gold
C02952,47,Female,Southwest,271,60.17,Bronze
C02953,43,Male,West,1070,88.08,Bronze
C02954,56,Male,Southeast,1742,193.33,Bronze
C02955,26,Female,West,1312,1383.6,Gold
C02956,58,Female,Northeast,152,185.41,Bronze
C02957,49,Female,Northeast,1364,237.76,Bronze
C02958,35,Female,Northeast,140,887.91,Gold
C02959,51,Female,West,1309,186.74,Bronze
C02960,24,Female,West,263,84.72,Bronze
C02961,28,Female,West,997,168.09,Bronze
C02962,30,Female,Northeast,526,840.26,Gold
C02963,31,Female,Midwest,1093,260.81,Bronze
C02964,25,Male,West,1175,1390.74,Gold
C02965,52,Male,Northeast,1503,475.39,Silver
C02966,34,Female,West,756,136.96,Bronze
C02967,42,Female,Northeast,1572,256.2,Bronze
C02968,31,Female,Northeast,121,113.53,Bronze
C02969,18,Female,Midwest,1414,134.08,Bronze
C02970,41,Male,West,1176,13782.79,Gold
C02971,18,Male,Northeast,366,612.02,Silver
C02972,37,Female,Northeast,1661,531.12,Silver
C02973,21,Male,Northeast,542,139.65,Bronze
C02974,61,Male,Southeast,632,1004.88,Gold
C02975,48,Male,Southeast,457,658.18,Silver
C02976,39,Male,Southeast,1486,1330.7,Gold
C02977,53,Female,West,36,1273.85,Gold
C02978,27,Male,Midwest,149,64.64,Bronze
C02979,44,Female,West,416,90.12,Bronze
C02980,40,Male,West,1403,99.15,Bronze
C02981,41,Female,Northeast,670,104.63,Bronze
C02982,53,Male,Northeast,1744,327.38,Silver
C02983,46,Female,Southwest,1151,146.92,Bronze
C02984,41,Female,Northeast,1096,1580.25,Gold
C02985,18,Male,Northeast,212,1358.6,Gold
C02986,26,Female,Northeast,726,243.27,Bronze
C02987,36,Female,West,594,1421.96,Gold
C02988,39,Male,Midwest,1793,933.85,Gold
C02989,24,Male,Southwest,1726,163.1,Bronze
C02990,66,Female,Southwest,1288,40.11,Bronze
C02991,56,Female,Southeast,475,201.11,Bronze
C02992,45,Male,Southeast,229,136.98,Bronze
C02993,38,Male,Southeast,977,294.67,Bronze
C02994,35,Female,Northeast,542,265.15,Bronze
C02995,26,Female,Northeast,1579,258.97,Bronze
C02996,38,Female,Northeast,1019,392.02,Silver
C02997,41,Male,Northeast,242,82.17,Bronze
C02998,23,Female,Southeast,1431,354.33,Silver
C02999,42,Male,Southeast,575,164.74,Bronze
C03000,36,Male,Southwest,515,292.94,Bronze
C03001,18,Female,Midwest,1414,579.21,Silver
C03002,27,Other,Southwest,197,81.29,Bronze
C03003,33,Male,Southeast,919,189.96,Bronze
C03004,60,Male,Midwest,960,219.93,Bronze
C03005,44,Female,Southeast,1735,154.03,Bronze
C03006,21,Female,Northeast,1647,549.96,Silver
C03007,43,Female,Northeast,1457,127.95,Bronze
C03008,19,Female,Southwest,857,148.43,Bronze
C03009,50,Male,Southwest,166,129.16,Bronze
C03010,32,Other,Northeast,1286,653.83,Silver
C03011,36,Female,Northeast,144,157.09,Bronze
C03012,53,Female,Midwest,1305,370.2,Silver
C03013,22,Female,Northeast,1546,1448.28,Gold
C03014,21,Female,Southeast,1342,228.76,Bronze
C03015,30,Male,Northeast,1102,665.71,Silver
C03016,50,Male,Midwest,1505,1101.27,Gold
C03017,19,Female,Southeast,545,616.76,Silver
C03018,18,Male,Southeast,717,241.02,Bronze
C03019,32,Male,Northeast,1049,436.11,Silver
C03020,44,Female,Midwest,1325,76.81,Bronze
C03021,52,Female,Southwest,1484,121.26,Bronze
C03022,32,Male,Southeast,1079,142.0,Bronze
C03023,33,Female,Southwest,1123,1838.22,Gold
C03024,51,Female,West,322,117.76,Bronze
C03025,18,Female,Southwest,1459,116.2,Bronze
C03026,33,Female,West,1287,95.63,Bronze
C03027,40,Male,West,260,404.98,Silver
C03028,43,Male,Southwest,1316,278.21,Bronze
C03029,31,Male,Northeast,967,650.72,Silver
C03030,38,Female,Midwest,1639,447.7,Silver
C03031,18,Female,Southwest,1174,70.64,Bronze
C03032,30,Female,West,1516,118.33,Bronze
C03033,43,Female,Southwest,547,836.14,Gold
C03034,26,Female,West,1077,203.78,Bronze
C03035,38,Female,Southwest,735,712.54,Silver
C03036,43,Male,West,1733,213.85,Bronze
C03037,33,Male,West,406,102.42,Bronze
C03038,40,Female,Midwest,1553,186.25,Bronze
C03039,26,Male,Southwest,466,102.39,Bronze
C03040,35,Male,West,882,147.08,Bronze
C03041,45,Female,West,1775,293.19,Bronze
C03042,39,Male,West,1698,387.78,Silver
C03043,30,Female,Southeast,999,58.49,Bronze
C03044,40,Male,Northeast,528,240.9,Bronze
C03045,46,Male,Southwest,1227,144.32,Bronze
C03046,18,Male,Midwest,1716,136.51,Bronze
C03047,51,Female,Southeast,629,275.73,Bronze
C03048,33,Male,Northeast,1562,149.1,Bronze
C03049,43,Female,West,807,848.89,Gold
C03050,52,Female,West,1363,712.84,Silver
C03051,21,Female,West,99,708.85,Silver
C03052,29,Male,West,234,156.74,Bronze
C03053,34,Male,Southeast,370,102.9,Bronze
C03054,28,Female,Southeast,1085,263.44,Bronze
C03055,58,Female,Northeast,1096,213.72,Bronze
C03056,27,Other,West,147,141.47,Bronze
C03057,31,Male,Northeast,918,84.93,Bronze
C03058,40,Female,West,44,235.72,Bronze
C03059,23,Male,Midwest,1375,170.09,Bronze
C03060,33,Male,Midwest,940,454.64,Silver
C03061,41,Male,Southwest,656,445.23,Silver
C03062,34,Male,Northeast,1390,659.0,Silver
C03063,36,Female,West,1585,78.78,Bronze
C03064,31,Male,Northeast,719,351.06,Silver
C03065,19,Female,Northeast,803,127.14,Bronze
C03066,41,Male,Midwest,1644,81.58,Bronze
C03067,59,Female,Northeast,1434,166.38,Bronze
C03068,38,Male,West,1564,640.23,Silver
C03069,40,Male,Midwest,942,175.02,Bronze
C03070,46,Male,Northeast,149,1001.15,Gold
C03071,22,Male,Northeast,55,401.01,Silver
C03072,58,Female,West,1587,171.63,Bronze
C03073,40,Male,West,1766,695.09,Silver
C03074,57,Female,Midwest,93,365.35,Silver
C03075,29,Male,Midwest,489,105.71,Bronze
C03076,59,Female,West,1779,1303.65,Gold
C03077,47,Female,West,343,309.06,Silver
C03078,44,Male,Southeast,834,248.87,Bronze
C03079,40,Male,West,1643,113.3,Bronze
C03080,35,Male,West,1269,707.39,Silver
C03081,52,Female,West,1509,389.77,Silver
C03082,39,Male,West,1015,431.09,Silver
C03083,18,Female,Southwest,765,154.97,Bronze
C03084,24,Female,Northeast,918,518.37,Silver
C03085,35,Female,Southwest,1593,555.92,Silver
C03086,41,Female,Midwest,1011,134.03,Bronze
C03087,37,Female,West,1766,68.35,Bronze
C03088,52,Male,Northeast,608,412.91,Silver
C03089,18,Female,Southeast,1526,59.38,Bronze
C03090,39,Female,West,1412,280.57,Bronze
C03091,18,Male,West,1179,163.61,Bronze
C03092,47,Female,Northeast,1001,732.75,Silver
C03093,36,Male,Midwest,890,171.82,Bronze
C03094,43,Female,Northeast,736,662.85,Silver
C03095,27,Female,Southwest,1739,154.04,Bronze
C03096,53,Male,Southwest,1140,601.84,Silver
C03097,50,Female,Northeast,1396,1562.91,Gold
C03098,45,Male,Southwest,424,93.57,Bronze
C03099,36,Male,Southwest,513,318.25,Silver
C03100,44,Male,Southeast,695,2904.17,Gold
C03101,29,Female,West,485,259.8,Bronze
C03102,48,Male,Midwest,1529,258.68,Bronze
C03103,57,Male,West,239,497.53,Silver
C03104,50,Female,Southeast,554,253.91,Bronze
C03105,29,Male,Southeast,705,52.64,Bronze
C03106,42,Male,Midwest,1031,677.94,Silver
C03107,22,Male,Northeast,1820,40.34,Bronze
C03108,44,Male,West,925,168.16,Bronze
C03109,43,Male,Southeast,1033,725.37,Silver
C03110,18,Male,Southeast,1629,177.53,Bronze
C03111,24,Other,Southwest,336,131.06,Bronze
C03112,34,Female,Midwest,1129,539.87,Silver
C03113,34,Male,Midwest,1075,113.75,Bronze
C03114,23,Male,Southwest,89,81.45,Bronze
C03115,42,Male,Southwest,415,313.27,Silver
C03116,41,Female,Northeast,85,207.55,Bronze
C03117,35,Male,Midwest,197,79.89,Bronze
C03118,28,Male,Southwest,1465,434.09,Silver
C03119,50,Female,Southeast,746,371.68,Silver
C03120,57,Male,Southeast,894,177.01,Bronze
C03121,32,Male,Northeast,1824,188.26,Bronze
C03122,30,Female,Northeast,1244,373.66,Silver
C03123,43,Female,West,511,714.32,Silver
C03124,33,Male,West,1620,189.71,Bronze
C03125,36,Female,Southwest,1469,441.08,Silver
C03126,46,Male,West,369,406.95,Silver
C03127,18,Female,Southeast,825,539.9,Silver
C03128,53,Female,Northeast,921,253.5,Bronze
C03129,38,Female,Southwest,805,107.65,Bronze
C03130,33,Female,Southeast,1312,161.38,Bronze
C03131,36,Female,Southeast,1403,333.14,Silver
C03132,37,Female,Southwest,630,1257.17,Gold
C03133,18,Female,Midwest,466,158.28,Bronze
C03134,55,Male,Northeast,1275,504.87,Silver
C03135,38,Male,Southwest,1466,182.14,Bronze
C03136,43,Female,Southwest,1403,270.27,Bronze
C03137,49,Female,Northeast,1535,957.05,Gold
C03138,25,Male,Southwest,1654,486.8,Silver
C03139,43,Female,Southeast,1112,80.06,Bronze
C03140,34,Female,Midwest,181,146.17,Bronze
C03141,48,Other,Southwest,963,757.94,Silver
C03142,18,Female,Southwest,569,278.02,Bronze
C03143,36,Male,Southeast,254,87.01,Bronze
C03144,30,Male,Northeast,1371,117.09,Bronze
C03145,43,Male,Northeast,592,460.88,Silver
C03146,43,Male,Midwest,1332,598.82,Silver
C03147,29,Female,Northeast,587,248.66,Bronze
C03148,29,Female,Southeast,1527,2270.56,Gold
C03149,36,Female,Northeast,647,513.75,Silver
C03150,27,Female,Southeast,53,196.54,Bronze
C03151,48,Male,Northeast,1572,117.43,Bronze
C03152,33,Male,West,397,101.76,Bronze
C03153,18,Male,Northeast,1028,330.92,Silver
C03154,33,Male,Southeast,364,157.61,Bronze
C03155,25,Female,Southwest,1486,1103.64,Gold
C03156,18,Male,West,32,915.69,Gold
C03157,23,Male,Northeast,1037,432.58,Silver
C03158,39,Male,Northeast,1311,84.68,Bronze
C03159,53,Female,West,292,133.62,Bronze
C03160,41,Male,Southeast,150,757.57,Silver
C03161,30,Female,West,1773,147.41,Bronze
C03162,43,Male,Midwest,50,671.78,Silver
C03163,32,Female,Southeast,934,375.08,Silver
C03164,29,Male,Midwest,169,256.35,Bronze
C03165,24,Female,West,1530,129.99,Bronze
C03166,18,Female,Southwest,1342,224.79,Bronze
C03167,33,Female,Northeast,235,290.23,Bronze
C03168,39,Female,Midwest,72,619.73,Silver
C03169,36,Male,Northeast,879,110.26,Bronze
C03170,33,Male,Midwest,1171,193.15,Bronze
C03171,26,Male,Southwest,1058,254.76,Bronze
C03172,45,Female,Southeast,236,444.26,Silver
C03173,22,Male,Southwest,664,108.03,Bronze
C03174,47,Male,West,374,74.82,Bronze
C03175,25,Female,Southwest,1195,448.8,Silver
C03176,28,Female,West,401,62.42,Bronze
C03177,20,Male,Northeast,1285,777.81,Silver
C03178,31,Female,Southeast,1217,212.65,Bronze
C03179,49,Female,Southeast,576,60.78,Bronze
C03180,44,Male,Northeast,1417,158.8,Bronze
C03181,49,Male,Midwest,1013,344.2,Silver
C03182,44,Female,Midwest,364,151.5,Bronze
C03183,24,Female,Southwest,40,249.14,Bronze
C03184,34,Male,Midwest,1461,476.31,Silver
C03185,28,Male,West,104,203.98,Bronze
C03186,53,Female,Southwest,1353,105.28,Bronze
C03187,23,Female,Southwest,976,186.96,Bronze
C03188,48,Female,Northeast,942,874.24,Gold
C03189,48,Male,Midwest,1434,1114.94,Gold
C03190,59,Male,Southeast,739,39.73,Bronze
C03191,33,Female,Southeast,882,653.23,Silver
C03192,46,Male,Southeast,805,306.47,Silver
C03193,65,Other,West,915,562.05,Silver
C03194,30,Female,Midwest,765,149.09,Bronze
C03195,19,Male,Midwest,663,49.83,Bronze
C03196,18,Female,Southwest,1639,414.07,Silver
C03197,46,Male,Northeast,1081,104.91,Bronze
C03198,18,Female,Midwest,1516,70.14,Bronze
C03199,33,Male,West,425,74.7,Bronze
C03200,43,Male,Northeast,712,420.24,Silver
C03201,40,Female,West,1429,277.41,Bronze
C03202,43,Female,Southeast,450,494.83,Silver
C03203,40,Male,Southwest,393,446.83,Silver
C03204,53,Female,Southeast,1269,167.53,Bronze
C03205,26,Male,Southeast,1154,229.65,Bronze
C03206,29,Male,Midwest,1811,154.42,Bronze
C03207,28,Male,Northeast,122,202.49,Bronze
C03208,47,Male,Southeast,1628,102.46,Bronze
C03209,48,Male,Southeast,295,347.73,Silver
C03210,43,Male,Southeast,235,643.94,Silver
C03211,52,Male,Midwest,1133,117.34,Bronze
C03212,23,Male,Midwest,66,775.22,Silver
C03213,58,Male,Midwest,1064,271.01,Bronze
C03214,56,Female,West,1680,303.98,Silver
C03215,46,Male,Southeast,1143,53.01,Bronze
C03216,59,Female,Northeast,773,48.11,Bronze
C03217,18,Female,West,48,278.58,Bronze
C03218,31,Female,Southwest,1617,498.08,Silver
C03219,29,Female,Southeast,403,133.72,Bronze
C03220,46,Female,Southeast,123,1100.02,Gold
C03221,25,Male,Midwest,61,474.11,Silver
C03222,47,Female,Midwest,1716,108.04,Bronze
C03223,54,Female,West,169,251.58,Bronze
C03224,46,Female,Northeast,1623,2273.86,Gold
C03225,41,Female,West,1002,79.97,Bronze
C03226,26,Male,Northeast,1074,393.64,Silver
C03227,27,Female,Midwest,1202,183.01,Bronze
C03228,52,Female,West,1274,462.3,Silver
C03229,47,Male,Midwest,762,765.51,Silver
C03230,37,Male,Northeast,783,172.84,Bronze
C03231,32,Female,Southwest,1272,669.83,Silver
C03232,18,Female,Southwest,1594,1806.39,Gold
C03233,25,Female,West,1612,259.73,Bronze
C03234,60,Female,Southeast,87,495.91,Silver
C03235,22,Male,Northeast,1478,143.83,Bronze
C03236,40,Male,Southwest,1328,248.97,Bronze
C03237,50,Male,Midwest,169,208.72,Bronze
C03238,22,Male,Southwest,1076,501.32,Silver
C03239,40,Male,Southeast,930,723.58,Silver
C03240,49,Male,Southeast,407,221.7,Bronze
C03241,38,Female,Southwest,951,972.88,Gold
C03242,72,Female,Midwest,402,969.75,Gold
C03243,18,Male,Northeast,1116,524.35,Silver
C03244,50,Male,Northeast,1617,153.79,Bronze
C03245,35,Male,Midwest,807,141.08,Bronze
C03246,47,Female,Northeast,1395,117.78,Bronze
C03247,43,Male,Midwest,196,574.93,Silver
C03248,29,Male,Southeast,1204,82.22,Bronze
C03249,40,Female,West,552,449.96,Silver
C03250,18,Female,Southeast,1660,92.48,Bronze
C03251,45,Male,Southwest,613,513.47,Silver
C03252,41,Male,Northeast,530,248.51,Bronze
C03253,45,Male,Midwest,925,812.63,Gold
C03254,50,Female,Northeast,1028,683.56,Silver
C03255,42,Female,West,589,890.3,Gold
C03256,39,Male,Southwest,1401,911.18,Gold
C03257,27,Female,West,1325,278.46,Bronze
C03258,29,Male,Midwest,1483,86.24,Bronze
C03259,52,Male,Midwest,1041,94.89,Bronze
C03260,55,Male,West,1660,37.41,Bronze
C03261,35,Female,Southwest,262,92.27,Bronze
C03262,38,Male,Southwest,589,260.33,Bronze
C03263,27,Male,Southeast,1261,147.87,Bronze
C03264,52,Male,Southwest,1506,208.07,Bronze
C03265,45,Male,Northeast,1792,381.25,Silver
C03266,61,Female,Southeast,1554,186.11,Bronze
C03267,27,Male,Northeast,950,89.15,Bronze
C03268,33,Male,Southeast,1642,233.25,Bronze
C03269,40,Female,West,890,109.0,Bronze
C03270,45,Female,Southwest,1272,191.77,Bronze
C03271,35,Female,West,901,819.34,Gold
C03272,27,Female,West,110,191.82,Bronze
C03273,48,Male,Midwest,1602,1204.55,Gold
C03274,46,Female,West,643,887.56,Gold
C03275,27,Female,Southeast,732,145.27,Bronze
C03276,54,Male,West,570,90.02,Bronze
C03277,52,Female,West,794,233.39,Bronze
C03278,39,Male,West,1304,690.9,Silver
C03279,38,Other,Midwest,767,157.41,Bronze
C03280,44,Female,Southwest,635,554.06,Silver
C03281,27,Female,Southeast,1468,726.03,Silver
C03282,38,Female,Southeast,1139,121.92,Bronze
C03283,18,Female,West,651,133.16,Bronze
C03284,48,Male,Midwest,1270,464.7,Silver
C03285,19,Male,Southwest,1051,280.52,Bronze
C03286,56,Male,Southeast,225,131.97,Bronze
C03287,34,Male,Southeast,1024,178.22,Bronze
C03288,35,Female,Southwest,1350,229.64,Bronze
C03289,30,Male,Midwest,975,59.84,Bronze
C03290,34,Male,Midwest,73,487.4,Silver
C03291,55,Female,Southeast,422,159.04,Bronze
C03292,18,Female,Southeast,1496,19.98,Bronze
C03293,53,Male,West,1143,239.49,Bronze
C03294,42,Male,Northeast,184,125.54,Bronze
C03295,23,Male,Southwest,1007,1118.72,Gold
C03296,25,Female,West,1531,144.47,Bronze
C03297,58,Male,Northeast,1674,91.11,Bronze
C03298,26,Female,West,88,386.5,Silver
C03299,24,Male,West,139,135.04,Bronze
C03300,51,Male,Northeast,508,121.33,Bronze
C03301,42,Female,Southeast,647,387.05,Silver
C03302,26,Male,Southeast,1786,95.93,Bronze
C03303,40,Male,West,1647,65.92,Bronze
C03304,25,Male,West,813,1156.78,Gold
C03305,51,Female,Midwest,1102,412.22,Silver
C03306,50,Female,West,1430,192.91,Bronze
C03307,44,Male,West,1085,243.93,Bronze
C03308,42,Male,West,1539,385.78,Silver
C03309,59,Male,West,630,587.57,Silver
C03310,37,Female,Southeast,969,123.92,Bronze
C03311,23,Female,Southwest,1021,340.2,Silver
C03312,43,Female,West,560,155.08,Bronze
C03313,63,Female,West,1056,206.42,Bronze
C03314,25,Male,Midwest,407,282.77,Bronze
C03315,33,Male,Northeast,601,243.23,Bronze
C03316,42,Male,Midwest,1295,474.38,Silver
C03317,37,Male,Southeast,1594,379.32,Silver
C03318,26,Male,West,616,62.97,Bronze
C03319,51,Female,Midwest,1635,72.09,Bronze
C03320,65,Female,West,1648,175.43,Bronze
C03321,40,Female,West,386,1268.72,Gold
C03322,27,Male,West,714,113.7,Bronze
C03323,19,Female,Northeast,1250,202.88,Bronze
C03324,41,Female,Southwest,887,151.0,Bronze
C03325,51,Female,West,1472,148.62,Bronze
C03326,43,Male,West,688,287.27,Bronze
C03327,37,Male,Southeast,1326,863.25,Gold
C03328,30,Male,Midwest,1555,368.84,Silver
C03329,24,Male,Northeast,64,118.73,Bronze
C03330,48,Female,Midwest,1036,2915.82,Gold
C03331,48,Male,Northeast,1678,262.62,Bronze
C03332,19,Male,Midwest,490,145.55,Bronze
C03333,57,Female,West,747,872.08,Gold
C03334,44,Female,Southeast,1723,160.43,Bronze
C03335,54,Male,Midwest,1306,1092.94,Gold
C03336,21,Female,Southwest,1687,111.77,Bronze
C03337,21,Male,Northeast,541,886.28,Gold
C03338,36,Male,West,1101,293.23,Bronze
C03339,44,Male,Northeast,1238,782.07,Silver
C03340,59,Female,Northeast,520,1355.04,Gold
C03341,46,Female,Northeast,302,88.29,Bronze
C03342,35,Male,West,1666,771.39,Silver
C03343,25,Female,Southeast,1042,68.85,Bronze
C03344,52,Male,Southwest,556,95.35,Bronze
C03345,26,Female,Midwest,1181,118.74,Bronze
C03346,57,Male,Northeast,239,385.01,Silver
C03347,34,Male,West,653,252.07,Bronze
C03348,57,Female,Northeast,1195,210.52,Bronze
C03349,46,Female,West,202,279.11,Bronze
C03350,36,Male,Northeast,1731,416.61,Silver
C03351,31,Male,Southeast,476,446.49,Silver
C03352,33,Male,West,1172,655.08,Silver
C03353,43,Male,Southwest,1768,1258.95,Gold
C03354,38,Female,Southeast,40,240.03,Bronze
C03355,30,Female,West,790,153.09,Bronze
C03356,36,Male,Northeast,1357,425.04,Silver
C03357,38,Male,West,1813,87.37,Bronze
C03358,18,Female,West,1207,132.84,Bronze
C03359,43,Male,Northeast,352,601.51,Silver
C03360,26,Female,Southeast,1590,218.83,Bronze
C03361,24,Male,Northeast,1006,82.49,Bronze
C03362,18,Female,Southeast,474,64.02,Bronze
C03363,18,Female,Northeast,371,255.66,Bronze
C03364,21,Female,West,250,683.83,Silver
C03365,29,Female,Southwest,139,675.66,Silver
C03366,61,Male,Northeast,439,270.37,Bronze
C03367,31,Female,Midwest,1471,1492.22,Gold
C03368,40,Female,Midwest,1655,222.66,Bronze
C03369,42,Male,Southwest,534,216.0,Bronze
C03370,39,Male,Midwest,69,24.27,Bronze
C03371,37,Male,Midwest,1562,163.59,Bronze
C03372,23,Male,Midwest,1512,526.8,Silver
C03373,55,Male,Southeast,292,999.81,Gold
C03374,59,Female,Northeast,1723,115.91,Bronze
C03375,18,Male,Southeast,1171,370.94,Silver
C03376,25,Female,Northeast,1503,627.78,Silver
C03377,34,Male,Midwest,1821,247.17,Bronze
C03378,26,Male,Southeast,1467,31.34,Bronze
C03379,44,Female,Midwest,737,305.69,Silver
C03380,29,Female,Northeast,852,485.55,Silver
C03381,63,Male,Southwest,1579,104.31,Bronze
C03382,52,Male,Southwest,490,194.66,Bronze
C03383,40,Male,Northeast,1171,86.49,Bronze
C03384,50,Female,Southeast,246,24.21,Bronze
C03385,51,Female,West,1770,616.65,Silver
C03386,31,Male,Northeast,106,243.87,Bronze
C03387,28,Female,Southeast,1474,1030.61,Gold
C03388,38,Female,Southeast,921,529.32,Silver
C03389,48,Male,Southwest,1225,177.9,Bronze
C03390,39,Female,Southwest,419,227.04,Bronze
C03391,19,Female,Midwest,1079,407.3,Silver
C03392,28,Male,Midwest,1181,584.17,Silver
C03393,37,Male,Southwest,403,327.15,Silver
C03394,37,Male,Southwest,683,661.85,Silver
C03395,61,Male,Southwest,933,187.35,Bronze
C03396,21,Female,Northeast,1077,99.74,Bronze
C03397,44,Male,Northeast,1523,230.83,Bronze
C03398,55,Female,West,773,294.32,Bronze
C03399,65,Female,Midwest,452,82.98,Bronze
C03400,33,Female,Northeast,1230,73.48,Bronze
C03401,43,Female,Northeast,882,366.01,Silver
C03402,44,Male,Southwest,1800,169.74,Bronze
C03403,40,Male,Southwest,860,210.76,Bronze
C03404,36,Female,Southeast,1591,177.02,Bronze
C03405,43,Male,Southwest,1319,961.54,Gold
C03406,18,Male,Midwest,1002,761.72,Silver
C03407,46,Female,West,658,80.35,Bronze
C03408,39,Female,Midwest,599,151.48,Bronze
C03409,35,Male,Northeast,1323,525.84,Silver
C03410,62,Female,Midwest,1382,420.63,Silver
C03411,29,Female,Midwest,1508,235.73,Bronze
C03412,33,Male,Midwest,1348,87.9,Bronze
C03413,61,Male,Northeast,151,132.38,Bronze
C03414,28,Female,Southwest,188,153.69,Bronze
C03415,31,Male,Southeast,1231,313.97,Silver
C03416,36,Male,Northeast,1709,1133.83,Gold
C03417,48,Female,Midwest,1381,131.87,Bronze
C03418,40,Female,Midwest,336,97.18,Bronze
C03419,22,Male,Midwest,1142,221.91,Bronze
C03420,31,Male,West,780,619.28,Silver
C03421,30,Male,Midwest,1091,66.54,Bronze
C03422,37,Other,West,620,905.3,Gold
C03423,43,Male,West,375,209.59,Bronze
C03424,43,Female,Northeast,1305,126.36,Bronze
C03425,18,Female,Midwest,178,57.96,Bronze
C03426,50,Male,Southwest,1069,462.14,Silver
C03427,41,Other,Northeast,1420,209.76,Bronze
C03428,54,Female,Southeast,864,285.33,Bronze
C03429,43,Female,Southwest,810,108.77,Bronze
C03430,51,Male,Southeast,147,183.61,Bronze
C03431,43,Female,Midwest,733,157.92,Bronze
C03432,54,Female,Southwest,346,223.51,Bronze
C03433,44,Other,Northeast,317,133.94,Bronze
C03434,36,Male,Northeast,937,61.51,Bronze
C03435,65,Female,Southwest,1404,2851.64,Gold
C03436,48,Male,Southwest,326,71.73,Bronze
C03437,44,Male,Midwest,1247,288.1,Bronze
C03438,22,Male,Midwest,1445,49.66,Bronze
C03439,22,Female,West,472,40.55,Bronze
C03440,41,Male,West,1334,267.21,Bronze
C03441,39,Female,Southeast,930,286.27,Bronze
C03442,30,Other,Northeast,330,761.54,Silver
C03443,39,Male,Midwest,927,350.58,Silver
C03444,57,Female,Southwest,455,213.83,Bronze
C03445,46,Male,Southwest,279,104.1,Bronze
C03446,24,Male,Southwest,1796,943.04,Gold
C03447,36,Female,Southwest,1568,564.51,Silver
C03448,28,Female,Midwest,715,79.7,Bronze
C03449,33,Female,Midwest,781,253.2,Bronze
C03450,33,Female,West,1027,278.56,Bronze
C03451,32,Male,West,435,179.27,Bronze
C03452,22,Male,Midwest,1669,490.13,Silver
C03453,36,Female,Northeast,830,517.27,Silver
C03454,31,Male,Southwest,273,206.14,Bronze
C03455,18,Male,Midwest,396,190.04,Bronze
C03456,62,Female,Southeast,149,943.0,Gold
C03457,51,Male,West,879,566.54,Silver
C03458,33,Male,West,1493,261.16,Bronze
C03459,38,Female,Northeast,1824,56.47,Bronze
C03460,23,Female,West,1557,333.49,Silver
C03461,58,Female,Southeast,1635,458.64,Silver
C03462,60,Female,Northeast,462,20.51,Bronze
C03463,39,Male,Southeast,212,306.95,Silver
C03464,50,Female,West,1514,168.17,Bronze
C03465,40,Female,Southwest,788,200.58,Bronze
C03466,21,Male,West,1171,108.13,Bronze
C03467,33,Male,Southwest,60,214.14,Bronze
C03468,39,Female,Northeast,1006,856.45,Gold
C03469,32,Female,Northeast,1202,163.73,Bronze
C03470,35,Female,Midwest,557,583.48,Silver
C03471,36,Female,Southeast,1326,118.43,Bronze
C03472,37,Female,West,893,484.39,Silver
C03473,38,Other,West,1438,245.06,Bronze
C03474,25,Female,Southwest,131,335.9,Silver
C03475,29,Male,Southeast,1125,246.27,Bronze
C03476,22,Female,Midwest,1758,435.92,Silver
C03477,49,Male,Midwest,652,24.27,Bronze
C03478,18,Female,Southeast,834,68.18,Bronze
C03479,51,Female,Midwest,437,356.16,Silver
C03480,54,Female,Midwest,1400,38.89,Bronze
C03481,34,Female,Midwest,1420,151.79,Bronze
C03482,18,Male,Southeast,859,233.01,Bronze
C03483,33,Male,Northeast,818,116.13,Bronze
C03484,37,Male,Midwest,647,131.31,Bronze
C03485,25,Female,Southeast,578,312.44,Silver
C03486,31,Female,Northeast,320,606.9,Silver
C03487,56,Female,Southeast,451,103.28,Bronze
C03488,45,Male,Southeast,210,145.83,Bronze
C03489,26,Female,Southeast,684,126.71,Bronze
C03490,18,Female,Northeast,143,27.68,Bronze
C03491,34,Male,Midwest,1291,277.98,Bronze
C03492,35,Female,West,1147,567.5,Silver
C03493,43,Female,West,289,610.93,Silver
C03494,31,Female,West,1160,111.76,Bronze
C03495,44,Male,Midwest,273,79.32,Bronze
C03496,61,Female,Midwest,452,249.5,Bronze
C03497,47,Male,West,364,516.12,Silver
C03498,37,Other,Midwest,1076,281.28,Bronze
C03499,35,Male,West,300,317.47,Silver
C03500,33,Male,Midwest,1193,683.79,Silver
C03501,52,Female,Southeast,1519,125.81,Bronze
C03502,30,Male,West,483,200.74,Bronze
C03503,38,Female,Northeast,1437,1065.44,Gold
C03504,38,Female,Southeast,623,204.97,Bronze
C03505,31,Female,Southeast,1430,78.21,Bronze
C03506,21,Other,Southeast,1039,133.97,Bronze
C03507,41,Male,Southeast,1491,105.18,Bronze
C03508,37,Female,Midwest,885,337.46,Silver
C03509,44,Male,West,1475,109.25,Bronze
C03510,31,Male,West,1209,312.29,Silver
C03511,52,Female,Southeast,1388,126.16,Bronze
C03512,27,Male,Southwest,1584,36.2,Bronze
C03513,58,Female,Midwest,1634,322.45,Silver
C03514,18,Female,Southeast,161,279.67,Bronze
C03515,43,Female,West,797,389.94,Silver
C03516,43,Other,West,1774,133.53,Bronze
C03517,28,Male,West,530,121.32,Bronze
C03518,43,Female,Northeast,1575,351.19,Silver
C03519,53,Female,Midwest,1193,960.18,Gold
C03520,18,Female,Southwest,164,247.16,Bronze
C03521,44,Male,Midwest,796,358.57,Silver
C03522,18,Female,West,841,183.2,Bronze
C03523,26,Male,Midwest,1460,60.99,Bronze
C03524,57,Male,West,799,584.46,Silver
C03525,31,Female,Southeast,123,554.23,Silver
C03526,23,Female,Midwest,1294,463.91,Silver
C03527,35,Female,Northeast,1802,207.73,Bronze
C03528,62,Female,West,194,418.78,Silver
C03529,18,Female,West,354,546.97,Silver
C03530,25,Male,Northeast,1713,1051.68,Gold
C03531,55,Male,West,1271,595.66,Silver
C03532,60,Male,Southeast,969,259.16,Bronze
C03533,36,Female,Northeast,649,75.38,Bronze
C03534,23,Male,Southeast,260,281.49,Bronze
C03535,63,Male,Northeast,611,308.25,Silver
C03536,57,Female,Southeast,762,463.19,Silver
C03537,46,Male,Southeast,1639,827.58,Gold
C03538,28,Male,West,1232,224.61,Bronze
C03539,37,Female,West,1133,1621.15,Gold
C03540,36,Male,West,1407,50.23,Bronze
C03541,41,Male,Northeast,700,356.88,Silver
C03542,55,Male,Southwest,1734,119.26,Bronze
C03543,48,Female,West,1214,43.97,Bronze
C03544,25,Female,Northeast,1480,204.06,Bronze
C03545,54,Male,West,432,65.93,Bronze
C03546,41,Female,Northeast,1085,211.6,Bronze
C03547,46,Male,Midwest,150,252.47,Bronze
C03548,55,Female,Midwest,756,669.6,Silver
C03549,24,Male,Southeast,1568,63.0,Bronze
C03550,37,Female,Southwest,414,554.24,Silver
C03551,31,Female,Midwest,1793,267.27,Bronze
C03552,19,Female,Northeast,1478,617.68,Silver
C03553,42,Male,Southwest,505,165.91,Bronze
C03554,68,Male,Southwest,589,73.77,Bronze
C03555,18,Female,West,1220,81.8,Bronze
C03556,37,Male,Midwest,418,76.51,Bronze
C03557,45,Female,Northeast,1386,376.17,Silver
C03558,39,Female,West,1576,924.48,Gold
C03559,36,Female,Northeast,1803,147.16,Bronze
C03560,22,Male,Northeast,819,431.05,Silver
C03561,40,Female,Midwest,782,62.11,Bronze
C03562,28,Female,Northeast,1524,287.81,Bronze
C03563,18,Female,Northeast,733,446.62,Silver
C03564,52,Male,Midwest,1577,66.47,Bronze
C03565,49,Male,Northeast,82,203.67,Bronze
C03566,38,Male,Northeast,596,466.07,Silver
C03567,40,Male,Northeast,850,17.45,Bronze
C03568,50,Female,Northeast,1074,813.96,Gold
C03569,40,Female,West,1072,336.4,Silver
C03570,48,Male,West,891,466.41,Silver
C03571,34,Female,Midwest,1509,168.77,Bronze
C03572,53,Male,Midwest,351,51.91,Bronze
C03573,41,Male,Northeast,856,395.7,Silver
C03574,40,Male,Northeast,462,227.16,Bronze
C03575,22,Male,Southeast,1112,251.87,Bronze
C03576,41,Female,Midwest,1204,651.22,Silver
C03577,28,Male,West,1824,485.83,Silver
C03578,30,Female,West,1493,1379.0,Gold
C03579,28,Male,Southeast,87,281.03,Bronze
C03580,25,Female,Northeast,1047,131.36,Bronze
C03581,63,Male,West,1781,206.53,Bronze
C03582,53,Male,Southeast,1627,355.7,Silver
C03583,61,Male,West,1711,610.5,Silver
C03584,23,Male,Midwest,780,65.34,Bronze
C03585,38,Male,West,1346,246.58,Bronze
C03586,22,Female,Southwest,211,1041.68,Gold
C03587,29,Female,Southwest,636,197.12,Bronze
C03588,26,Female,Midwest,1131,565.61,Silver
C03589,52,Female,Midwest,990,381.38,Silver
C03590,33,Male,Southeast,1707,578.41,Silver
C03591,50,Male,Southwest,134,118.06,Bronze
C03592,45,Other,Midwest,1314,118.53,Bronze
C03593,65,Female,Northeast,636,249.2,Bronze
C03594,20,Female,Midwest,1276,61.62,Bronze
C03595,53,Female,Northeast,1019,191.95,Bronze
C03596,51,Male,Midwest,513,307.23,Silver
C03597,26,Male,Midwest,1755,1219.47,Gold
C03598,50,Male,Southeast,158,351.58,Silver
C03599,42,Male,Northeast,348,429.54,Silver
C03600,35,Male,Southwest,736,697.87,Silver
C03601,28,Male,West,538,102.7,Bronze
C03602,29,Female,West,49,210.91,Bronze
C03603,62,Female,Southeast,781,2170.84,Gold
C03604,38,Female,West,264,227.87,Bronze
C03605,47,Female,Midwest,1650,668.33,Silver
C03606,28,Male,Northeast,635,582.52,Silver
C03607,28,Male,Northeast,583,64.7,Bronze
C03608,50,Female,Southeast,1403,323.58,Silver
C03609,21,Male,Northeast,482,279.24,Bronze
C03610,33,Male,Southwest,615,329.3,Silver
C03611,38,Male,Northeast,1013,124.13,Bronze
C03612,39,Male,Midwest,1562,89.55,Bronze
C03613,35,Female,Midwest,1680,159.43,Bronze
C03614,42,Male,Southeast,452,224.08,Bronze
C03615,46,Female,Midwest,1243,710.87,Silver
C03616,46,Female,Northeast,1178,1255.86,Gold
C03617,26,Male,West,35,860.0,Gold
C03618,34,Male,Southeast,487,530.68,Silver
C03619,52,Male,Midwest,583,99.1,Bronze
C03620,48,Male,West,1623,169.35,Bronze
C03621,21,Female,Southwest,551,295.58,Bronze
C03622,42,Female,West,1142,138.49,Bronze
C03623,18,Female,West,875,411.37,Silver
C03624,38,Male,Southeast,1164,467.99,Silver
C03625,60,Female,Midwest,580,396.49,Silver
C03626,26,Female,West,1450,615.61,Silver
C03627,27,Female,Southwest,1732,108.4,Bronze
C03628,47,Female,Northeast,40,566.54,Silver
C03629,19,Female,Southeast,1675,130.83,Bronze
C03630,30,Female,West,526,104.92,Bronze
C03631,45,Female,Midwest,1069,395.01,Silver
C03632,30,Male,Southeast,1086,730.91,Silver
C03633,35,Female,Southeast,774,379.64,Silver
C03634,46,Male,West,518,249.32,Bronze
C03635,43,Male,Southwest,1241,323.48,Silver
C03636,41,Other,Midwest,765,276.66,Bronze
C03637,33,Female,Northeast,1624,88.82,Bronze
C03638,42,Male,Northeast,487,79.97,Bronze
C03639,36,Male,Northeast,1104,227.93,Bronze
C03640,43,Male,Midwest,1324,262.93,Bronze
C03641,32,Female,Midwest,493,247.2,Bronze
C03642,35,Female,Northeast,72,449.66,Silver
C03643,26,Female,West,568,201.56,Bronze
C03644,37,Female,West,597,406.13,Silver
C03645,28,Male,Southeast,150,214.84,Bronze
C03646,24,Female,Southeast,654,1262.72,Gold
C03647,41,Male,Southwest,345,263.13,Bronze
C03648,40,Female,Southeast,1051,2011.53,Gold
C03649,47,Female,West,1168,335.9,Silver
C03650,32,Female,Midwest,650,201.88,Bronze
C03651,42,Male,West,483,108.91,Bronze
C03652,44,Male,West,716,66.78,Bronze
C03653,43,Male,West,653,100.25,Bronze
C03654,28,Female,Southwest,641,110.87,Bronze
C03655,39,Male,Southwest,1573,349.09,Silver
C03656,42,Male,Midwest,988,152.39,Bronze
C03657,38,Male,Southeast,676,289.52,Bronze
C03658,18,Female,Southeast,792,775.71,Silver
C03659,39,Male,West,1390,226.1,Bronze
C03660,64,Female,West,269,1589.61,Gold
C03661,33,Female,Northeast,763,84.93,Bronze
C03662,29,Female,Northeast,1439,213.68,Bronze
C03663,42,Male,West,1198,150.6,Bronze
C03664,41,Male,Southeast,406,568.42,Silver
C03665,52,Male,Midwest,33,32.6,Bronze
C03666,22,Male,West,823,66.77,Bronze
C03667,46,Male,Midwest,875,222.16,Bronze
C03668,45,Female,Northeast,1381,988.55,Gold
C03669,36,Male,Northeast,226,299.84,Bronze
C03670,42,Female,Northeast,418,72.5,Bronze
C03671,50,Male,Southeast,1693,83.31,Bronze
C03672,48,Female,Midwest,290,1102.89,Gold
C03673,24,Female,Midwest,632,139.91,Bronze
C03674,47,Female,Northeast,1824,104.72,Bronze
C03675,37,Female,Northeast,123,924.85,Gold
C03676,38,Female,Northeast,1310,607.89,Silver
C03677,38,Female,Southwest,165,770.2,Silver
C03678,36,Male,Midwest,554,104.06,Bronze
C03679,52,Female,Southwest,1763,62.02,Bronze
C03680,36,Male,West,527,275.85,Bronze
C03681,24,Male,Midwest,1231,330.83,Silver
C03682,33,Male,West,141,339.73,Silver
C03683,40,Male,Northeast,1317,925.53,Gold
C03684,52,Male,West,1467,51.4,Bronze
C03685,45,Male,Southeast,398,530.45,Silver
C03686,27,Male,West,965,91.2,Bronze
C03687,67,Female,Northeast,1644,528.56,Silver
C03688,41,Male,West,1431,159.58,Bronze
C03689,53,Female,Northeast,797,117.62,Bronze
C03690,36,Male,Southwest,615,141.33,Bronze
C03691,44,Female,Southeast,1436,66.62,Bronze
C03692,48,Female,West,702,253.76,Bronze
C03693,52,Female,Midwest,540,122.07,Bronze
C03694,50,Female,Southeast,742,496.54,Silver
C03695,48,Male,West,849,435.31,Silver
C03696,34,Other,Southwest,406,1118.05,Gold
C03697,31,Female,Northeast,574,340.25,Silver
C03698,41,Female,Southwest,102,390.96,Silver
C03699,49,Female,West,1003,862.72,Gold
C03700,35,Male,West,533,139.09,Bronze
C03701,50,Female,Southeast,1405,64.11,Bronze
C03702,55,Male,Midwest,834,292.97,Bronze
C03703,27,Female,Southwest,739,68.01,Bronze
C03704,27,Male,Southeast,354,2227.3,Gold
C03705,36,Female,Midwest,417,906.82,Gold
C03706,41,Male,Northeast,857,1715.7,Gold
C03707,31,Male,Northeast,269,258.84,Bronze
C03708,54,Female,West,1005,401.62,Silver
C03709,43,Female,West,1127,161.82,Bronze
C03710,38,Female,Midwest,60,541.66,Silver
C03711,20,Male,Northeast,508,81.94,Bronze
C03712,22,Male,Midwest,1067,24.81,Bronze
C03713,41,Female,Southeast,746,120.1,Bronze
C03714,18,Other,Midwest,1369,66.03,Bronze
C03715,50,Female,Southwest,97,925.31,Gold
C03716,36,Male,West,1693,1254.02,Gold
C03717,76,Female,Northeast,1035,69.23,Bronze
C03718,65,Male,Southwest,567,782.54,Silver
C03719,35,Female,Midwest,1749,576.08,Silver
C03720,36,Male,West,1702,59.57,Bronze
C03721,49,Male,Northeast,320,172.22,Bronze
C03722,58,Female,West,1671,145.16,Bronze
C03723,18,Female,Southeast,1004,479.72,Silver
C03724,18,Male,Midwest,53,80.97,Bronze
C03725,30,Male,Northeast,444,223.86,Bronze
C03726,44,Male,Northeast,880,131.98,Bronze
C03727,43,Female,Northeast,991,374.66,Silver
C03728,50,Male,Southeast,1759,201.32,Bronze
C03729,23,Male,Northeast,710,151.15,Bronze
C03730,18,Female,West,1089,201.95,Bronze
C03731,48,Female,Northeast,130,1529.11,Gold
C03732,28,Female,West,575,168.14,Bronze
C03733,18,Female,Northeast,68,95.88,Bronze
C03734,39,Female,Southwest,240,413.68,Silver
C03735,47,Female,Southwest,771,215.04,Bronze
C03736,36,Female,Southeast,621,68.46,Bronze
C03737,32,Female,West,779,1823.2,Gold
C03738,36,Male,Northeast,201,178.18,Bronze
C03739,33,Other,Southwest,867,174.15,Bronze
C03740,21,Male,Midwest,471,282.55,Bronze
C03741,29,Male,Northeast,1112,1161.08,Gold
C03742,44,Male,Southeast,1463,53.96,Bronze
C03743,41,Male,Northeast,563,313.68,Silver
C03744,40,Other,Southeast,394,1601.26,Gold
C03745,26,Female,West,396,274.75,Bronze
C03746,35,Female,Midwest,1397,80.5,Bronze
C03747,18,Female,Southeast,1803,140.25,Bronze
C03748,40,Female,Northeast,325,294.77,Bronze
C03749,55,Male,Southeast,1394,810.56,Gold
C03750,20,Female,Northeast,635,180.3,Bronze
C03751,30,Female,West,785,514.91,Silver
C03752,41,Male,Northeast,552,67.23,Bronze
C03753,53,Female,Midwest,1682,66.73,Bronze
C03754,32,Male,Southeast,294,158.46,Bronze
C03755,29,Male,Southeast,1577,892.68,Gold
C03756,18,Male,West,1719,260.34,Bronze
C03757,39,Male,Midwest,1091,317.61,Silver
C03758,62,Female,Southeast,1184,314.28,Silver
C03759,41,Female,Midwest,411,664.0,Silver
C03760,37,Male,Midwest,1278,141.29,Bronze
C03761,41,Female,Southeast,1196,454.62,Silver
C03762,37,Female,Midwest,460,115.84,Bronze
C03763,28,Male,West,418,1458.18,Gold
C03764,47,Male,Northeast,83,119.06,Bronze
C03765,40,Other,Midwest,53,110.59,Bronze
C03766,38,Female,Northeast,424,401.3,Silver
C03767,26,Other,Northeast,662,262.91,Bronze
C03768,53,Male,Midwest,148,328.38,Silver
C03769,45,Female,Southwest,1726,300.24,Silver
C03770,31,Male,Southwest,1012,91.71,Bronze
C03771,50,Male,Northeast,1639,1045.26,Gold
C03772,32,Female,Southeast,1238,546.86,Silver
C03773,28,Male,Midwest,221,831.35,Gold
C03774,28,Male,Northeast,1785,152.09,Bronze
C03775,18,Male,West,516,355.98,Silver
C03776,43,Male,West,662,292.26,Bronze
C03777,18,Female,Southwest,750,675.33,Silver
C03778,23,Female,Northeast,413,695.22,Silver
C03779,18,Male,Northeast,841,291.12,Bronze
C03780,36,Male,West,375,62.42,Bronze
C03781,36,Male,West,502,1214.02,Gold
C03782,34,Female,Southwest,705,403.59,Silver
C03783,25,Male,Northeast,32,141.52,Bronze
C03784,23,Female,Midwest,1103,352.8,Silver
C03785,43,Male,Midwest,954,62.8,Bronze
C03786,31,Male,Northeast,905,632.59,Silver
C03787,41,Female,Midwest,1557,65.1,Bronze
C03788,27,Female,West,1013,200.59,Bronze
C03789,40,Male,Northeast,1264,304.91,Silver
C03790,53,Female,Southeast,1002,623.25,Silver
C03791,45,Female,West,1581,269.32,Bronze
C03792,33,Female,Midwest,1733,433.32,Silver
C03793,41,Female,Southwest,1336,238.57,Bronze
C03794,35,Female,Southeast,408,237.71,Bronze
C03795,38,Other,Southeast,1379,264.26,Bronze
C03796,34,Male,Southwest,1351,206.41,Bronze
C03797,36,Female,Southwest,1750,53.63,Bronze
C03798,40,Male,Northeast,167,122.55,Bronze
C03799,26,Male,West,154,305.0,Silver
C03800,25,Male,Northeast,963,195.55,Bronze
C03801,21,Male,Northeast,1445,212.68,Bronze
C03802,18,Female,Southeast,1455,182.91,Bronze
C03803,23,Female,Southeast,509,112.48,Bronze
C03804,39,Female,West,1454,156.99,Bronze
C03805,27,Male,West,599,185.65,Bronze
C03806,44,Male,Southwest,1415,245.83,Bronze
C03807,38,Female,West,95,348.64,Silver
C03808,18,Male,Southeast,1481,207.99,Bronze
C03809,45,Female,West,881,96.86,Bronze
C03810,47,Female,Southwest,1767,69.53,Bronze
C03811,26,Female,West,1574,2534.35,Gold
C03812,43,Female,West,461,88.51,Bronze
C03813,27,Female,Southwest,1158,153.43,Bronze
C03814,39,Male,Northeast,1142,389.67,Silver
C03815,22,Female,West,630,338.58,Silver
C03816,18,Male,Southwest,885,391.03,Silver
C03817,33,Male,Southwest,35,164.28,Bronze
C03818,36,Male,Northeast,187,303.29,Silver
C03819,33,Female,Midwest,1432,258.58,Bronze
C03820,23,Male,West,359,184.76,Bronze
C03821,33,Male,Southeast,1156,305.17,Silver
C03822,41,Male,West,252,632.59,Silver
C03823,37,Female,Southeast,431,239.85,Bronze
C03824,40,Female,Southeast,1736,241.29,Bronze
C03825,29,Female,Midwest,574,639.92,Silver
C03826,52,Female,Midwest,538,581.28,Silver
C03827,23,Male,Midwest,1746,1017.95,Gold
C03828,43,Male,Midwest,213,50.37,Bronze
C03829,52,Female,Southeast,944,552.58,Silver
C03830,43,Male,Northeast,1140,420.49,Silver
C03831,35,Male,Northeast,610,110.27,Bronze
C03832,31,Male,Northeast,1433,306.87,Silver
C03833,50,Female,Midwest,567,630.18,Silver
C03834,20,Male,West,1466,116.02,Bronze
C03835,26,Female,Northeast,547,364.42,Silver
C03836,33,Male,Northeast,797,536.05,Silver
C03837,52,Female,West,1747,93.32,Bronze
C03838,42,Male,Southeast,324,215.28,Bronze
C03839,26,Male,Southwest,1044,320.82,Silver
C03840,34,Male,West,289,119.52,Bronze
C03841,30,Female,Southeast,1437,110.91,Bronze
C03842,29,Male,Southeast,855,216.69,Bronze
C03843,49,Female,Midwest,1357,503.45,Silver
C03844,21,Female,Northeast,345,436.75,Silver
C03845,57,Female,Northeast,775,112.7,Bronze
C03846,47,Male,Northeast,748,440.08,Silver
C03847,51,Male,West,1130,115.31,Bronze
C03848,32,Male,Midwest,709,57.45,Bronze
C03849,36,Female,Northeast,883,175.84,Bronze
C03850,20,Female,West,1432,672.28,Silver
C03851,31,Female,Midwest,490,441.58,Silver
C03852,43,Female,Midwest,1109,244.35,Bronze
C03853,53,Male,Northeast,836,168.17,Bronze
C03854,24,Male,Midwest,1134,172.3,Bronze
C03855,33,Female,Southwest,1732,269.86,Bronze
C03856,36,Male,Northeast,1229,93.54,Bronze
C03857,21,Male,Southeast,822,178.88,Bronze
C03858,45,Female,Southeast,959,201.54,Bronze
C03859,29,Male,Southeast,1436,72.53,Bronze
C03860,35,Female,Southeast,178,115.05,Bronze
C03861,32,Female,West,797,354.06,Silver
C03862,28,Female,Southwest,1334,246.8,Bronze
C03863,37,Male,Northeast,374,185.33,Bronze
C03864,35,Male,Midwest,1462,107.74,Bronze
C03865,33,Female,West,1771,1011.47,Gold
C03866,29,Male,Midwest,1003,115.1,Bronze
C03867,41,Male,Midwest,951,306.87,Silver
C03868,57,Male,Northeast,59,157.74,Bronze
C03869,39,Male,Midwest,759,252.81,Bronze
C03870,49,Male,Southeast,1475,369.39,Silver
C03871,21,Female,West,1011,71.29,Bronze
C03872,39,Male,West,260,243.24,Bronze
C03873,24,Male,Northeast,1412,714.55,Silver
C03874,20,Female,Northeast,1215,1194.34,Gold
C03875,29,Other,Southwest,758,217.67,Bronze
C03876,52,Male,Midwest,1281,254.05,Bronze
C03877,49,Male,Southwest,1274,1790.41,Gold
C03878,40,Female,Northeast,775,679.55,Silver
C03879,19,Female,Midwest,1126,140.39,Bronze
C03880,35,Female,Midwest,428,140.18,Bronze
C03881,41,Female,Southwest,124,578.76,Silver
C03882,40,Male,Northeast,504,98.5,Bronze
C03883,18,Female,Southeast,1148,651.29,Silver
C03884,27,Male,Southeast,1808,330.59,Silver
C03885,37,Female,Southwest,804,389.92,Silver
C03886,44,Female,Southwest,1177,194.21,Bronze
C03887,18,Female,Southwest,829,138.82,Bronze
C03888,36,Male,Southwest,1553,912.14,Gold
C03889,39,Male,Northeast,973,195.97,Bronze
C03890,48,Female,Northeast,1052,169.04,Bronze
C03891,46,Female,Northeast,650,227.67,Bronze
C03892,44,Female,Southeast,889,291.12,Bronze
C03893,28,Male,West,993,96.76,Bronze
C03894,18,Male,Southwest,1101,147.17,Bronze
C03895,33,Female,Northeast,842,140.3,Bronze
C03896,50,Male,West,124,523.61,Silver
C03897,54,Female,Southwest,1530,110.24,Bronze
C03898,46,Male,Midwest,62,50.39,Bronze
C03899,43,Female,Northeast,1171,41.66,Bronze
C03900,42,Female,Midwest,1697,65.15,Bronze
C03901,31,Female,Southeast,1304,833.29,Gold
C03902,36,Male,Midwest,1356,248.29,Bronze
C03903,58,Female,Midwest,151,384.18,Silver
C03904,26,Male,Northeast,247,396.56,Silver
C03905,57,Female,Southwest,1106,257.38,Bronze
C03906,34,Male,Midwest,1179,228.77,Bronze
C03907,53,Male,Midwest,1212,626.45,Silver
C03908,21,Male,Southwest,1724,279.05,Bronze
C03909,45,Male,Northeast,824,861.94,Gold
C03910,29,Female,Northeast,1654,427.84,Silver
C03911,21,Male,West,205,140.33,Bronze
C03912,40,Female,Southeast,321,156.43,Bronze
C03913,50,Other,West,1212,127.14,Bronze
C03914,27,Male,Southeast,520,732.01,Silver
C03915,20,Female,Northeast,790,169.94,Bronze
C03916,36,Male,Midwest,1410,119.27,Bronze
C03917,36,Male,Northeast,663,326.29,Silver
C03918,44,Male,West,1290,224.2,Bronze
C03919,49,Female,West,1481,318.97,Silver
C03920,37,Male,Southwest,154,1340.55,Gold
C03921,60,Female,West,1368,556.55,Silver
C03922,40,Female,Northeast,1332,250.71,Bronze
C03923,33,Female,West,633,68.88,Bronze
C03924,18,Male,West,967,156.03,Bronze
C03925,34,Female,West,1158,464.03,Silver
C03926,33,Female,West,1095,85.29,Bronze
C03927,49,Female,Midwest,1450,1680.54,Gold
C03928,43,Female,Midwest,1694,247.89,Bronze
C03929,23,Female,West,1513,255.69,Bronze
C03930,40,Male,Southeast,520,134.29,Bronze
C03931,46,Male,Northeast,594,382.63,Silver
C03932,56,Male,West,197,86.3,Bronze
C03933,48,Male,Southeast,1655,1717.12,Gold
C03934,47,Male,Northeast,788,800.8,Gold
C03935,38,Male,Northeast,1227,593.4,Silver
C03936,42,Male,West,1425,70.01,Bronze
C03937,52,Other,Southeast,1652,294.38,Bronze
C03938,22,Male,West,1203,726.46,Silver
C03939,33,Female,Southeast,278,417.3,Silver
C03940,28,Female,Midwest,1680,99.3,Bronze
C03941,42,Female,Southeast,209,136.31,Bronze
C03942,52,Female,West,1173,162.92,Bronze
C03943,30,Male,Southeast,57,142.15,Bronze
C03944,18,Male,Southwest,146,968.65,Gold
C03945,33,Male,Southwest,732,43.43,Bronze
C03946,48,Male,West,686,441.57,Silver
C03947,44,Female,Southwest,861,76.47,Bronze
C03948,43,Female,Midwest,291,103.01,Bronze
C03949,34,Male,Midwest,1707,40.09,Bronze
C03950,22,Male,West,655,149.28,Bronze
C03951,44,Male,West,814,953.04,Gold
C03952,27,Male,Southwest,1091,310.55,Silver
C03953,64,Female,West,226,83.22,Bronze
C03954,44,Male,Southwest,1578,611.21,Silver
C03955,31,Female,Southeast,1677,741.13,Silver
C03956,30,Male,West,1490,268.71,Bronze
C03957,36,Male,West,1702,1527.33,Gold
C03958,35,Female,West,713,512.55,Silver
C03959,51,Female,Southeast,1692,452.32,Silver
C03960,40,Other,West,903,118.74,Bronze
C03961,29,Female,Southwest,1463,430.38,Silver
C03962,60,Male,Northeast,362,297.41,Bronze
C03963,38,Male,West,1584,390.66,Silver
C03964,47,Female,Southeast,1518,132.14,Bronze
C03965,30,Female,Southwest,749,274.59,Bronze
C03966,42,Female,Midwest,1211,117.31,Bronze
C03967,41,Male,Southeast,1213,35.43,Bronze
C03968,18,Other,Southeast,1387,600.93,Silver
C03969,62,Male,West,1805,63.3,Bronze
C03970,53,Female,Northeast,1429,269.47,Bronze
C03971,33,Female,West,108,330.2,Silver
C03972,24,Male,Southwest,226,328.29,Silver
C03973,42,Female,Southwest,1173,189.66,Bronze
C03974,39,Male,Northeast,1813,312.34,Silver
C03975,42,Other,Southwest,1704,373.86,Silver
C03976,40,Male,West,255,474.12,Silver
C03977,44,Female,Northeast,624,1164.56,Gold
C03978,55,Male,Northeast,1463,302.11,Silver
C03979,44,Female,Northeast,1591,259.21,Bronze
C03980,25,Female,West,1693,108.2,Bronze
C03981,54,Male,Northeast,942,362.26,Silver
C03982,57,Male,Southeast,764,446.15,Silver
C03983,75,Female,West,1392,205.8,Bronze
C03984,24,Male,Midwest,1609,399.48,Silver
C03985,40,Female,West,1649,188.06,Bronze
C03986,18,Male,West,948,447.6,Silver
C03987,44,Female,Northeast,566,556.32,Silver
C03988,31,Male,Southwest,249,549.37,Silver
C03989,61,Male,Southeast,322,272.07,Bronze
C03990,28,Male,Midwest,1257,95.97,Bronze
C03991,18,Male,West,1758,141.07,Bronze
C03992,32,Male,Northeast,1567,418.07,Silver
C03993,18,Female,Southwest,231,2217.05,Gold
C03994,47,Female,Midwest,61,180.07,Bronze
C03995,18,Female,Northeast,1142,368.8,Silver
C03996,38,Female,Southwest,1255,148.35,Bronze
C03997,18,Male,Midwest,1743,101.84,Bronze
C03998,34,Female,West,1758,133.13,Bronze
C03999,57,Male,Midwest,1725,37.55,Bronze
C04000,42,Female,West,1346,827.24,Gold
C04001,27,Male,Northeast,745,32.88,Bronze
C04002,37,Male,Southeast,782,192.97,Bronze
C04003,38,Male,Midwest,1046,84.75,Bronze
C04004,43,Female,Northeast,144,110.39,Bronze
C04005,21,Male,West,751,844.61,Gold
C04006,45,Female,Southeast,1275,293.23,Bronze
C04007,18,Male,Southeast,211,102.63,Bronze
C04008,30,Female,Northeast,800,143.95,Bronze
C04009,32,Female,West,498,122.86,Bronze
C04010,45,Male,West,455,235.29,Bronze
C04011,38,Female,Southeast,1605,285.89,Bronze
C04012,21,Female,Midwest,863,1347.51,Gold
C04013,26,Female,Southeast,1113,43.61,Bronze
C04014,40,Female,West,514,237.14,Bronze
C04015,37,Female,Northeast,40,184.19,Bronze
C04016,31,Female,Midwest,1685,573.58,Silver
C04017,32,Male,West,1438,336.75,Silver
C04018,46,Female,Southwest,1463,416.27,Silver
C04019,31,Male,Southeast,71,333.81,Silver
C04020,36,Male,West,1755,105.76,Bronze
C04021,64,Female,Midwest,152,727.88,Silver
C04022,20,Male,Southwest,730,502.03,Silver
C04023,18,Male,Southeast,281,557.79,Silver
C04024,47,Female,Southeast,1002,763.3,Silver
C04025,29,Female,Southwest,633,356.35,Silver
C04026,34,Female,Northeast,1537,927.87,Gold
C04027,28,Female,Northeast,242,343.74,Silver
C04028,34,Female,Northeast,1767,200.91,Bronze
C04029,57,Male,West,297,243.24,Bronze
C04030,47,Male,Northeast,1035,239.5,Bronze
C04031,48,Female,Southwest,1720,153.32,Bronze
C04032,21,Male,Midwest,736,1062.84,Gold
C04033,24,Female,Northeast,569,319.47,Silver
C04034,18,Female,Southeast,735,266.47,Bronze
C04035,28,Male,Northeast,1040,347.04,Silver
C04036,49,Female,West,1788,3575.53,Gold
C04037,44,Female,West,648,88.36,Bronze
C04038,35,Male,Midwest,1714,114.37,Bronze
C04039,37,Other,Northeast,1188,70.63,Bronze
C04040,29,Female,West,527,198.47,Bronze
C04041,40,Male,West,1050,305.2,Silver
C04042,47,Female,West,1660,160.97,Bronze
C04043,18,Female,West,811,150.54,Bronze
C04044,41,Female,Northeast,155,278.15,Bronze
C04045,49,Female,Southwest,1412,155.73,Bronze
C04046,33,Female,Southeast,1556,323.49,Silver
C04047,46,Male,Northeast,870,667.01,Silver
C04048,71,Female,West,1012,450.04,Silver
C04049,36,Female,Southwest,1371,540.73,Silver
C04050,42,Male,West,41,650.23,Silver
C04051,29,Male,Southeast,1530,315.62,Silver
C04052,40,Other,Southeast,1347,212.14,Bronze
C04053,43,Female,Midwest,1493,122.12,Bronze
C04054,40,Female,Southwest,545,172.08,Bronze
C04055,25,Female,Northeast,1444,152.73,Bronze
C04056,40,Female,West,345,472.72,Silver
C04057,55,Female,Southeast,1733,334.32,Silver
C04058,43,Female,West,1061,458.1,Silver
C04059,49,Male,Southwest,1561,86.12,Bronze
C04060,35,Female,Midwest,1177,887.65,Gold
C04061,46,Female,Southeast,1425,166.62,Bronze
C04062,41,Female,West,343,90.92,Bronze
C04063,26,Female,Midwest,1238,164.8,Bronze
C04064,41,Female,West,576,2287.9,Gold
C04065,26,Male,West,1638,172.61,Bronze
C04066,30,Male,Northeast,1578,182.62,Bronze
C04067,40,Male,West,68,205.84,Bronze
C04068,41,Male,Northeast,1137,214.06,Bronze
C04069,23,Other,Southwest,1074,121.11,Bronze
C04070,50,Male,Southeast,282,278.35,Bronze
C04071,44,Male,West,332,644.22,Silver
C04072,29,Female,Southeast,1008,324.69,Silver
C04073,19,Female,Southeast,287,90.01,Bronze
C04074,36,Male,Southeast,1029,179.48,Bronze
C04075,32,Female,West,571,148.95,Bronze
C04076,39,Female,Midwest,669,256.63,Bronze
C04077,33,Male,Southwest,581,810.3,Gold
C04078,18,Male,Southeast,490,214.01,Bronze
C04079,33,Female,West,1662,226.03,Bronze
C04080,34,Female,West,253,1211.82,Gold
C04081,45,Female,Northeast,121,538.39,Silver
C04082,29,Male,Southeast,309,410.21,Silver
C04083,58,Male,Midwest,1223,1425.56,Gold
C04084,18,Female,Southeast,1787,380.25,Silver
C04085,53,Male,Southeast,1682,40.94,Bronze
C04086,35,Male,West,277,517.7,Silver
C04087,48,Female,Northeast,1414,58.39,Bronze
C04088,38,Male,West,1402,367.53,Silver
C04089,51,Female,Southwest,895,52.33,Bronze
C04090,33,Female,Midwest,1488,160.75,Bronze
C04091,24,Male,West,1459,176.37,Bronze
C04092,55,Female,Northeast,1654,122.35,Bronze
C04093,36,Male,Southwest,107,178.76,Bronze
C04094,40,Female,Southeast,487,619.74,Silver
C04095,52,Male,West,615,128.69,Bronze
C04096,25,Male,Southwest,1445,399.67,Silver
C04097,45,Female,Midwest,1067,102.61,Bronze
C04098,30,Male,West,74,206.32,Bronze
C04099,36,Female,Midwest,67,327.49,Silver
C04100,38,Male,Northeast,445,99.8,Bronze
C04101,19,Male,West,274,75.15,Bronze
C04102,28,Female,Northeast,1115,380.96,Silver
C04103,54,Male,West,522,672.35,Silver
C04104,48,Male,Northeast,1661,227.89,Bronze
C04105,37,Female,Southwest,352,162.13,Bronze
C04106,40,Female,Northeast,1305,281.49,Bronze
C04107,34,Female,Midwest,497,257.22,Bronze
C04108,54,Other,Midwest,1114,304.48,Silver
C04109,35,Male,Midwest,1172,25.14,Bronze
C04110,40,Female,Southeast,116,93.49,Bronze
C04111,51,Male,Midwest,1648,114.35,Bronze
C04112,28,Female,Southeast,109,280.28,Bronze
C04113,56,Male,Midwest,257,289.25,Bronze
C04114,19,Other,Southeast,512,433.79,Silver
C04115,57,Female,Midwest,652,308.53,Silver
C04116,33,Female,Southeast,1363,75.89,Bronze
C04117,35,Female,Southwest,1636,899.92,Gold
C04118,18,Female,Midwest,977,768.72,Silver
C04119,32,Female,Northeast,514,78.86,Bronze
C04120,25,Male,Midwest,869,330.11,Silver
C04121,30,Male,Southwest,54,143.18,Bronze
C04122,36,Male,Northeast,1255,277.27,Bronze
C04123,49,Male,West,1278,631.43,Silver
C04124,40,Female,Midwest,808,1664.19,Gold
C04125,41,Female,Northeast,1563,481.14,Silver
C04126,24,Female,West,960,319.08,Silver
C04127,27,Other,Southeast,824,180.22,Bronze
C04128,59,Female,Southeast,1682,288.28,Bronze
C04129,29,Male,West,1632,831.97,Gold
C04130,57,Male,West,1612,235.04,Bronze
C04131,35,Male,Southwest,782,110.22,Bronze
C04132,38,Male,West,1743,56.96,Bronze
C04133,50,Female,West,1573,388.29,Silver
C04134,53,Female,West,1236,305.69,Silver
C04135,36,Female,Northeast,1130,136.82,Bronze
C04136,33,Female,West,455,616.1,Silver
C04137,37,Female,West,1120,167.4,Bronze
C04138,42,Male,Northeast,689,216.77,Bronze
C04139,48,Female,Midwest,1547,241.05,Bronze
C04140,38,Male,Northeast,714,178.42,Bronze
C04141,45,Male,West,576,302.56,Silver
C04142,57,Male,Midwest,1130,689.77,Silver
C04143,42,Female,Southwest,945,87.51,Bronze
C04144,41,Male,Northeast,1750,379.81,Silver
C04145,19,Male,West,84,285.7,Bronze
C04146,18,Female,Northeast,1659,281.01,Bronze
C04147,42,Female,West,1526,536.28,Silver
C04148,36,Male,West,1709,255.79,Bronze
C04149,31,Male,West,1300,376.99,Silver
C04150,40,Female,West,1492,466.04,Silver
C04151,37,Male,Southwest,1765,155.41,Bronze
C04152,51,Female,Northeast,1801,320.3,Silver
C04153,39,Female,Southeast,343,195.25,Bronze
C04154,29,Male,West,1373,217.15,Bronze
C04155,49,Male,Midwest,249,183.12,Bronze
C04156,35,Male,Northeast,1424,373.89,Silver
C04157,44,Male,Midwest,1269,263.35,Bronze
C04158,32,Male,Southeast,78,349.01,Silver
C04159,30,Female,Southeast,492,240.86,Bronze
C04160,39,Male,West,147,57.76,Bronze
C04161,38,Female,Southeast,111,251.7,Bronze
C04162,43,Female,Northeast,1316,259.09,Bronze
C04163,34,Male,Northeast,1642,304.4,Silver
C04164,18,Male,Southwest,1776,143.4,Bronze
C04165,32,Male,Southwest,525,83.44,Bronze
C04166,47,Male,West,663,429.3,Silver
C04167,34,Female,Southeast,866,191.28,Bronze
C04168,35,Male,Southwest,631,285.47,Bronze
C04169,49,Female,West,799,189.94,Bronze
C04170,29,Male,West,702,243.36,Bronze
C04171,19,Male,West,205,163.31,Bronze
C04172,36,Female,Southeast,834,102.38,Bronze
C04173,32,Female,Midwest,1142,374.79,Silver
C04174,26,Male,Northeast,668,142.19,Bronze
C04175,35,Male,Southeast,1412,283.6,Bronze
C04176,43,Female,West,1339,354.04,Silver
C04177,37,Male,Southwest,326,144.3,Bronze
C04178,41,Male,West,1313,82.81,Bronze
C04179,59,Female,Midwest,504,2172.16,Gold
C04180,33,Female,Northeast,1809,152.17,Bronze
C04181,41,Female,Northeast,1676,428.84,Silver
C04182,31,Female,Southeast,565,1401.81,Gold
C04183,27,Female,Midwest,1615,498.16,Silver
C04184,30,Female,West,1090,186.72,Bronze
C04185,32,Female,Northeast,1234,230.35,Bronze
C04186,42,Female,Southwest,1818,115.66,Bronze
C04187,66,Female,Southeast,54,541.06,Silver
C04188,29,Male,West,378,407.34,Silver
C04189,33,Male,Midwest,666,154.01,Bronze
C04190,37,Female,Northeast,1596,95.78,Bronze
C04191,42,Female,West,1802,74.51,Bronze
C04192,41,Male,West,256,594.58,Silver
C04193,53,Female,Midwest,1401,272.69,Bronze
C04194,18,Male,Midwest,67,296.93,Bronze
C04195,18,Female,Northeast,1436,116.67,Bronze
C04196,32,Female,West,599,65.55,Bronze
C04197,51,Female,Southwest,265,581.93,Silver
C04198,19,Male,Northeast,1234,254.13,Bronze
C04199,18,Female,Southeast,143,553.64,Silver
C04200,44,Male,Southwest,335,172.89,Bronze
C04201,40,Male,Southeast,161,197.72,Bronze
C04202,24,Male,West,377,464.97,Silver
C04203,26,Female,Midwest,1233,473.01,Silver
C04204,26,Male,Midwest,444,501.6,Silver
C04205,39,Male,Southeast,1012,187.6,Bronze
C04206,30,Female,Southeast,1643,425.43,Silver
C04207,43,Female,Northeast,761,663.94,Silver
C04208,18,Female,West,683,222.67,Bronze
C04209,27,Female,West,414,154.14,Bronze
C04210,24,Male,West,541,819.32,Gold
C04211,34,Female,West,1096,135.77,Bronze
C04212,31,Female,Southeast,1533,431.18,Silver
C04213,47,Male,Northeast,1171,232.16,Bronze
C04214,18,Male,West,1624,46.65,Bronze
C04215,38,Male,Midwest,90,675.69,Silver
C04216,44,Male,Southeast,582,20.45,Bronze
C04217,60,Female,Northeast,217,41.03,Bronze
C04218,32,Female,Northeast,482,393.31,Silver
C04219,41,Female,Southeast,876,393.22,Silver
C04220,18,Female,West,216,137.85,Bronze
C04221,18,Male,Southwest,967,279.51,Bronze
C04222,48,Female,Southwest,1517,25.07,Bronze
C04223,37,Male,Southwest,1793,462.33,Silver
C04224,52,Other,Southwest,193,306.36,Silver
C04225,21,Male,Midwest,1477,234.84,Bronze
C04226,44,Female,Northeast,131,249.33,Bronze
C04227,60,Male,West,1320,381.43,Silver
C04228,43,Male,Northeast,1689,238.41,Bronze
C04229,41,Male,Southeast,1206,45.3,Bronze
C04230,38,Female,Southeast,1482,1766.4,Gold
C04231,19,Female,Midwest,720,721.06,Silver
C04232,54,Male,Southeast,1480,76.98,Bronze
C04233,30,Female,Northeast,607,179.36,Bronze
C04234,44,Female,Midwest,640,197.86,Bronze
C04235,19,Female,Southwest,565,646.11,Silver
C04236,23,Female,Midwest,1386,35.05,Bronze
C04237,55,Male,Southwest,790,156.16,Bronze
C04238,33,Male,Northeast,1730,50.17,Bronze
C04239,55,Female,Northeast,925,189.32,Bronze
C04240,37,Female,Midwest,1493,159.93,Bronze
C04241,18,Other,Midwest,1659,262.89,Bronze
C04242,48,Female,West,1000,141.97,Bronze
C04243,30,Male,West,153,124.47,Bronze
C04244,46,Female,West,1355,427.39,Silver
C04245,38,Male,Southwest,697,368.41,Silver
C04246,19,Other,Southeast,378,401.92,Silver
C04247,39,Male,Northeast,278,208.68,Bronze
C04248,64,Female,Midwest,1324,146.27,Bronze
C04249,43,Female,Northeast,1482,219.87,Bronze
C04250,37,Male,Southeast,1623,384.15,Silver
C04251,50,Male,Northeast,736,34.5,Bronze
C04252,40,Female,Southeast,742,348.87,Silver
C04253,40,Female,Northeast,1637,323.18,Silver
C04254,24,Male,Northeast,1036,258.77,Bronze
C04255,40,Female,West,276,213.92,Bronze
C04256,50,Female,West,510,24.3,Bronze
C04257,27,Male,West,127,164.7,Bronze
C04258,55,Male,West,358,1224.75,Gold
C04259,36,Female,Northeast,1646,247.55,Bronze
C04260,27,Female,Southeast,1478,185.57,Bronze
C04261,49,Female,Northeast,1630,248.44,Bronze
C04262,34,Female,West,1477,336.73,Silver
C04263,47,Male,West,1058,442.72,Silver
C04264,34,Male,Northeast,488,199.14,Bronze
C04265,37,Male,Southeast,825,358.68,Silver
C04266,43,Male,Southwest,622,1106.53,Gold
C04267,41,Female,Midwest,527,605.24,Silver
C04268,18,Female,West,116,2010.76,Gold
C04269,24,Male,Southeast,431,135.49,Bronze
C04270,49,Male,Northeast,1346,1106.07,Gold
C04271,36,Female,West,1334,120.11,Bronze
C04272,31,Female,West,226,336.37,Silver
C04273,21,Female,West,793,473.06,Silver
C04274,25,Female,Midwest,1136,154.52,Bronze
C04275,18,Female,Midwest,56,264.85,Bronze
C04276,36,Female,West,1747,555.25,Silver
C04277,30,Male,Southeast,164,129.12,Bronze
C04278,26,Male,Southeast,1143,1099.32,Gold
C04279,37,Male,Southwest,235,70.38,Bronze
C04280,42,Female,Southeast,1080,1402.09,Gold
C04281,63,Female,Midwest,1431,602.56,Silver
C04282,19,Female,West,1624,225.71,Bronze
C04283,51,Male,Southwest,1637,170.31,Bronze
C04284,49,Male,Midwest,1468,155.04,Bronze
C04285,28,Male,Midwest,1280,216.54,Bronze
C04286,40,Male,West,632,234.24,Bronze
C04287,32,Female,West,1121,757.26,Silver
C04288,40,Female,West,391,1439.12,Gold
C04289,56,Female,Midwest,1313,292.79,Bronze
C04290,45,Female,Southeast,687,114.31,Bronze
C04291,44,Female,West,1116,149.73,Bronze
C04292,32,Female,Southwest,1001,207.52,Bronze
C04293,20,Male,Southwest,1745,96.82,Bronze
C04294,35,Female,Northeast,1009,84.69,Bronze
C04295,52,Female,Midwest,1676,1615.52,Gold
C04296,19,Female,Midwest,1756,321.29,Silver
C04297,25,Male,Southwest,970,115.61,Bronze
C04298,39,Male,West,937,510.27,Silver
C04299,26,Male,Southeast,1445,84.73,Bronze
C04300,28,Female,Northeast,275,91.25,Bronze
C04301,32,Male,Midwest,307,118.78,Bronze
C04302,21,Female,Northeast,376,1084.7,Gold
C04303,26,Female,West,401,194.88,Bronze
C04304,46,Male,West,838,27.18,Bronze
C04305,22,Female,Midwest,878,727.1,Silver
C04306,18,Female,Midwest,152,185.72,Bronze
C04307,30,Male,Southwest,1110,46.32,Bronze
C04308,46,Female,Southeast,189,184.01,Bronze
C04309,35,Male,Southeast,1180,391.08,Silver
C04310,32,Male,Southwest,766,352.0,Silver
C04311,38,Female,West,1660,1234.69,Gold
C04312,18,Female,West,1364,113.58,Bronze
C04313,43,Other,Northeast,547,255.2,Bronze
C04314,42,Female,Northeast,964,130.37,Bronze
C04315,33,Female,Northeast,1318,61.07,Bronze
C04316,50,Female,Southeast,775,542.93,Silver
C04317,24,Female,West,317,371.27,Silver
C04318,51,Female,Southeast,449,315.86,Silver
C04319,39,Male,West,1581,359.28,Silver
C04320,33,Female,Southeast,169,132.04,Bronze
C04321,37,Male,Southeast,736,98.98,Bronze
C04322,36,Female,Southwest,727,253.12,Bronze
C04323,52,Male,Southeast,1016,695.82,Silver
C04324,25,Female,Southeast,504,1040.31,Gold
C04325,28,Male,Southeast,1690,500.64,Silver
C04326,50,Male,Northeast,1582,251.2,Bronze
C04327,30,Female,Midwest,418,311.94,Silver
C04328,48,Male,Southeast,540,247.26,Bronze
C04329,58,Female,West,567,97.19,Bronze
C04330,33,Male,West,242,250.18,Bronze
C04331,46,Male,Midwest,926,73.6,Bronze
C04332,24,Male,Northeast,1566,218.84,Bronze
C04333,47,Female,West,1318,1066.88,Gold
C04334,40,Male,Northeast,1396,513.15,Silver
C04335,43,Female,West,1091,106.61,Bronze
C04336,30,Male,West,262,229.25,Bronze
C04337,18,Male,Northeast,289,115.48,Bronze
C04338,44,Male,West,337,231.31,Bronze
C04339,18,Male,Southwest,432,624.53,Silver
C04340,34,Female,West,1026,440.41,Silver
C04341,49,Female,Southeast,1314,2288.68,Gold
C04342,40,Female,Midwest,1529,715.68,Silver
C04343,61,Male,Southwest,779,294.01,Bronze
C04344,50,Male,Southeast,1159,450.08,Silver
C04345,30,Male,West,1300,203.93,Bronze
C04346,38,Female,Northeast,333,88.7,Bronze
C04347,37,Male,Northeast,372,792.51,Silver
C04348,19,Female,West,1500,606.74,Silver
C04349,26,Male,West,1091,196.97,Bronze
C04350,31,Male,West,884,313.11,Silver
C04351,18,Male,Southwest,1099,747.58,Silver
C04352,38,Male,Northeast,1775,524.12,Silver
C04353,35,Female,Southeast,1658,65.58,Bronze
C04354,18,Male,Southwest,1273,304.68,Silver
C04355,42,Female,Northeast,285,210.43,Bronze
C04356,46,Male,West,166,666.27,Silver
C04357,40,Female,Midwest,1284,618.9,Silver
C04358,34,Male,Northeast,847,801.71,Gold
C04359,45,Female,Southeast,1767,89.47,Bronze
C04360,46,Female,Midwest,1631,120.82,Bronze
C04361,41,Female,Southwest,1002,666.92,Silver
C04362,28,Male,West,67,143.67,Bronze
C04363,41,Female,West,1208,62.22,Bronze
C04364,52,Male,Midwest,1556,395.18,Silver
C04365,30,Male,Southeast,134,149.53,Bronze
C04366,63,Male,Northeast,284,1225.14,Gold
C04367,31,Male,Southeast,1457,319.44,Silver
C04368,38,Other,Northeast,517,282.66,Bronze
C04369,29,Male,Northeast,487,175.51,Bronze
C04370,40,Female,Midwest,557,1024.29,Gold
C04371,18,Female,Southeast,620,337.88,Silver
C04372,31,Female,Northeast,554,169.41,Bronze
C04373,24,Female,Midwest,399,119.74,Bronze
C04374,39,Male,Midwest,131,229.03,Bronze
C04375,49,Female,Northeast,945,101.51,Bronze
C04376,45,Male,Southwest,693,617.69,Silver
C04377,18,Female,Northeast,719,48.06,Bronze
C04378,62,Female,Southwest,628,215.82,Bronze
C04379,41,Other,Northeast,629,423.74,Silver
C04380,28,Male,Southwest,570,332.92,Silver
C04381,39,Male,Northeast,1565,128.31,Bronze
C04382,40,Male,West,418,443.29,Silver
C04383,29,Male,Southeast,392,110.23,Bronze
C04384,40,Male,West,960,239.81,Bronze
C04385,30,Female,Southeast,641,439.95,Silver
C04386,33,Male,Northeast,1168,371.16,Silver
C04387,29,Female,West,751,133.28,Bronze
C04388,20,Female,Northeast,372,718.92,Silver
C04389,39,Female,Southwest,1127,264.55,Bronze
C04390,45,Male,Northeast,164,477.56,Silver
C04391,44,Male,Midwest,969,968.93,Gold
C04392,47,Male,West,1007,668.99,Silver
C04393,41,Male,Southeast,1643,670.56,Silver
C04394,31,Female,Northeast,409,291.03,Bronze
C04395,48,Male,West,1543,499.97,Silver
C04396,21,Female,West,1178,296.56,Bronze
C04397,27,Female,Southwest,67,82.4,Bronze
C04398,26,Female,Southeast,810,321.33,Silver
C04399,50,Male,Midwest,339,308.19,Silver
C04400,49,Male,Southeast,135,413.79,Silver
C04401,43,Female,Southeast,585,218.07,Bronze
C04402,50,Female,West,1278,123.31,Bronze
C04403,27,Male,Southeast,1295,441.8,Silver
C04404,42,Male,Midwest,426,75.04,Bronze
C04405,36,Male,Southeast,182,909.54,Gold
C04406,48,Female,West,565,198.69,Bronze
C04407,36,Male,Southwest,1689,305.2,Silver
C04408,33,Female,West,1025,404.52,Silver
C04409,44,Male,Midwest,995,416.39,Silver
C04410,48,Female,West,1455,68.85,Bronze
C04411,29,Female,West,1199,513.72,Silver
C04412,37,Female,Northeast,1244,321.45,Silver
C04413,25,Male,Northeast,922,138.14,Bronze
C04414,18,Male,Northeast,1730,124.62,Bronze
C04415,40,Male,Midwest,612,181.15,Bronze
C04416,45,Female,West,230,76.03,Bronze
C04417,41,Female,Southeast,41,1152.91,Gold
C04418,18,Female,Southeast,1105,932.19,Gold
C04419,33,Male,Southwest,797,367.43,Silver
C04420,18,Female,West,1355,200.12,Bronze
C04421,54,Male,West,1353,204.92,Bronze
C04422,24,Female,Southeast,949,484.08,Silver
C04423,53,Male,Northeast,550,1190.4,Gold
C04424,49,Female,Northeast,1193,146.44,Bronze
C04425,27,Male,Northeast,129,89.49,Bronze
C04426,24,Male,Southeast,1538,985.23,Gold
C04427,42,Female,Midwest,1190,48.99,Bronze
C04428,27,Male,Northeast,900,98.72,Bronze
C04429,39,Female,Northeast,395,195.94,Bronze
C04430,32,Female,Northeast,1587,60.08,Bronze
C04431,18,Female,West,1560,665.76,Silver
C04432,18,Male,West,686,529.12,Silver
C04433,40,Female,Midwest,190,145.87,Bronze
C04434,31,Female,Southeast,790,774.06,Silver
C04435,31,Male,Southeast,204,901.77,Gold
C04436,46,Female,Northeast,1141,221.0,Bronze
C04437,52,Male,Southeast,1452,163.11,Bronze
C04438,34,Male,Southwest,1533,1869.9,Gold
C04439,33,Male,Southwest,574,468.27,Silver
C04440,44,Male,West,506,308.18,Silver
C04441,21,Male,Southwest,312,834.8,Gold
C04442,40,Female,West,1791,321.1,Silver
C04443,44,Female,Northeast,986,155.24,Bronze
C04444,46,Male,Southwest,481,263.0,Bronze
C04445,18,Female,Northeast,1677,623.15,Silver
C04446,28,Female,West,111,40.73,Bronze
C04447,27,Female,Southeast,1266,188.82,Bronze
C04448,39,Female,Southeast,845,849.59,Gold
C04449,43,Female,West,549,154.36,Bronze
C04450,55,Male,Midwest,163,983.87,Gold
C04451,32,Male,Southeast,476,874.17,Gold
C04452,32,Male,Southeast,147,230.68,Bronze
C04453,51,Female,Southeast,1649,146.69,Bronze
C04454,41,Male,Southwest,1823,188.93,Bronze
C04455,53,Female,West,1296,2692.31,Gold
C04456,41,Male,Midwest,778,1322.11,Gold
C04457,24,Female,Northeast,1203,273.92,Bronze
C04458,22,Male,West,1586,141.55,Bronze
C04459,19,Male,Northeast,675,271.87,Bronze
C04460,45,Male,Northeast,408,304.74,Silver
C04461,52,Male,Southeast,637,79.92,Bronze
C04462,60,Male,Southwest,995,262.97,Bronze
C04463,48,Female,Northeast,554,804.45,Gold
C04464,51,Male,Northeast,1566,48.45,Bronze
C04465,31,Male,Midwest,1715,514.88,Silver
C04466,24,Female,Southeast,1170,843.3,Gold
C04467,48,Male,Midwest,1717,147.75,Bronze
C04468,43,Female,Midwest,605,1124.12,Gold
C04469,39,Other,Midwest,966,131.46,Bronze
C04470,42,Male,Northeast,691,363.93,Silver
C04471,41,Male,Northeast,1370,185.66,Bronze
C04472,53,Male,West,905,185.62,Bronze
C04473,53,Female,Southwest,41,140.39,Bronze
C04474,44,Female,Southeast,1143,458.85,Silver
C04475,48,Female,Northeast,417,525.28,Silver
C04476,44,Female,Northeast,112,230.91,Bronze
C04477,32,Male,West,1005,71.95,Bronze
C04478,47,Female,West,1815,351.73,Silver
C04479,21,Female,Southeast,425,357.74,Silver
C04480,50,Female,West,574,201.33,Bronze
C04481,23,Female,West,690,1313.58,Gold
C04482,41,Female,Southwest,669,59.89,Bronze
C04483,27,Male,Northeast,129,33.26,Bronze
C04484,44,Male,Northeast,486,126.75,Bronze
C04485,37,Female,Northeast,903,463.77,Silver
C04486,18,Male,Southwest,357,94.61,Bronze
C04487,43,Female,West,753,101.2,Bronze
C04488,31,Male,Midwest,103,575.89,Silver
C04489,48,Female,Northeast,1149,371.03,Silver
C04490,38,Female,Southeast,121,343.56,Silver
C04491,42,Male,Southeast,359,494.37,Silver
C04492,26,Female,Midwest,204,166.89,Bronze
C04493,30,Female,Southeast,1790,173.98,Bronze
C04494,32,Female,Northeast,344,507.15,Silver
C04495,48,Male,West,1740,72.94,Bronze
C04496,58,Male,Southeast,1621,35.57,Bronze
C04497,28,Male,Midwest,526,165.68,Bronze
C04498,50,Male,Northeast,1322,565.54,Silver
C04499,18,Female,West,457,307.97,Silver
C04500,23,Female,Midwest,64,529.3,Silver
C04501,26,Female,Southwest,148,39.86,Bronze
C04502,21,Female,Midwest,1424,325.04,Silver
C04503,18,Female,Southwest,954,440.75,Silver
C04504,42,Male,Southwest,1621,72.55,Bronze
C04505,35,Female,Midwest,1504,531.58,Silver
C04506,42,Male,Southwest,1362,221.33,Bronze
C04507,46,Female,Southeast,1410,3882.38,Gold
C04508,41,Male,Southeast,1429,34.48,Bronze
C04509,45,Male,Northeast,857,838.99,Gold
C04510,37,Female,Midwest,1158,171.62,Bronze
C04511,23,Female,West,419,57.09,Bronze
C04512,50,Female,West,205,152.28,Bronze
C04513,30,Female,Northeast,135,314.11,Silver
C04514,26,Male,Midwest,621,622.49,Silver
C04515,35,Female,Northeast,1216,1152.59,Gold
C04516,27,Male,West,943,879.81,Gold
C04517,32,Female,Northeast,1320,102.63,Bronze
C04518,42,Female,Southwest,1616,676.65,Silver
C04519,42,Male,Southeast,1332,347.98,Silver
C04520,27,Female,Southeast,1356,135.76,Bronze
C04521,32,Female,Southwest,1640,202.2,Bronze
C04522,50,Male,Midwest,984,129.17,Bronze
C04523,43,Female,Northeast,982,253.0,Bronze
C04524,62,Female,Midwest,890,126.89,Bronze
C04525,52,Female,Northeast,156,97.01,Bronze
C04526,51,Male,Southwest,1299,376.61,Silver
C04527,21,Male,Midwest,853,430.89,Silver
C04528,47,Female,Southeast,263,206.68,Bronze
C04529,37,Male,Midwest,696,837.89,Gold
C04530,31,Female,Northeast,1638,193.56,Bronze
C04531,40,Male,West,960,186.33,Bronze
C04532,49,Female,Southwest,1492,443.39,Silver
C04533,44,Female,Southwest,166,217.2,Bronze
C04534,27,Male,Southeast,585,264.1,Bronze
C04535,46,Male,Southeast,788,25.32,Bronze
C04536,30,Female,Northeast,1202,248.4,Bronze
C04537,40,Female,West,85,47.25,Bronze
C04538,34,Male,Midwest,1741,81.54,Bronze
C04539,35,Female,Midwest,385,73.57,Bronze
C04540,47,Male,Southwest,1310,95.74,Bronze
C04541,25,Male,Northeast,952,149.31,Bronze
C04542,61,Female,Northeast,842,157.93,Bronze
C04543,18,Male,Northeast,1116,444.9,Silver
C04544,30,Female,Southeast,1116,298.91,Bronze
C04545,42,Male,Northeast,835,44.21,Bronze
C04546,45,Male,Midwest,1082,263.74,Bronze
C04547,36,Male,Southeast,1605,325.85,Silver
C04548,37,Female,Northeast,1712,182.05,Bronze
C04549,42,Female,West,629,231.64,Bronze
C04550,35,Female,Northeast,597,290.41,Bronze
C04551,54,Male,West,1353,486.94,Silver
C04552,48,Male,Southeast,734,59.3,Bronze
C04553,48,Female,Midwest,641,196.39,Bronze
C04554,26,Male,Southwest,1268,950.99,Gold
C04555,37,Female,Northeast,170,875.68,Gold
C04556,34,Male,Midwest,1560,526.29,Silver
C04557,25,Female,Southwest,590,396.68,Silver
C04558,42,Male,Midwest,528,1084.82,Gold
C04559,31,Female,Southeast,656,1374.8,Gold
C04560,45,Male,Southeast,531,217.85,Bronze
C04561,25,Male,West,770,102.26,Bronze
C04562,58,Male,Southwest,793,191.85,Bronze
C04563,27,Male,Northeast,1640,3972.0,Gold
C04564,40,Male,Northeast,1244,59.6,Bronze
C04565,47,Female,Southeast,1764,160.21,Bronze
C04566,31,Female,Southeast,704,68.62,Bronze
C04567,48,Female,Southeast,1704,273.77,Bronze
C04568,23,Female,Southeast,78,82.9,Bronze
C04569,55,Female,Northeast,1416,221.88,Bronze
C04570,38,Male,Northeast,656,42.31,Bronze
C04571,30,Male,Southwest,709,426.61,Silver
C04572,34,Male,Northeast,1549,735.18,Silver
C04573,47,Female,Northeast,306,173.2,Bronze
C04574,30,Male,Southeast,76,216.67,Bronze
C04575,29,Male,Southwest,1824,211.23,Bronze
C04576,35,Female,West,955,287.96,Bronze
C04577,23,Male,West,245,236.43,Bronze
C04578,59,Female,Northeast,259,488.48,Silver
C04579,31,Female,West,1692,742.29,Silver
C04580,47,Male,Southeast,352,117.61,Bronze
C04581,40,Male,Southeast,1474,185.23,Bronze
C04582,26,Female,Midwest,254,550.85,Silver
C04583,37,Female,West,1715,68.07,Bronze
C04584,47,Male,West,1340,41.53,Bronze
C04585,35,Female,Southwest,75,299.97,Bronze
C04586,52,Female,Southwest,1067,382.49,Silver
C04587,50,Male,Southeast,662,127.73,Bronze
C04588,49,Male,Midwest,404,145.36,Bronze
C04589,32,Female,Northeast,732,123.45,Bronze
C04590,25,Male,Southwest,1016,112.14,Bronze
C04591,30,Female,Northeast,362,456.75,Silver
C04592,40,Male,Southwest,195,84.57,Bronze
C04593,44,Female,Southeast,536,192.68,Bronze
C04594,18,Female,Southeast,146,108.33,Bronze
C04595,37,Female,Northeast,972,66.04,Bronze
C04596,39,Male,Southeast,665,535.48,Silver
C04597,34,Male,Southwest,1619,153.26,Bronze
C04598,53,Female,Northeast,1492,289.92,Bronze
C04599,43,Male,Southeast,1357,62.97,Bronze
C04600,53,Male,Northeast,486,125.49,Bronze
C04601,35,Female,Southeast,898,483.22,Silver
C04602,49,Male,Northeast,1324,2511.27,Gold
C04603,57,Male,Southeast,1764,41.32,Bronze
C04604,53,Male,Southwest,245,204.18,Bronze
C04605,24,Female,Midwest,142,354.62,Silver
C04606,34,Female,Southeast,1069,140.54,Bronze
C04607,33,Male,Midwest,245,525.62,Silver
C04608,43,Male,Northeast,456,112.16,Bronze
C04609,46,Male,Southeast,1188,281.03,Bronze
C04610,27,Female,Midwest,1096,152.95,Bronze
C04611,38,Male,Southeast,793,733.25,Silver
C04612,18,Female,West,313,133.12,Bronze
C04613,55,Male,Midwest,863,178.27,Bronze
C04614,31,Other,West,1151,573.13,Silver
C04615,38,Male,Southwest,1113,97.01,Bronze
C04616,34,Female,Northeast,259,260.31,Bronze
C04617,51,Male,Southeast,1696,47.45,Bronze
C04618,18,Male,Southeast,414,91.91,Bronze
C04619,37,Female,Northeast,188,345.13,Silver
C04620,36,Female,West,853,100.32,Bronze
C04621,32,Male,West,500,149.89,Bronze
C04622,58,Female,Midwest,1649,381.37,Silver
C04623,27,Female,Midwest,237,145.29,Bronze
C04624,47,Female,Northeast,203,513.14,Silver
C04625,42,Male,Midwest,1134,297.11,Bronze
C04626,53,Female,West,1071,362.17,Silver
C04627,29,Female,Midwest,1046,747.6,Silver
C04628,29,Male,Southeast,737,326.31,Silver
C04629,51,Female,West,1344,977.47,Gold
C04630,43,Male,Southeast,1413,555.65,Silver
C04631,19,Male,Midwest,1332,152.76,Bronze
C04632,31,Female,Midwest,1004,783.55,Silver
C04633,42,Female,Southeast,426,310.28,Silver
C04634,48,Male,West,1003,171.54,Bronze
C04635,29,Male,Southwest,795,314.36,Silver
C04636,18,Female,Northeast,1195,665.87,Silver
C04637,44,Male,Southwest,706,368.54,Silver
C04638,23,Female,Midwest,546,1261.62,Gold
C04639,18,Female,West,1304,650.59,Silver
C04640,18,Male,Southwest,691,391.84,Silver
C04641,47,Female,Midwest,1593,97.18,Bronze
C04642,39,Female,West,1290,208.15,Bronze
C04643,35,Male,Northeast,1185,260.99,Bronze
C04644,54,Female,Northeast,335,458.05,Silver
C04645,45,Female,West,387,434.24,Silver
C04646,57,Female,Southwest,1338,285.03,Bronze
C04647,21,Female,Southwest,1346,272.68,Bronze
C04648,37,Male,West,1216,467.97,Silver
C04649,18,Male,Midwest,448,112.99,Bronze
C04650,35,Male,Southeast,1792,1125.48,Gold
C04651,35,Male,Southwest,1521,38.77,Bronze
C04652,45,Male,Southeast,671,906.75,Gold
C04653,38,Female,West,1623,234.94,Bronze
C04654,45,Female,Midwest,536,603.24,Silver
C04655,46,Female,West,1711,339.49,Silver
C04656,63,Female,Southeast,1531,334.1,Silver
C04657,34,Female,Southwest,1415,402.96,Silver
C04658,26,Female,Midwest,341,506.82,Silver
C04659,40,Female,Southwest,1687,182.01,Bronze
C04660,28,Male,Northeast,733,620.99,Silver
C04661,55,Female,Midwest,274,92.2,Bronze
C04662,34,Female,West,506,243.52,Bronze
C04663,31,Male,West,644,519.24,Silver
C04664,32,Female,Southwest,465,599.15,Silver
C04665,46,Female,Northeast,279,370.45,Silver
C04666,36,Male,Northeast,1075,171.73,Bronze
C04667,30,Female,Midwest,506,548.42,Silver
C04668,57,Male,Northeast,1625,133.96,Bronze
C04669,27,Male,Southwest,1803,1183.54,Gold
C04670,38,Female,Southeast,540,226.74,Bronze
C04671,45,Female,Midwest,1389,61.21,Bronze
C04672,18,Female,Northeast,1699,83.49,Bronze
C04673,43,Female,Midwest,803,254.49,Bronze
C04674,25,Male,Southeast,1395,277.51,Bronze
C04675,47,Female,Northeast,1391,1440.42,Gold
C04676,26,Female,Southeast,1533,96.1,Bronze
C04677,46,Female,Southeast,953,253.54,Bronze
C04678,51,Male,Southwest,1095,94.3,Bronze
C04679,48,Female,Northeast,103,157.06,Bronze
C04680,41,Female,Midwest,838,1113.85,Gold
C04681,35,Female,Southwest,860,88.0,Bronze
C04682,31,Female,West,1075,415.02,Silver
C04683,55,Male,Southwest,249,348.49,Silver
C04684,29,Female,Southwest,108,239.43,Bronze
C04685,25,Female,Midwest,264,390.53,Silver
C04686,45,Male,West,186,86.14,Bronze
C04687,28,Female,Northeast,356,1086.47,Gold
C04688,26,Female,Midwest,1167,1383.48,Gold
C04689,20,Male,West,1661,255.29,Bronze
C04690,32,Female,Midwest,671,2166.34,Gold
C04691,37,Male,West,650,170.87,Bronze
C04692,40,Male,West,1640,350.86,Silver
C04693,49,Female,Southeast,1014,887.76,Gold
C04694,44,Male,Southwest,1328,161.89,Bronze
C04695,35,Male,Midwest,1434,70.57,Bronze
C04696,35,Male,Northeast,1073,57.37,Bronze
C04697,44,Male,Southwest,1726,1563.6,Gold
C04698,53,Female,Southeast,1262,152.0,Bronze
C04699,39,Female,West,635,207.02,Bronze
C04700,32,Female,Midwest,1647,89.88,Bronze
C04701,26,Female,Southeast,893,574.5,Silver
C04702,20,Male,West,1669,121.1,Bronze
C04703,45,Female,Midwest,778,157.25,Bronze
C04704,44,Female,Southeast,1213,320.4,Silver
C04705,44,Female,Northeast,944,93.91,Bronze
C04706,36,Female,Southwest,928,208.36,Bronze
C04707,54,Female,Northeast,1027,864.36,Gold
C04708,32,Female,Southwest,889,359.76,Silver
C04709,49,Male,Southeast,602,275.2,Bronze
C04710,37,Female,West,67,296.89,Bronze
C04711,30,Male,Southwest,147,172.39,Bronze
C04712,45,Male,Northeast,419,1475.18,Gold
C04713,42,Male,Midwest,709,117.81,Bronze
C04714,42,Male,West,406,295.84,Bronze
C04715,38,Male,West,878,271.38,Bronze
C04716,37,Male,Midwest,405,606.61,Silver
C04717,66,Female,West,1634,660.41,Silver
C04718,52,Female,West,624,237.74,Bronze
C04719,46,Other,West,776,317.86,Silver
C04720,39,Male,West,1095,328.88,Silver
C04721,50,Female,Southeast,1664,31.66,Bronze
C04722,44,Female,Southwest,1523,58.55,Bronze
C04723,38,Male,Midwest,487,141.95,Bronze
C04724,34,Female,Northeast,1183,147.61,Bronze
C04725,37,Female,Southeast,1081,83.15,Bronze
C04726,18,Male,Northeast,1798,480.4,Silver
C04727,40,Female,Northeast,770,245.16,Bronze
C04728,32,Female,Southeast,658,201.7,Bronze
C04729,57,Male,Northeast,355,79.0,Bronze
C04730,38,Male,West,1562,235.08,Bronze
C04731,23,Male,Northeast,648,23.01,Bronze
C04732,37,Male,Northeast,354,211.31,Bronze
C04733,25,Female,Northeast,1213,259.01,Bronze
C04734,43,Female,Northeast,545,304.21,Silver
C04735,41,Male,Southeast,1714,59.88,Bronze
C04736,49,Female,Midwest,775,299.57,Bronze
C04737,28,Male,Southwest,1307,95.84,Bronze
C04738,38,Male,Southwest,277,117.78,Bronze
C04739,21,Male,Southwest,1406,466.91,Silver
C04740,46,Female,Northeast,427,1499.22,Gold
C04741,44,Male,Southeast,611,256.27,Bronze
C04742,43,Male,Northeast,232,117.29,Bronze
C04743,38,Male,West,1355,289.98,Bronze
C04744,42,Female,Northeast,1201,569.71,Silver
C04745,57,Other,Midwest,250,427.9,Silver
C04746,34,Male,Southeast,1751,2889.39,Gold
C04747,39,Male,Southeast,896,128.53,Bronze
C04748,24,Female,Southwest,1613,307.05,Silver
C04749,27,Female,West,292,986.36,Gold
C04750,39,Male,West,325,932.2,Gold
C04751,51,Female,Midwest,1368,42.31,Bronze
C04752,34,Female,Southwest,1049,243.95,Bronze
C04753,35,Male,West,321,930.82,Gold
C04754,33,Female,Southwest,713,3299.67,Gold
C04755,31,Female,Southeast,905,461.01,Silver
C04756,41,Female,Midwest,1084,175.73,Bronze
C04757,20,Male,West,1735,98.66,Bronze
C04758,53,Male,Southeast,1097,1802.39,Gold
C04759,30,Male,Southwest,584,471.48,Silver
C04760,46,Male,Southwest,1187,114.06,Bronze
C04761,22,Female,Midwest,378,203.8,Bronze
C04762,46,Female,Southeast,248,323.49,Silver
C04763,46,Female,Midwest,1052,399.19,Silver
C04764,42,Other,Southwest,479,108.89,Bronze
C04765,26,Male,West,533,140.78,Bronze
C04766,40,Female,Northeast,115,55.28,Bronze
C04767,23,Female,Midwest,1304,623.77,Silver
C04768,34,Male,Northeast,1318,179.93,Bronze
C04769,50,Female,West,552,372.3,Silver
C04770,47,Male,Southeast,1133,880.1,Gold
C04771,38,Female,Midwest,1674,298.24,Bronze
C04772,26,Female,West,490,221.04,Bronze
C04773,45,Male,Northeast,1043,291.35,Bronze
C04774,38,Female,Northeast,659,259.01,Bronze
C04775,18,Female,Southeast,281,751.11,Silver
C04776,47,Male,Southeast,47,323.68,Silver
C04777,37,Male,Southeast,1309,149.91,Bronze
C04778,52,Male,Southwest,1298,628.33,Silver
C04779,24,Female,West,1206,740.58,Silver
C04780,18,Female,Southwest,1662,73.37,Bronze
C04781,41,Female,Southwest,529,972.15,Gold
C04782,41,Female,Southeast,487,339.76,Silver
C04783,18,Female,Southeast,1751,315.75,Silver
C04784,26,Male,Southeast,1595,605.44,Silver
C04785,71,Female,West,144,146.9,Bronze
C04786,34,Male,West,782,577.52,Silver
C04787,46,Male,Southeast,798,174.32,Bronze
C04788,30,Female,Southeast,476,64.88,Bronze
C04789,18,Male,Midwest,382,99.69,Bronze
C04790,35,Female,Midwest,654,407.61,Silver
C04791,34,Female,Southwest,570,104.49,Bronze
C04792,33,Male,Southeast,351,1042.18,Gold
C04793,36,Male,Southwest,1512,713.62,Silver
C04794,41,Female,Midwest,255,812.48,Gold
C04795,36,Female,West,1809,273.77,Bronze
C04796,22,Male,Southwest,390,308.61,Silver
C04797,43,Male,Southwest,1584,83.57,Bronze
C04798,18,Female,Northeast,863,599.57,Silver
C04799,18,Female,Northeast,141,344.42,Silver
C04800,46,Male,Midwest,241,407.72,Silver
C04801,44,Male,Midwest,1286,1118.21,Gold
C04802,37,Female,West,977,141.83,Bronze
C04803,21,Female,Southwest,188,218.43,Bronze
C04804,29,Other,Northeast,601,328.32,Silver
C04805,34,Female,Midwest,1377,105.44,Bronze
C04806,18,Female,Northeast,1146,206.68,Bronze
C04807,29,Male,Southwest,1301,381.33,Silver
C04808,45,Female,Southwest,699,182.57,Bronze
C04809,55,Male,Midwest,1194,794.8,Silver
C04810,32,Female,Northeast,940,62.81,Bronze
C04811,47,Male,West,1052,672.16,Silver
C04812,18,Male,West,433,443.66,Silver
C04813,45,Female,Southeast,1785,146.65,Bronze
C04814,28,Female,Southwest,433,106.49,Bronze
C04815,41,Male,Southwest,630,37.63,Bronze
C04816,35,Female,Midwest,1720,119.62,Bronze
C04817,53,Male,Midwest,1467,627.95,Silver
C04818,27,Male,Southeast,1493,232.65,Bronze
C04819,45,Female,Midwest,1286,696.93,Silver
C04820,34,Male,Midwest,222,140.07,Bronze
C04821,36,Female,Southeast,1152,462.38,Silver
C04822,35,Male,Northeast,1166,128.28,Bronze
C04823,27,Female,Southeast,1672,102.61,Bronze
C04824,37,Female,Northeast,1589,222.2,Bronze
C04825,37,Male,Midwest,1334,134.5,Bronze
C04826,40,Male,West,1029,61.04,Bronze
C04827,39,Female,West,1769,207.66,Bronze
C04828,47,Female,Southeast,552,269.29,Bronze
C04829,49,Male,Midwest,379,766.26,Silver
C04830,25,Female,West,345,568.57,Silver
C04831,48,Male,Midwest,1770,733.59,Silver
C04832,23,Male,Southwest,972,467.93,Silver
C04833,45,Female,Midwest,1553,330.09,Silver
C04834,45,Male,West,1590,80.96,Bronze
C04835,18,Female,Northeast,942,280.03,Bronze
C04836,39,Female,West,681,418.68,Silver
C04837,32,Female,Southwest,664,908.41,Gold
C04838,28,Female,Southwest,1040,453.8,Silver
C04839,54,Female,Southwest,1489,747.21,Silver
C04840,30,Female,Southeast,1576,96.66,Bronze
C04841,28,Female,Midwest,622,182.4,Bronze
C04842,38,Other,Midwest,473,360.11,Silver
C04843,46,Female,Midwest,650,695.66,Silver
C04844,36,Male,Northeast,1261,214.71,Bronze
C04845,51,Female,Southwest,785,227.19,Bronze
C04846,44,Female,Southwest,1329,454.15,Silver
C04847,18,Female,Midwest,526,88.83,Bronze
C04848,31,Female,Southeast,802,1039.68,Gold
C04849,31,Female,Northeast,1350,110.92,Bronze
C04850,43,Other,West,403,43.52,Bronze
C04851,18,Male,Southeast,1628,246.92,Bronze
C04852,68,Female,Southwest,213,1128.46,Gold
C04853,44,Male,West,61,414.8,Silver
C04854,39,Female,West,312,481.05,Silver
C04855,52,Female,Midwest,865,253.98,Bronze
C04856,66,Male,Northeast,902,213.33,Bronze
C04857,48,Male,Southwest,1485,60.92,Bronze
C04858,49,Female,West,1572,32.03,Bronze
C04859,39,Male,Southwest,715,291.97,Bronze
C04860,36,Male,Midwest,491,797.35,Silver
C04861,32,Female,West,900,333.53,Silver
C04862,28,Male,Northeast,1013,428.91,Silver
C04863,29,Female,West,397,1017.75,Gold
C04864,21,Female,West,687,328.94,Silver
C04865,37,Male,West,1305,219.12,Bronze
C04866,18,Male,West,195,117.14,Bronze
C04867,40,Female,Southeast,1668,1510.19,Gold
C04868,37,Female,Southwest,1029,393.03,Silver
C04869,39,Female,Southwest,1758,104.66,Bronze
C04870,31,Female,Northeast,1582,85.28,Bronze
C04871,74,Female,Southwest,631,755.79,Silver
C04872,54,Male,Southeast,1424,96.19,Bronze
C04873,23,Male,West,1651,1297.83,Gold
C04874,40,Male,Southeast,1156,20.47,Bronze
C04875,30,Male,Southwest,623,880.36,Gold
C04876,25,Female,Northeast,155,379.25,Silver
C04877,21,Female,Midwest,67,272.25,Bronze
C04878,43,Male,Midwest,377,208.95,Bronze
C04879,29,Female,Southeast,1266,1341.65,Gold
C04880,49,Male,West,1372,462.36,Silver
C04881,49,Male,Northeast,766,108.54,Bronze
C04882,54,Female,West,763,52.09,Bronze
C04883,27,Male,Southwest,455,287.02,Bronze
C04884,43,Male,West,1300,244.46,Bronze
C04885,45,Male,Southwest,677,62.31,Bronze
C04886,32,Male,Southeast,315,232.79,Bronze
C04887,28,Female,Southeast,1284,145.98,Bronze
C04888,57,Female,Midwest,349,246.75,Bronze
C04889,40,Male,Northeast,541,470.28,Silver
C04890,45,Male,Southwest,1574,937.62,Gold
C04891,28,Female,Northeast,254,554.46,Silver
C04892,23,Female,Southwest,535,127.83,Bronze
C04893,31,Male,Northeast,1160,341.05,Silver
C04894,36,Male,West,1752,258.99,Bronze
C04895,25,Female,Northeast,1786,73.78,Bronze
C04896,37,Female,Northeast,1660,350.17,Silver
C04897,18,Male,West,1760,1301.15,Gold
C04898,24,Female,Southeast,1807,251.94,Bronze
C04899,46,Male,West,771,58.28,Bronze
C04900,45,Female,Midwest,1384,251.45,Bronze
C04901,33,Female,Northeast,1058,82.08,Bronze
C04902,25,Female,Southwest,497,532.32,Silver
C04903,25,Male,Midwest,1569,392.44,Silver
C04904,33,Male,West,967,209.81,Bronze
C04905,45,Male,Midwest,794,181.63,Bronze
C04906,49,Female,West,192,202.15,Bronze
C04907,32,Male,Southeast,682,246.52,Bronze
C04908,24,Male,Northeast,930,122.12,Bronze
C04909,41,Male,Midwest,837,70.18,Bronze
C04910,28,Female,Midwest,1584,681.86,Silver
C04911,31,Male,Southeast,111,172.97,Bronze
C04912,53,Male,West,510,284.39,Bronze
C04913,47,Male,West,545,316.32,Silver
C04914,39,Female,Northeast,1693,326.95,Silver
C04915,22,Female,Southeast,216,85.08,Bronze
C04916,40,Female,Southeast,175,54.15,Bronze
C04917,50,Female,Northeast,1035,144.05,Bronze
C04918,33,Female,Southeast,181,349.37,Silver
C04919,54,Male,Northeast,1416,127.08,Bronze
C04920,53,Female,Southwest,122,177.78,Bronze
C04921,57,Male,West,1084,1659.99,Gold
C04922,41,Male,Northeast,569,46.48,Bronze
C04923,45,Female,Northeast,678,124.02,Bronze
C04924,54,Male,West,631,1348.76,Gold
C04925,43,Male,Midwest,78,235.06,Bronze
C04926,31,Male,West,1311,129.62,Bronze
C04927,32,Female,Southwest,1571,700.57,Silver
C04928,40,Male,Midwest,570,257.16,Bronze
C04929,22,Female,Northeast,1463,178.85,Bronze
C04930,36,Female,West,185,290.94,Bronze
C04931,51,Female,Southwest,804,135.33,Bronze
C04932,18,Male,Midwest,575,97.93,Bronze
C04933,56,Female,West,1493,220.91,Bronze
C04934,51,Male,Southeast,1290,98.5,Bronze
C04935,32,Male,Southeast,679,247.06,Bronze
C04936,44,Male,West,1421,336.62,Silver
C04937,38,Female,Southwest,1030,527.29,Silver
C04938,52,Male,West,1110,675.28,Silver
C04939,49,Male,West,204,169.84,Bronze
C04940,21,Male,Northeast,1267,383.55,Silver
C04941,45,Male,Northeast,56,381.18,Silver
C04942,35,Female,Midwest,1172,328.66,Silver
C04943,38,Female,Northeast,176,158.93,Bronze
C04944,29,Female,West,897,97.0,Bronze
C04945,58,Male,Southeast,294,384.45,Silver
C04946,50,Male,West,1456,52.66,Bronze
C04947,29,Female,West,287,192.28,Bronze
C04948,21,Male,Midwest,1242,24.58,Bronze
C04949,33,Female,Northeast,856,73.5,Bronze
C04950,43,Male,West,772,111.12,Bronze
C04951,40,Female,Southwest,1552,656.58,Silver
C04952,53,Male,West,739,454.55,Silver
C04953,47,Male,Northeast,1292,148.63,Bronze
C04954,49,Female,Northeast,1380,471.74,Silver
C04955,41,Female,Southeast,1123,543.95,Silver
C04956,21,Male,Northeast,1817,211.75,Bronze
C04957,35,Female,West,1758,70.39,Bronze
C04958,50,Female,West,1078,202.93,Bronze
C04959,37,Male,Southeast,1635,224.06,Bronze
C04960,44,Male,Southeast,1209,80.7,Bronze
C04961,34,Male,Southeast,1711,340.48,Silver
C04962,25,Male,Southwest,248,314.77,Silver
C04963,36,Female,Midwest,590,365.23,Silver
C04964,41,Male,West,1432,314.51,Silver
C04965,30,Male,Southeast,921,471.94,Silver
C04966,35,Male,West,1247,208.22,Bronze
C04967,26,Female,Southeast,1093,293.42,Bronze
C04968,51,Male,Southeast,626,171.06,Bronze
C04969,34,Male,West,372,144.6,Bronze
C04970,55,Male,Midwest,532,816.01,Gold
C04971,56,Female,Southeast,479,38.88,Bronze
C04972,37,Male,Northeast,365,538.66,Silver
C04973,25,Female,Southeast,33,139.98,Bronze
C04974,18,Male,Southeast,788,124.58,Bronze
C04975,20,Male,West,546,309.64,Silver
C04976,21,Female,Southwest,1550,64.03,Bronze
C04977,54,Male,Northeast,1279,117.4,Bronze
C04978,39,Female,Southeast,1203,113.95,Bronze
C04979,42,Female,Northeast,267,200.49,Bronze
C04980,18,Female,Midwest,1713,118.66,Bronze
C04981,23,Female,Midwest,132,1033.81,Gold
C04982,48,Male,West,1228,1233.13,Gold
C04983,41,Male,Southeast,1039,39.65,Bronze
C04984,36,Female,Midwest,1514,399.37,Silver
C04985,44,Female,Southwest,1801,529.96,Silver
C04986,57,Female,Southwest,1087,398.89,Silver
C04987,35,Male,Southwest,1737,135.33,Bronze
C04988,38,Male,West,547,196.43,Bronze
C04989,40,Female,Southwest,469,124.78,Bronze
C04990,66,Male,Southeast,1338,167.63,Bronze
C04991,18,Male,Northeast,254,82.35,Bronze
C04992,46,Male,Northeast,594,220.67,Bronze
C04993,36,Female,West,1310,63.27,Bronze
C04994,44,Male,Southwest,1112,204.36,Bronze
C04995,30,Female,Northeast,275,79.54,Bronze
C04996,37,Male,West,1572,294.75,Bronze
C04997,46,Female,West,1267,132.76,Bronze
C04998,75,Female,Southwest,957,317.83,Silver
C04999,47,Male,West,1643,647.7,Silver
C05000,27,Female,Southwest,1754,1023.01,Gold
