order_id,customer_id,order_date,category,num_items,order_value,shipping_cost,days_to_deliver
O000001,C02264,2024-05-11,Clothing,3,96.79,0.0,6
O000002,C00283,2024-03-22,Sports,3,139.56,0.0,4
O000003,C02621,2024-12-05,Home,2,96.32,0.0,3
O000004,C03287,2024-10-22,Clothing,4,153.17,0.0,7
O000005,C00172,2024-12-25,Electronics,4,118.65,0.0,3
O000006,C03457,2024-04-21,Clothing,1,24.29,12.82,3
O000007,C01883,2024-10-29,Sports,4,194.54,0.0,7
O000008,C02276,2024-11-01,Electronics,2,54.11,6.98,3
O000009,C02622,2024-02-20,Beauty,5,184.96,0.0,4
O000010,C00601,2024-10-20,Home,4,190.64,0.0,3
O000011,C03791,2024-07-07,Clothing,3,29.39,6.8,3
O000012,C02024,2024-07-26,Sports,1,36.27,6.13,3
O000013,C00467,2024-05-28,Electronics,1,58.24,12.98,3
O000014,C03951,2024-09-21,Electronics,5,244.42,0.0,6
O000015,C03890,2024-10-07,Clothing,1,41.83,10.93,5
O000016,C04393,2024-04-22,Beauty,5,147.37,0.0,5
O000017,C02593,2024-02-05,Beauty,3,140.12,0.0,2
O000018,C01020,2024-04-20,Home,3,58.54,6.83,3
O000019,C01548,2024-06-19,Beauty,5,210.09,0.0,1
O000020,C04757,2024-03-18,Clothing,4,187.86,0.0,4
O000021,C04750,2024-12-02,Sports,3,182.17,0.0,6
O000022,C04898,2024-01-28,Clothing,2,98.62,0.0,3
O000023,C04437,2024-02-14,Electronics,2,75.94,0.0,3
O000024,C00704,2024-12-26,Clothing,2,51.71,8.18,4
O000025,C00853,2024-10-30,Electronics,5,125.43,0.0,2
O000026,C00306,2024-05-21,Sports,3,72.45,11.35,3
O000027,C03579,2024-01-15,Electronics,1,28.32,8.73,4
O000028,C01934,2024-05-07,Clothing,1,28.44,11.56,2
O000029,C01788,2024-06-15,Electronics,2,43.47,11.74,1
O000030,C03788,2024-06-01,Home,4,161.88,0.0,6
O000031,C00874,2024-03-03,Clothing,1,44.26,7.68,4
O000032,C01582,2024-02-28,Electronics,1,23.86,7.21,2
O000033,C03958,2024-07-21,Clothing,4,23.09,9.33,5
O000034,C04591,2024-06-05,Beauty,4,134.12,0.0,6
O000035,C03333,2024-01-03,Beauty,2,84.16,0.0,2
O000036,C01686,2024-02-08,Electronics,2,67.15,7.64,4
O000037,C01606,2024-10-04,Electronics,1,5.0,10.8,4
O000038,C00896,2024-04-10,Clothing,2,62.07,7.87,8
O000039,C03264,2024-06-17,Home,6,281.58,0.0,4
O000040,C03425,2024-01-20,Home,1,9.67,5.56,4
O000041,C03854,2024-05-20,Clothing,2,94.69,0.0,3
O000042,C02347,2024-12-12,Clothing,3,114.77,0.0,4
O000043,C03532,2024-10-01,Sports,2,70.23,10.47,5
O000044,C02475,2024-11-17,Electronics,4,203.92,0.0,4
O000045,C01862,2024-07-11,Clothing,6,202.63,0.0,2
O000046,C02764,2024-05-31,Home,7,333.23,0.0,2
O000047,C04853,2024-08-23,Home,2,37.42,12.4,6
O000048,C00031,2024-10-20,Sports,3,141.69,0.0,5
O000049,C04008,2024-07-26,Sports,9,300.54,0.0,3
O000050,C03456,2024-02-06,Electronics,3,35.07,11.09,3
O000051,C00243,2024-03-18,Electronics,4,79.62,0.0,7
O000052,C04782,2024-06-20,Clothing,2,66.07,7.45,5
O000053,C01499,2024-02-14,Beauty,5,138.86,0.0,4
O000054,C04669,2024-12-02,Beauty,4,154.64,0.0,4
O000055,C03423,2024-03-24,Clothing,1,29.75,7.03,7
O000056,C04004,2024-04-02,Clothing,4,74.8,7.13,3
O000057,C01660,2024-06-02,Electronics,4,154.43,0.0,5
O000058,C03229,2024-04-15,Beauty,3,73.36,9.5,5
O000059,C00599,2024-12-23,Home,1,46.02,6.22,3
O000060,C02196,2024-07-27,Beauty,5,208.66,0.0,2
O000061,C00070,2024-07-22,Sports,4,181.0,0.0,4
O000062,C01394,2024-09-04,Clothing,3,125.8,0.0,8
O000063,C03660,2024-12-13,Clothing,6,182.54,0.0,5
O000064,C01650,2024-12-17,Beauty,2,93.36,0.0,7
O000065,C02282,2024-08-13,Clothing,4,174.87,0.0,5
O000066,C03683,2024-12-01,Home,5,157.98,0.0,4
O000067,C02684,2024-02-17,Clothing,1,59.26,7.31,5
O000068,C04563,2024-09-02,Home,1,51.11,6.74,5
O000069,C04653,2024-01-31,Clothing,6,301.59,0.0,3
O000070,C04990,2024-07-01,Home,4,106.84,0.0,4
O000071,C04932,2024-09-13,Sports,4,148.8,0.0,3
O000072,C01311,2024-05-05,Home,4,199.55,0.0,1
O000073,C04714,2024-08-06,Clothing,1,30.98,9.24,5
O000074,C04230,2024-09-01,Beauty,2,88.83,0.0,3
O000075,C04104,2024-05-18,Sports,5,38.7,12.72,4
O000076,C02076,2024-08-14,Clothing,5,138.48,0.0,7
O000077,C00783,2024-10-28,Home,3,144.53,0.0,2
O000078,C03807,2024-09-13,Beauty,6,124.33,0.0,3
O000079,C01334,2024-09-11,Home,3,117.04,0.0,3
O000080,C03718,2024-03-10,Electronics,4,161.76,0.0,6
O000081,C04637,2024-03-06,Sports,1,59.09,10.31,2
O000082,C01058,2024-01-02,Electronics,1,5.0,7.86,4
O000083,C02055,2024-11-20,Beauty,2,86.15,0.0,3
O000084,C03402,2024-09-25,Electronics,2,59.14,11.13,5
O000085,C02110,2024-12-04,Clothing,7,336.29,0.0,5
O000086,C03158,2024-10-29,Clothing,3,155.84,0.0,2
O000087,C03797,2024-05-08,Clothing,3,64.53,11.61,3
O000088,C03649,2024-05-25,Electronics,2,114.23,0.0,4
O000089,C01321,2024-04-22,Clothing,6,210.58,0.0,1
O000090,C04418,2024-10-14,Beauty,2,101.22,0.0,5
O000091,C03700,2024-04-05,Sports,5,199.62,0.0,3
O000092,C00733,2024-09-23,Beauty,2,95.03,0.0,6
O000093,C03634,2024-01-08,Beauty,4,118.03,0.0,5
O000094,C03550,2024-08-07,Clothing,5,116.63,0.0,3
O000095,C03663,2024-07-31,Home,2,53.32,11.33,4
O000096,C04645,2024-04-11,Clothing,3,43.53,7.55,4
O000097,C00605,2024-06-14,Electronics,1,61.59,6.92,3
O000098,C01723,2024-09-18,Clothing,3,86.4,0.0,4
O000099,C02405,2024-01-02,Clothing,3,112.69,0.0,3
O000100,C03483,2024-07-20,Electronics,2,30.3,5.23,4
O000101,C02813,2024-11-24,Sports,3,126.46,0.0,3
O000102,C01582,2024-07-01,Clothing,1,5.0,7.97,6
O000103,C02279,2024-09-15,Home,2,77.63,0.0,1
O000104,C02351,2024-11-17,Electronics,6,209.16,0.0,4
O000105,C03624,2024-08-15,Beauty,1,18.47,7.47,5
O000106,C00715,2024-07-18,Electronics,3,148.94,0.0,3
O000107,C00925,2024-01-26,Clothing,4,149.61,0.0,3
O000108,C03163,2024-12-15,Clothing,3,145.93,0.0,5
O000109,C04154,2024-04-11,Electronics,1,12.79,6.86,3
O000110,C04530,2024-05-15,Electronics,3,95.5,0.0,2
O000111,C04079,2024-11-26,Clothing,1,24.26,6.41,4
O000112,C02570,2024-12-10,Sports,4,189.73,0.0,4
O000113,C02816,2024-07-15,Home,2,40.36,12.42,5
O000114,C04579,2024-01-30,Home,2,55.03,10.97,5
O000115,C04463,2024-10-25,Clothing,2,96.89,0.0,3
O000116,C00889,2024-05-12,Home,2,96.65,0.0,5
O000117,C03479,2024-09-12,Sports,5,118.64,0.0,1
O000118,C03590,2024-01-20,Clothing,3,88.52,0.0,3
O000119,C01724,2024-11-03,Clothing,3,123.46,0.0,4
O000120,C01259,2024-01-21,Sports,2,84.75,0.0,4
O000121,C00411,2024-02-10,Sports,2,71.1,10.15,5
O000122,C02231,2024-12-29,Clothing,1,18.34,11.13,2
O000123,C03195,2024-05-31,Home,3,94.49,0.0,2
O000124,C02206,2024-11-03,Beauty,4,249.19,0.0,3
O000125,C02061,2024-01-02,Clothing,4,147.53,0.0,4
O000126,C03899,2024-02-13,Beauty,3,139.88,0.0,3
O000127,C02614,2024-02-10,Clothing,3,117.18,0.0,5
O000128,C01813,2024-11-21,Clothing,1,60.01,8.66,6
O000129,C01803,2024-09-19,Home,4,157.23,0.0,4
O000130,C03907,2024-10-20,Clothing,3,124.76,0.0,4
O000131,C00678,2024-06-21,Beauty,3,141.41,0.0,4
O000132,C02911,2024-01-09,Electronics,4,166.61,0.0,4
O000133,C04714,2024-02-22,Clothing,3,97.92,0.0,4
O000134,C02252,2024-10-10,Beauty,3,78.79,0.0,5
O000135,C03005,2024-05-07,Home,4,97.64,0.0,1
O000136,C00795,2024-01-19,Electronics,1,29.5,11.83,5
O000137,C00729,2024-05-11,Clothing,1,63.01,11.69,7
O000138,C01694,2024-01-13,Electronics,5,153.75,0.0,2
O000139,C04735,2024-08-07,Clothing,1,56.26,11.75,1
O000140,C00191,2024-09-23,Home,6,161.74,0.0,3
O000141,C04995,2024-09-01,Clothing,2,51.73,6.5,4
O000142,C01997,2024-09-14,Clothing,4,152.35,0.0,4
O000143,C02108,2024-05-19,Clothing,1,9.48,9.76,4
O000144,C03867,2024-09-03,Clothing,8,341.28,0.0,4
O000145,C01490,2024-08-19,Electronics,1,33.68,9.87,3
O000146,C02110,2024-02-25,Home,7,220.31,0.0,3
O000147,C00638,2024-03-28,Clothing,1,33.98,6.01,5
O000148,C04046,2024-09-10,Beauty,1,45.7,8.36,2
O000149,C04159,2024-02-21,Beauty,1,11.39,10.98,2
O000150,C02820,2024-09-03,Electronics,5,229.05,0.0,6
O000151,C04112,2024-09-08,Home,2,79.29,0.0,5
O000152,C00842,2024-05-04,Electronics,3,132.51,0.0,4
O000153,C03952,2024-07-19,Electronics,4,150.43,0.0,5
O000154,C04059,2024-12-26,Sports,5,189.4,0.0,4
O000155,C03248,2024-05-11,Beauty,3,110.76,0.0,8
O000156,C01217,2024-06-25,Clothing,2,93.12,0.0,4
O000157,C00899,2024-02-21,Electronics,2,54.43,5.97,7
O000158,C02223,2024-02-03,Sports,2,72.88,11.34,4
O000159,C01258,2024-01-22,Home,4,150.79,0.0,3
O000160,C01515,2024-05-20,Sports,2,71.44,9.77,3
O000161,C00417,2024-11-14,Home,5,249.32,0.0,3
O000162,C04547,2024-09-27,Electronics,4,191.19,0.0,4
O000163,C02884,2024-06-16,Clothing,2,61.53,11.92,4
O000164,C03827,2024-02-07,Clothing,1,44.21,12.53,3
O000165,C04376,2024-12-26,Home,6,230.83,0.0,4
O000166,C04340,2024-09-02,Sports,8,292.23,0.0,5
O000167,C00675,2024-08-22,Sports,3,67.87,6.02,3
O000168,C00103,2024-02-24,Sports,2,64.89,9.13,2
O000169,C02358,2024-04-29,Clothing,2,86.03,0.0,6
O000170,C03994,2024-03-06,Electronics,2,72.27,11.34,6
O000171,C04028,2024-11-17,Clothing,1,28.21,11.34,4
O000172,C03709,2024-11-23,Clothing,1,17.54,8.04,5
O000173,C04213,2024-06-14,Electronics,4,166.45,0.0,5
O000174,C01496,2024-07-28,Sports,3,87.39,0.0,4
O000175,C04859,2024-03-15,Sports,2,114.27,0.0,4
O000176,C03393,2024-05-13,Clothing,7,189.27,0.0,4
O000177,C03507,2024-09-21,Electronics,7,148.24,0.0,3
O000178,C02786,2024-06-22,Clothing,1,16.0,6.32,4
O000179,C02235,2024-08-30,Sports,4,161.47,0.0,5
O000180,C03660,2024-03-29,Beauty,2,14.65,8.42,6
O000181,C04881,2024-09-06,Beauty,2,108.51,0.0,5
O000182,C03733,2024-01-31,Home,5,149.65,0.0,4
O000183,C04803,2024-10-03,Beauty,1,66.53,11.0,2
O000184,C04892,2024-02-07,Clothing,2,44.13,10.74,7
O000185,C04569,2024-11-03,Home,3,31.62,11.68,5
O000186,C03526,2024-05-17,Clothing,2,55.86,6.58,4
O000187,C03518,2024-03-16,Electronics,3,154.8,0.0,1
O000188,C04778,2024-12-04,Beauty,3,167.6,0.0,1
O000189,C04190,2024-09-09,Home,3,93.25,0.0,4
O000190,C04832,2024-03-19,Electronics,4,78.71,0.0,3
O000191,C02530,2024-02-07,Electronics,1,56.14,6.15,1
O000192,C01914,2024-11-13,Clothing,1,12.7,5.32,3
O000193,C02458,2024-11-23,Beauty,5,148.95,0.0,4
O000194,C01151,2024-06-11,Beauty,5,199.46,0.0,3
O000195,C03859,2024-12-23,Beauty,3,97.18,0.0,4
O000196,C04138,2024-05-07,Electronics,5,118.95,0.0,4
O000197,C04137,2024-06-06,Home,3,50.51,8.76,8
O000198,C01511,2024-11-24,Clothing,3,105.02,0.0,5
O000199,C03971,2024-11-14,Electronics,3,115.21,0.0,6
O000200,C03916,2024-03-23,Sports,6,199.29,0.0,2
O000201,C03253,2024-08-04,Beauty,3,91.41,0.0,5
O000202,C03750,2024-07-20,Clothing,6,253.48,0.0,6
O000203,C00744,2024-10-04,Beauty,1,27.98,7.21,3
O000204,C02766,2024-05-31,Home,6,100.17,0.0,4
O000205,C03939,2024-01-26,Sports,2,67.5,12.95,4
O000206,C02512,2024-12-08,Clothing,3,19.31,7.5,3
O000207,C01074,2024-09-10,Clothing,3,160.2,0.0,4
O000208,C03218,2024-09-07,Clothing,1,36.29,8.68,2
O000209,C04394,2024-06-15,Clothing,4,143.02,0.0,2
O000210,C02193,2024-12-18,Home,2,54.31,6.12,4
O000211,C00016,2024-05-19,Clothing,2,66.13,10.29,6
O000212,C03554,2024-08-16,Clothing,3,72.43,9.27,5
O000213,C00107,2024-03-13,Electronics,2,116.42,0.0,2
O000214,C04315,2024-10-25,Sports,4,139.63,0.0,2
O000215,C02969,2024-08-23,Clothing,3,104.87,0.0,7
O000216,C04467,2024-07-13,Electronics,3,100.5,0.0,4
O000217,C03046,2024-03-28,Clothing,6,266.12,0.0,2
O000218,C02858,2024-04-06,Electronics,7,348.15,0.0,3
O000219,C04350,2024-06-14,Electronics,4,80.41,0.0,3
O000220,C01429,2024-10-22,Home,3,112.89,0.0,5
O000221,C02009,2024-07-21,Clothing,3,112.82,0.0,6
O000222,C03102,2024-07-05,Beauty,5,190.8,0.0,5
O000223,C03637,2024-10-01,Clothing,3,129.52,0.0,6
O000224,C03472,2024-01-20,Clothing,1,62.36,8.65,5
O000225,C03032,2024-03-13,Clothing,2,67.75,8.68,3
O000226,C02922,2024-12-03,Beauty,1,34.09,6.94,2
O000227,C04446,2024-12-26,Electronics,1,70.22,5.67,6
O000228,C00879,2024-11-05,Electronics,3,131.21,0.0,4
O000229,C02513,2024-03-22,Clothing,4,130.77,0.0,3
O000230,C00311,2024-10-22,Home,2,86.72,0.0,2
O000231,C01115,2024-12-21,Electronics,2,57.77,8.98,5
O000232,C01322,2024-01-27,Home,5,217.27,0.0,3
O000233,C03397,2024-05-20,Clothing,2,81.55,0.0,4
O000234,C04376,2024-02-16,Home,5,103.28,0.0,5
O000235,C00967,2024-04-21,Electronics,6,119.16,0.0,3
O000236,C03190,2024-08-22,Beauty,1,37.38,10.17,4
O000237,C00695,2024-05-30,Clothing,4,105.69,0.0,2
O000238,C02615,2024-11-10,Clothing,1,5.0,11.19,3
O000239,C00271,2024-11-28,Sports,2,54.57,10.62,2
O000240,C01412,2024-05-05,Clothing,1,39.13,9.41,5
O000241,C03028,2024-01-07,Sports,5,200.52,0.0,3
O000242,C03125,2024-02-19,Clothing,2,120.23,0.0,4
O000243,C01754,2024-12-25,Home,3,91.52,0.0,3
O000244,C04937,2024-03-06,Beauty,5,195.12,0.0,3
O000245,C01822,2024-12-27,Clothing,4,163.37,0.0,2
O000246,C04336,2024-06-15,Home,4,157.38,0.0,3
O000247,C03286,2024-09-08,Sports,1,40.57,8.95,4
O000248,C00361,2024-09-19,Beauty,4,140.3,0.0,6
O000249,C03436,2024-07-14,Sports,3,106.9,0.0,4
O000250,C00734,2024-07-01,Clothing,2,74.8,5.52,3
O000251,C00852,2024-09-20,Beauty,5,134.86,0.0,5
O000252,C00860,2024-10-14,Sports,3,52.17,10.84,5
O000253,C04797,2024-10-01,Electronics,2,59.5,6.43,5
O000254,C01351,2024-04-27,Home,3,103.06,0.0,6
O000255,C04085,2024-11-08,Sports,3,125.04,0.0,4
O000256,C02884,2024-12-12,Beauty,4,108.44,0.0,4
O000257,C03548,2024-10-03,Electronics,2,52.74,8.31,1
O000258,C04919,2024-05-11,Beauty,5,85.46,0.0,6
O000259,C04193,2024-05-26,Electronics,7,258.56,0.0,4
O000260,C00327,2024-01-29,Clothing,5,117.93,0.0,6
O000261,C02121,2024-11-22,Clothing,3,92.46,0.0,4
O000262,C00994,2024-11-15,Clothing,4,190.52,0.0,3
O000263,C01767,2024-08-12,Electronics,6,213.3,0.0,8
O000264,C04429,2024-05-18,Clothing,2,56.53,11.41,3
O000265,C01181,2024-10-15,Beauty,3,76.52,0.0,4
O000266,C01965,2024-10-07,Clothing,2,64.46,11.78,2
O000267,C02782,2024-01-26,Home,3,61.64,6.43,3
O000268,C02906,2024-10-18,Clothing,1,57.75,5.92,1
O000269,C00099,2024-09-23,Electronics,3,46.71,12.81,2
O000270,C02780,2024-10-12,Sports,4,129.38,0.0,4
O000271,C00244,2024-11-08,Home,1,5.0,11.94,5
O000272,C04038,2024-04-06,Sports,1,25.69,6.96,2
O000273,C01501,2024-05-17,Sports,4,161.44,0.0,4
O000274,C02710,2024-10-07,Beauty,3,141.31,0.0,4
O000275,C03054,2024-04-05,Electronics,2,60.11,9.29,1
O000276,C04463,2024-02-26,Home,5,161.98,0.0,5
O000277,C03227,2024-05-02,Sports,2,53.21,8.06,6
O000278,C01048,2024-08-18,Beauty,3,139.61,0.0,4
O000279,C04379,2024-10-16,Sports,4,106.52,0.0,3
O000280,C01316,2024-03-26,Electronics,1,42.82,11.76,1
O000281,C01387,2024-11-05,Beauty,2,71.29,10.2,4
O000282,C03921,2024-02-20,Home,1,13.53,12.82,6
O000283,C01738,2024-08-15,Sports,5,175.87,0.0,2
O000284,C00422,2024-01-06,Home,2,37.82,11.67,4
O000285,C03802,2024-11-05,Clothing,5,231.37,0.0,4
O000286,C01412,2024-09-29,Beauty,3,77.16,0.0,6
O000287,C03250,2024-12-09,Clothing,2,93.52,0.0,5
O000288,C04571,2024-01-02,Sports,2,69.26,11.36,3
O000289,C02453,2024-10-02,Clothing,2,68.01,8.18,4
O000290,C02084,2024-03-31,Clothing,5,240.37,0.0,7
O000291,C04454,2024-09-18,Beauty,2,52.99,10.25,4
O000292,C04654,2024-08-29,Sports,4,127.62,0.0,3
O000293,C03679,2024-09-02,Electronics,2,24.68,9.24,5
O000294,C01351,2024-03-19,Clothing,3,97.44,0.0,2
O000295,C02368,2024-11-06,Electronics,4,120.85,0.0,3
O000296,C04834,2024-10-30,Clothing,1,37.2,6.97,4
O000297,C03341,2024-02-27,Electronics,3,182.57,0.0,3
O000298,C02573,2024-08-12,Beauty,2,78.64,0.0,4
O000299,C04121,2024-07-20,Electronics,4,102.76,0.0,4
O000300,C03845,2024-01-06,Home,4,219.28,0.0,4
O000301,C00640,2024-01-30,Beauty,3,81.91,0.0,5
O000302,C01575,2024-05-30,Clothing,4,209.95,0.0,4
O000303,C03229,2024-02-05,Home,1,39.07,8.19,5
O000304,C04270,2024-04-19,Clothing,2,73.05,12.34,2
O000305,C00186,2024-04-30,Clothing,5,243.87,0.0,5
O000306,C01319,2024-08-28,Clothing,2,96.02,0.0,4
O000307,C00528,2024-09-15,Beauty,2,60.38,8.17,5
O000308,C03260,2024-03-30,Sports,2,21.42,12.42,5
O000309,C03484,2024-01-30,Clothing,3,133.3,0.0,2
O000310,C03020,2024-08-24,Clothing,2,24.44,6.56,5
O000311,C04780,2024-06-18,Clothing,1,5.0,9.07,4
O000312,C02234,2024-05-28,Clothing,5,202.13,0.0,3
O000313,C01568,2024-03-28,Electronics,3,96.74,0.0,2
O000314,C00575,2024-01-04,Clothing,4,88.42,0.0,2
O000315,C02035,2024-09-08,Home,1,21.89,9.03,4
O000316,C01325,2024-02-20,Home,2,86.76,0.0,4
O000317,C04405,2024-01-24,Electronics,2,47.45,5.61,5
O000318,C01213,2024-02-15,Beauty,2,87.61,0.0,4
O000319,C01435,2024-04-25,Home,3,154.26,0.0,3
O000320,C00538,2024-01-27,Clothing,4,128.88,0.0,5
O000321,C04954,2024-04-04,Beauty,3,104.74,0.0,5
O000322,C01575,2024-04-08,Home,4,110.8,0.0,6
O000323,C00193,2024-04-25,Clothing,1,11.18,11.54,4
O000324,C01187,2024-10-02,Sports,2,72.06,9.08,2
O000325,C04149,2024-12-01,Clothing,2,55.02,11.34,3
O000326,C00475,2024-04-04,Clothing,2,9.93,6.21,4
O000327,C04270,2024-07-17,Sports,2,102.51,0.0,3
O000328,C01814,2024-05-25,Beauty,3,98.26,0.0,4
O000329,C04796,2024-06-03,Clothing,6,277.13,0.0,8
O000330,C02438,2024-09-26,Clothing,6,261.55,0.0,1
O000331,C03380,2024-11-16,Clothing,1,55.31,11.77,3
O000332,C04553,2024-10-02,Clothing,2,61.57,5.26,6
O000333,C01355,2024-11-21,Clothing,4,152.03,0.0,4
O000334,C03401,2024-09-12,Home,6,178.09,0.0,6
O000335,C03755,2024-02-14,Home,4,137.13,0.0,5
O000336,C03530,2024-01-01,Clothing,4,185.51,0.0,6
O000337,C00159,2024-05-26,Clothing,5,183.86,0.0,1
O000338,C01838,2024-10-21,Home,2,74.07,11.39,4
O000339,C04612,2024-06-03,Clothing,5,87.36,0.0,5
O000340,C01026,2024-02-25,Home,3,99.56,0.0,5
O000341,C00659,2024-08-13,Electronics,3,59.2,10.14,4
O000342,C00678,2024-01-07,Beauty,2,51.01,9.03,6
O000343,C04411,2024-01-20,Clothing,1,7.4,8.0,3
O000344,C04047,2024-06-07,Beauty,4,201.4,0.0,3
O000345,C03822,2024-12-05,Clothing,4,156.76,0.0,2
O000346,C02376,2024-03-19,Home,5,102.42,0.0,3
O000347,C00276,2024-01-01,Electronics,2,133.57,0.0,3
O000348,C04548,2024-12-01,Home,4,108.94,0.0,4
O000349,C01589,2024-08-16,Clothing,3,138.58,0.0,5
O000350,C04582,2024-07-31,Clothing,2,122.37,0.0,1
O000351,C04663,2024-10-09,Sports,3,113.33,0.0,4
O000352,C00246,2024-09-04,Clothing,3,54.27,6.08,4
O000353,C00889,2024-04-28,Beauty,1,34.87,9.21,4
O000354,C02212,2024-08-14,Beauty,5,161.99,0.0,5
O000355,C04026,2024-01-24,Beauty,3,35.28,7.95,5
O000356,C00001,2024-07-08,Home,2,68.64,8.57,4
O000357,C02911,2024-11-03,Clothing,5,133.15,0.0,1
O000358,C02185,2024-11-02,Clothing,1,50.72,12.98,4
O000359,C04247,2024-02-26,Sports,1,38.79,12.37,5
O000360,C03252,2024-11-06,Clothing,1,37.71,8.27,6
O000361,C03052,2024-11-04,Home,1,39.14,12.86,6
O000362,C01511,2024-03-29,Beauty,3,135.4,0.0,4
O000363,C03772,2024-10-01,Electronics,3,83.75,0.0,3
O000364,C01129,2024-04-18,Clothing,7,195.16,0.0,3
O000365,C00698,2024-05-20,Electronics,3,159.27,0.0,4
O000366,C01089,2024-10-11,Home,3,98.91,0.0,4
O000367,C02420,2024-08-31,Home,5,302.16,0.0,4
O000368,C02629,2024-03-14,Electronics,2,72.8,9.06,5
O000369,C03790,2024-12-20,Home,1,46.25,6.5,3
O000370,C00686,2024-09-18,Electronics,2,26.11,7.26,4
O000371,C02757,2024-06-24,Sports,3,16.46,9.65,4
O000372,C01843,2024-08-17,Sports,2,45.13,6.78,4
O000373,C01733,2024-03-16,Sports,5,68.61,7.22,6
O000374,C04836,2024-11-18,Home,5,267.23,0.0,5
O000375,C04367,2024-07-01,Sports,1,65.96,8.24,6
O000376,C01973,2024-09-30,Home,2,71.03,11.3,2
O000377,C00711,2024-10-03,Sports,4,129.49,0.0,4
O000378,C00325,2024-08-14,Clothing,2,43.56,9.88,4
O000379,C04894,2024-06-13,Sports,3,50.96,12.78,4
O000380,C02968,2024-10-01,Sports,1,33.64,5.12,3
O000381,C03800,2024-08-04,Sports,5,119.85,0.0,4
O000382,C02595,2024-11-07,Home,4,163.22,0.0,5
O000383,C01093,2024-07-08,Beauty,1,32.61,9.03,2
O000384,C02956,2024-01-18,Electronics,5,161.88,0.0,1
O000385,C00212,2024-08-19,Beauty,3,108.36,0.0,4
O000386,C01582,2024-07-02,Home,3,129.16,0.0,5
O000387,C03832,2024-04-15,Clothing,4,67.48,10.19,6
O000388,C01444,2024-08-30,Sports,3,107.0,0.0,6
O000389,C04144,2024-02-22,Electronics,4,106.55,0.0,3
O000390,C04327,2024-08-13,Sports,3,151.93,0.0,3
O000391,C00579,2024-07-20,Clothing,4,142.8,0.0,4
O000392,C02998,2024-03-26,Beauty,2,113.03,0.0,2
O000393,C01755,2024-02-19,Sports,4,155.76,0.0,3
O000394,C02980,2024-09-16,Clothing,4,125.28,0.0,2
O000395,C03606,2024-11-14,Beauty,3,102.69,0.0,9
O000396,C00422,2024-07-13,Sports,4,131.0,0.0,4
O000397,C00611,2024-09-04,Sports,2,94.72,0.0,7
O000398,C00446,2024-02-25,Clothing,4,126.68,0.0,1
O000399,C00961,2024-06-25,Beauty,1,84.38,0.0,5
O000400,C00131,2024-05-29,Sports,4,101.75,0.0,2
O000401,C02648,2024-01-13,Electronics,4,179.67,0.0,5
O000402,C04080,2024-12-26,Clothing,4,122.44,0.0,4
O000403,C02435,2024-10-15,Clothing,3,116.04,0.0,4
O000404,C03730,2024-03-04,Home,3,137.64,0.0,4
O000405,C04432,2024-12-04,Sports,5,179.83,0.0,5
O000406,C01025,2024-04-14,Electronics,1,71.76,9.05,2
O000407,C01653,2024-08-26,Beauty,2,11.26,5.26,3
O000408,C00538,2024-02-03,Home,6,307.27,0.0,3
O000409,C04592,2024-11-19,Clothing,10,344.57,0.0,2
O000410,C03084,2024-02-08,Beauty,3,102.13,0.0,4
O000411,C00508,2024-08-12,Beauty,4,181.37,0.0,5
O000412,C03925,2024-05-08,Beauty,4,152.08,0.0,1
O000413,C00681,2024-05-12,Electronics,2,86.38,0.0,4
O000414,C02613,2024-02-09,Sports,3,74.62,12.84,3
O000415,C04877,2024-11-14,Beauty,3,86.87,0.0,2
O000416,C00760,2024-08-08,Clothing,1,29.82,10.28,2
O000417,C04224,2024-04-03,Home,3,22.99,10.86,4
O000418,C03148,2024-04-08,Sports,5,132.48,0.0,5
O000419,C02194,2024-02-29,Clothing,2,89.14,0.0,5
O000420,C02547,2024-05-08,Clothing,1,42.5,7.37,4
O000421,C04656,2024-05-11,Electronics,4,176.42,0.0,5
O000422,C01223,2024-10-27,Clothing,3,93.14,0.0,6
O000423,C03575,2024-03-09,Clothing,3,107.93,0.0,5
O000424,C03024,2024-01-14,Beauty,1,44.08,11.06,3
O000425,C03281,2024-05-30,Electronics,2,84.45,0.0,5
O000426,C01072,2024-06-22,Home,1,59.11,10.98,4
O000427,C00541,2024-12-10,Clothing,1,13.91,12.6,2
O000428,C00511,2024-10-18,Home,2,86.31,0.0,2
O000429,C04451,2024-07-14,Electronics,3,114.07,0.0,2
O000430,C00345,2024-02-01,Clothing,7,258.41,0.0,4
O000431,C04243,2024-03-13,Beauty,1,37.6,10.39,4
O000432,C03370,2024-07-12,Clothing,3,93.85,0.0,7
O000433,C03823,2024-02-19,Home,5,208.57,0.0,4
O000434,C02380,2024-02-26,Clothing,1,5.0,10.03,2
O000435,C02481,2024-04-26,Clothing,3,73.15,12.27,4
O000436,C00399,2024-07-10,Clothing,3,139.91,0.0,3
O000437,C03407,2024-08-04,Clothing,1,58.52,10.64,4
O000438,C03281,2024-04-20,Electronics,1,33.49,8.29,3
O000439,C04683,2024-03-29,Clothing,3,102.64,0.0,3
O000440,C03767,2024-12-25,Sports,1,15.08,9.62,4
O000441,C01295,2024-11-05,Sports,2,102.79,0.0,4
O000442,C03252,2024-11-04,Electronics,5,229.25,0.0,3
O000443,C03510,2024-06-05,Electronics,3,102.91,0.0,3
O000444,C02036,2024-03-09,Beauty,2,103.22,0.0,3
O000445,C04834,2024-09-26,Electronics,6,226.75,0.0,5
O000446,C03850,2024-08-12,Clothing,2,102.14,0.0,2
O000447,C01778,2024-01-05,Electronics,2,75.41,0.0,3
O000448,C00380,2024-08-30,Electronics,4,40.58,8.76,2
O000449,C03764,2024-04-27,Home,2,86.56,0.0,4
O000450,C01662,2024-06-20,Beauty,6,238.79,0.0,7
O000451,C03059,2024-05-22,Electronics,5,179.87,0.0,7
O000452,C01307,2024-11-18,Home,4,94.82,0.0,4
O000453,C02466,2024-09-13,Beauty,2,55.22,12.48,5
O000454,C04452,2024-12-30,Sports,4,105.87,0.0,6
O000455,C00016,2024-11-13,Sports,1,18.96,10.28,4
O000456,C04411,2024-03-18,Clothing,4,236.47,0.0,3
O000457,C02581,2024-02-26,Clothing,3,141.86,0.0,1
O000458,C02593,2024-01-20,Home,4,105.72,0.0,6
O000459,C04790,2024-01-14,Electronics,6,170.56,0.0,4
O000460,C00069,2024-07-24,Clothing,6,221.39,0.0,6
O000461,C00411,2024-08-24,Home,4,163.99,0.0,3
O000462,C03124,2024-06-29,Electronics,2,57.36,9.8,2
O000463,C02860,2024-10-17,Clothing,1,44.06,10.59,6
O000464,C00919,2024-07-07,Clothing,3,73.94,12.1,4
O000465,C04836,2024-05-26,Electronics,1,5.0,6.15,4
O000466,C01491,2024-12-05,Electronics,2,61.9,9.99,4
O000467,C03806,2024-02-11,Clothing,2,65.24,6.43,6
O000468,C03344,2024-12-19,Electronics,1,40.89,11.28,6
O000469,C02487,2024-01-01,Home,2,67.45,11.13,4
O000470,C02578,2024-11-19,Electronics,2,88.25,0.0,6
O000471,C00273,2024-04-13,Clothing,2,47.12,12.54,6
O000472,C04555,2024-09-11,Clothing,5,147.66,0.0,4
O000473,C00820,2024-07-27,Beauty,2,58.33,5.96,7
O000474,C02616,2024-08-05,Home,4,66.76,6.89,5
O000475,C04957,2024-03-18,Home,2,5.0,12.24,3
O000476,C02545,2024-02-20,Clothing,1,23.35,8.9,6
O000477,C03985,2024-10-14,Clothing,1,43.92,10.39,3
O000478,C04891,2024-04-09,Beauty,2,108.52,0.0,6
O000479,C04901,2024-07-30,Clothing,5,179.27,0.0,2
O000480,C02982,2024-08-24,Home,3,124.05,0.0,5
O000481,C01891,2024-10-21,Home,3,111.26,0.0,4
O000482,C03040,2024-06-05,Sports,4,145.21,0.0,4
O000483,C04936,2024-10-24,Clothing,3,143.75,0.0,4
O000484,C02683,2024-01-14,Electronics,1,23.83,7.17,4
O000485,C00603,2024-04-25,Home,2,58.38,6.97,4
O000486,C03938,2024-05-18,Clothing,3,115.87,0.0,8
O000487,C01433,2024-03-15,Sports,1,22.12,12.61,3
O000488,C04463,2024-10-29,Beauty,2,58.43,7.28,5
O000489,C00256,2024-12-25,Clothing,3,113.55,0.0,5
O000490,C02488,2024-01-24,Home,4,115.56,0.0,1
O000491,C01359,2024-06-25,Electronics,4,121.67,0.0,3
O000492,C03702,2024-02-24,Sports,3,144.69,0.0,5
O000493,C02483,2024-07-31,Clothing,1,5.0,8.33,6
O000494,C00690,2024-11-21,Sports,3,82.44,0.0,3
O000495,C03533,2024-11-29,Clothing,1,42.88,6.0,6
O000496,C00308,2024-11-24,Electronics,3,110.32,0.0,4
O000497,C01697,2024-06-11,Clothing,2,98.27,0.0,7
O000498,C03167,2024-10-26,Beauty,4,133.64,0.0,3
O000499,C00409,2024-06-12,Home,4,150.37,0.0,3
O000500,C03952,2024-03-29,Beauty,3,148.53,0.0,2
O000501,C00826,2024-01-15,Home,1,23.12,12.06,5
O000502,C01192,2024-10-27,Home,5,210.58,0.0,6
O000503,C02135,2024-05-01,Clothing,2,58.73,10.65,4
O000504,C03095,2024-11-13,Home,2,95.07,0.0,4
O000505,C04194,2024-12-13,Sports,2,80.14,0.0,3
O000506,C01775,2024-06-26,Beauty,2,79.18,0.0,4
O000507,C04417,2024-09-25,Electronics,1,50.06,6.99,4
O000508,C00534,2024-04-14,Clothing,3,32.59,12.7,5
O000509,C02868,2024-06-07,Beauty,1,41.68,8.47,5
O000510,C01208,2024-01-05,Electronics,7,159.77,0.0,4
O000511,C00417,2024-12-04,Electronics,5,245.45,0.0,3
O000512,C02777,2024-05-20,Electronics,1,36.99,7.89,2
O000513,C01238,2024-06-17,Clothing,1,11.2,6.42,5
O000514,C04944,2024-01-17,Home,4,165.13,0.0,4
O000515,C04766,2024-02-01,Home,2,86.87,0.0,3
O000516,C01944,2024-01-05,Clothing,2,72.06,5.1,2
O000517,C02181,2024-05-16,Electronics,3,48.05,10.83,3
O000518,C02101,2024-04-16,Clothing,1,66.27,6.37,4
O000519,C04837,2024-06-10,Electronics,9,340.14,0.0,6
O000520,C04119,2024-09-13,Home,4,124.69,0.0,2
O000521,C03675,2024-06-16,Home,2,33.74,6.08,5
O000522,C00460,2024-10-14,Electronics,4,174.0,0.0,4
O000523,C00650,2024-12-20,Clothing,4,142.26,0.0,1
O000524,C04578,2024-09-01,Home,7,349.92,0.0,7
O000525,C00120,2024-04-22,Clothing,1,65.22,9.87,3
O000526,C04769,2024-06-26,Electronics,2,73.21,9.82,3
O000527,C02256,2024-07-08,Beauty,7,293.46,0.0,2
O000528,C00318,2024-01-11,Clothing,3,65.47,7.21,3
O000529,C00868,2024-01-23,Clothing,3,111.48,0.0,4
O000530,C03227,2024-04-28,Sports,6,235.06,0.0,5
O000531,C00394,2024-10-08,Clothing,1,38.55,5.1,4
O000532,C02553,2024-11-14,Clothing,7,243.21,0.0,5
O000533,C04409,2024-03-09,Clothing,4,173.65,0.0,1
O000534,C03229,2024-12-11,Clothing,3,71.68,6.84,5
O000535,C02062,2024-05-13,Home,2,47.97,7.92,3
O000536,C00077,2024-09-09,Beauty,1,10.75,11.13,3
O000537,C03411,2024-02-20,Electronics,5,94.46,0.0,5
O000538,C00409,2024-02-12,Home,4,157.52,0.0,5
O000539,C04093,2024-05-20,Beauty,7,223.86,0.0,3
O000540,C02268,2024-01-25,Home,1,34.42,6.01,5
O000541,C00744,2024-09-26,Sports,3,115.4,0.0,6
O000542,C04529,2024-12-26,Home,4,91.43,0.0,3
O000543,C02854,2024-04-13,Electronics,3,91.46,0.0,6
O000544,C03835,2024-10-21,Sports,5,187.52,0.0,1
O000545,C03998,2024-06-01,Beauty,1,5.0,10.38,7
O000546,C01832,2024-10-30,Beauty,3,124.45,0.0,4
O000547,C00988,2024-10-31,Home,2,77.49,0.0,3
O000548,C02702,2024-06-09,Clothing,2,45.1,5.45,5
O000549,C03713,2024-10-09,Sports,4,112.61,0.0,4
O000550,C03908,2024-02-14,Beauty,8,332.44,0.0,5
O000551,C02865,2024-10-13,Electronics,2,85.55,0.0,3
O000552,C00755,2024-11-14,Clothing,5,173.18,0.0,3
O000553,C00676,2024-06-14,Sports,3,49.54,7.36,4
O000554,C04928,2024-07-25,Home,3,83.47,0.0,4
O000555,C04124,2024-04-17,Electronics,3,77.21,0.0,4
O000556,C04512,2024-03-05,Electronics,2,85.78,0.0,4
O000557,C01711,2024-09-23,Electronics,3,131.36,0.0,4
O000558,C03476,2024-12-18,Electronics,4,86.08,0.0,1
O000559,C00542,2024-07-03,Home,6,141.85,0.0,5
O000560,C00165,2024-08-11,Home,1,34.23,6.31,3
O000561,C02256,2024-06-01,Clothing,5,184.74,0.0,3
O000562,C00985,2024-10-15,Clothing,1,31.27,10.59,4
O000563,C02662,2024-10-11,Electronics,6,151.32,0.0,3
O000564,C04469,2024-07-04,Clothing,4,129.97,0.0,1
O000565,C00618,2024-08-13,Home,1,37.69,11.14,3
O000566,C03914,2024-07-18,Clothing,4,91.66,0.0,3
O000567,C00069,2024-01-11,Clothing,6,161.28,0.0,6
O000568,C03425,2024-11-20,Clothing,2,75.26,0.0,4
O000569,C04197,2024-10-03,Electronics,1,23.09,9.37,5
O000570,C00001,2024-01-03,Clothing,1,28.3,9.86,3
O000571,C02399,2024-12-15,Home,9,365.82,0.0,5
O000572,C02055,2024-10-04,Electronics,9,218.17,0.0,5
O000573,C04414,2024-03-02,Sports,2,109.7,0.0,2
O000574,C00186,2024-01-05,Clothing,2,52.14,11.77,4
O000575,C04824,2024-01-09,Electronics,2,40.42,7.06,1
O000576,C02510,2024-02-27,Electronics,4,139.41,0.0,6
O000577,C04439,2024-10-06,Beauty,4,153.34,0.0,5
O000578,C04809,2024-08-25,Sports,5,137.72,0.0,3
O000579,C03080,2024-11-12,Electronics,3,67.93,7.43,2
O000580,C00136,2024-05-06,Clothing,2,87.27,0.0,5
O000581,C00383,2024-10-30,Beauty,3,96.19,0.0,1
O000582,C04282,2024-08-24,Clothing,1,24.92,5.55,3
O000583,C02687,2024-08-06,Beauty,1,41.55,12.61,2
O000584,C00928,2024-06-26,Beauty,2,55.11,7.75,3
O000585,C03444,2024-11-13,Clothing,1,37.17,10.15,3
O000586,C00561,2024-05-28,Electronics,1,28.05,10.81,4
O000587,C01190,2024-02-07,Clothing,5,132.82,0.0,4
O000588,C00898,2024-04-27,Clothing,5,92.32,0.0,4
O000589,C02369,2024-11-10,Sports,2,103.92,0.0,3
O000590,C01739,2024-04-06,Sports,4,124.12,0.0,3
O000591,C04954,2024-01-17,Electronics,3,104.1,0.0,2
O000592,C03046,2024-11-20,Beauty,5,211.63,0.0,3
O000593,C04381,2024-10-05,Home,1,44.63,8.16,4
O000594,C03873,2024-12-24,Home,1,16.45,12.91,4
O000595,C02399,2024-06-02,Home,4,177.17,0.0,6
O000596,C04762,2024-04-03,Sports,2,58.14,12.45,4
O000597,C01394,2024-06-23,Sports,5,183.0,0.0,4
O000598,C02589,2024-10-28,Home,4,179.29,0.0,3
O000599,C03467,2024-01-29,Home,2,80.19,0.0,3
O000600,C02025,2024-02-03,Electronics,5,195.2,0.0,2
O000601,C03686,2024-01-10,Electronics,3,161.47,0.0,4
O000602,C00930,2024-10-02,Beauty,1,27.56,5.42,6
O000603,C04310,2024-10-16,Clothing,2,31.88,8.03,2
O000604,C04400,2024-04-10,Home,2,117.7,0.0,2
O000605,C03227,2024-05-20,Beauty,1,44.03,5.54,6
O000606,C01404,2024-03-27,Sports,2,75.77,0.0,2
O000607,C00200,2024-10-27,Home,1,35.11,10.47,2
O000608,C03752,2024-05-07,Electronics,1,46.07,11.46,7
O000609,C02286,2024-07-24,Home,2,34.29,9.92,3
O000610,C00671,2024-03-29,Clothing,6,131.9,0.0,5
O000611,C01729,2024-03-22,Electronics,1,23.17,9.81,1
O000612,C03239,2024-07-30,Sports,4,47.74,10.7,4
O000613,C01250,2024-04-28,Clothing,7,162.65,0.0,5
O000614,C00879,2024-12-13,Home,3,100.44,0.0,6
O000615,C04347,2024-05-15,Beauty,3,125.97,0.0,6
O000616,C03352,2024-09-17,Home,6,250.57,0.0,5
O000617,C02524,2024-10-02,Clothing,6,239.08,0.0,4
O000618,C00498,2024-07-26,Electronics,4,56.23,12.68,4
O000619,C01988,2024-11-09,Sports,3,58.61,6.31,3
O000620,C00978,2024-08-30,Clothing,5,163.11,0.0,3
O000621,C03045,2024-12-10,Clothing,2,88.75,0.0,1
O000622,C02749,2024-04-09,Home,1,43.84,9.78,2
O000623,C04880,2024-04-24,Clothing,2,71.98,10.45,3
O000624,C02477,2024-11-25,Clothing,3,45.52,12.19,5
O000625,C00539,2024-01-16,Beauty,3,112.1,0.0,6
O000626,C04041,2024-01-04,Beauty,4,100.78,0.0,5
O000627,C00901,2024-09-22,Clothing,1,17.39,9.93,1
O000628,C01467,2024-02-17,Electronics,5,204.64,0.0,3
O000629,C03016,2024-08-10,Clothing,1,25.21,6.62,4
O000630,C04306,2024-07-22,Home,2,93.54,0.0,2
O000631,C01734,2024-01-20,Sports,4,146.4,0.0,3
O000632,C00491,2024-10-14,Beauty,4,204.5,0.0,4
O000633,C01710,2024-07-12,Electronics,1,46.59,7.88,5
O000634,C01754,2024-11-11,Clothing,3,133.66,0.0,4
O000635,C01919,2024-01-11,Clothing,3,58.44,5.02,6
O000636,C02035,2024-01-20,Beauty,5,215.98,0.0,2
O000637,C02712,2024-10-05,Sports,1,27.98,8.69,4
O000638,C01487,2024-11-28,Electronics,5,206.08,0.0,4
O000639,C01501,2024-02-04,Clothing,5,196.59,0.0,7
O000640,C00198,2024-09-22,Home,5,210.61,0.0,6
O000641,C01968,2024-08-19,Electronics,2,31.9,5.85,5
O000642,C04617,2024-02-07,Clothing,6,192.8,0.0,6
O000643,C01535,2024-03-23,Beauty,2,43.98,5.32,3
O000644,C01714,2024-02-01,Clothing,4,111.39,0.0,5
O000645,C01349,2024-02-23,Electronics,1,48.84,12.8,4
O000646,C04784,2024-08-12,Clothing,1,45.5,7.12,7
O000647,C04563,2024-11-08,Beauty,3,79.7,0.0,7
O000648,C03845,2024-04-16,Clothing,1,15.46,8.49,5
O000649,C00596,2024-01-25,Home,5,175.27,0.0,3
O000650,C00139,2024-02-14,Beauty,8,145.32,0.0,5
O000651,C01015,2024-04-27,Electronics,4,162.76,0.0,8
O000652,C00242,2024-10-20,Beauty,3,111.43,0.0,5
O000653,C02364,2024-05-04,Clothing,3,158.97,0.0,5
O000654,C00733,2024-02-05,Beauty,2,87.67,0.0,4
O000655,C00135,2024-12-09,Sports,2,15.38,5.54,4
O000656,C03260,2024-06-15,Sports,8,374.64,0.0,5
O000657,C03762,2024-09-25,Clothing,3,130.04,0.0,5
O000658,C02627,2024-07-12,Sports,1,33.06,10.16,6
O000659,C03141,2024-05-03,Home,4,122.33,0.0,4
O000660,C02487,2024-09-27,Beauty,4,140.37,0.0,5
O000661,C02125,2024-02-27,Clothing,1,45.04,12.19,4
O000662,C01511,2024-02-28,Clothing,1,40.15,11.43,5
O000663,C01819,2024-11-03,Home,2,76.65,0.0,5
O000664,C04854,2024-08-04,Electronics,3,196.22,0.0,3
O000665,C02797,2024-03-09,Sports,3,102.66,0.0,2
O000666,C04513,2024-08-31,Sports,5,127.27,0.0,6
O000667,C04303,2024-04-12,Sports,3,116.32,0.0,3
O000668,C01644,2024-01-05,Clothing,1,39.6,10.93,3
O000669,C02769,2024-10-25,Clothing,4,145.86,0.0,3
O000670,C04407,2024-09-20,Clothing,4,200.85,0.0,5
O000671,C03365,2024-08-28,Home,6,210.57,0.0,5
O000672,C01400,2024-11-29,Electronics,6,111.48,0.0,3
O000673,C01551,2024-12-14,Home,6,259.98,0.0,4
O000674,C03412,2024-08-09,Electronics,6,206.1,0.0,5
O000675,C00083,2024-11-14,Beauty,2,78.85,0.0,4
O000676,C01480,2024-08-16,Clothing,3,114.36,0.0,5
O000677,C02921,2024-02-01,Clothing,7,326.44,0.0,5
O000678,C02284,2024-12-18,Electronics,1,30.04,7.86,4
O000679,C02441,2024-01-24,Home,4,155.61,0.0,8
O000680,C01783,2024-11-01,Clothing,6,256.69,0.0,7
O000681,C00605,2024-07-05,Beauty,1,13.02,7.12,2
O000682,C04334,2024-05-07,Sports,3,128.24,0.0,5
O000683,C00731,2024-04-21,Home,2,76.16,0.0,6
O000684,C01361,2024-10-20,Clothing,3,55.67,9.48,1
O000685,C02079,2024-05-28,Electronics,4,159.31,0.0,4
O000686,C00978,2024-05-30,Electronics,3,101.2,0.0,3
O000687,C01638,2024-06-22,Clothing,1,50.02,12.66,6
O000688,C01982,2024-07-15,Clothing,3,53.37,9.17,5
O000689,C02951,2024-09-11,Clothing,1,35.1,11.76,4
O000690,C03301,2024-06-16,Electronics,2,39.34,5.48,3
O000691,C04005,2024-03-22,Beauty,5,124.7,0.0,3
O000692,C00583,2024-03-10,Home,3,32.74,10.82,5
O000693,C00460,2024-11-20,Sports,1,38.07,5.77,3
O000694,C00136,2024-01-13,Beauty,1,23.67,6.33,4
O000695,C01977,2024-04-28,Electronics,3,156.61,0.0,2
O000696,C00978,2024-07-30,Home,6,262.27,0.0,3
O000697,C00284,2024-04-11,Sports,2,64.29,8.16,2
O000698,C02898,2024-10-03,Home,1,29.07,6.31,3
O000699,C02399,2024-07-14,Home,2,74.39,5.08,3
O000700,C04113,2024-03-17,Sports,4,126.35,0.0,2
O000701,C01239,2024-12-03,Home,2,81.59,0.0,2
O000702,C03467,2024-11-28,Sports,6,182.69,0.0,2
O000703,C02462,2024-07-23,Beauty,9,231.75,0.0,4
O000704,C03167,2024-08-16,Electronics,4,209.7,0.0,4
O000705,C03705,2024-07-07,Electronics,3,124.18,0.0,2
O000706,C02054,2024-04-08,Sports,3,131.56,0.0,4
O000707,C00780,2024-08-05,Home,6,192.69,0.0,2
O000708,C02135,2024-07-12,Beauty,3,53.34,6.55,4
O000709,C02237,2024-02-12,Electronics,2,39.07,12.95,3
O000710,C01640,2024-05-03,Electronics,1,52.31,5.9,4
O000711,C00420,2024-01-20,Sports,4,129.66,0.0,4
O000712,C01827,2024-11-06,Clothing,1,49.38,9.22,7
O000713,C03139,2024-11-25,Beauty,1,31.44,7.73,2
O000714,C03690,2024-11-23,Electronics,4,158.48,0.0,6
O000715,C04956,2024-06-16,Home,1,44.27,12.19,4
O000716,C00207,2024-02-15,Sports,3,177.76,0.0,5
O000717,C03391,2024-08-10,Home,1,50.5,8.65,5
O000718,C03871,2024-03-19,Sports,2,45.61,8.97,5
O000719,C03797,2024-06-18,Clothing,2,81.92,0.0,3
O000720,C02535,2024-09-02,Electronics,4,206.63,0.0,3
O000721,C02181,2024-09-27,Beauty,2,62.1,12.44,7
O000722,C04211,2024-04-08,Home,3,74.58,5.63,4
O000723,C04307,2024-11-17,Home,6,263.24,0.0,5
O000724,C04228,2024-05-20,Sports,3,76.26,0.0,4
O000725,C01398,2024-04-18,Clothing,1,40.89,6.92,4
O000726,C04250,2024-11-08,Clothing,2,44.3,11.85,4
O000727,C01447,2024-05-16,Clothing,3,78.18,0.0,3
O000728,C00952,2024-04-30,Home,3,92.11,0.0,5
O000729,C04022,2024-04-08,Sports,2,77.85,0.0,4
O000730,C01718,2024-03-06,Home,3,111.07,0.0,5
O000731,C04243,2024-05-23,Beauty,7,179.5,0.0,3
O000732,C03806,2024-04-19,Home,2,81.84,0.0,1
O000733,C03199,2024-05-09,Beauty,3,155.71,0.0,6
O000734,C04811,2024-11-23,Beauty,6,212.89,0.0,1
O000735,C01597,2024-09-13,Sports,7,224.41,0.0,3
O000736,C03734,2024-07-28,Home,1,25.31,12.48,4
O000737,C03217,2024-09-02,Electronics,5,175.87,0.0,6
O000738,C00907,2024-12-26,Beauty,5,115.4,0.0,7
O000739,C03751,2024-06-02,Home,4,147.81,0.0,5
O000740,C04059,2024-05-12,Clothing,4,80.31,0.0,4
O000741,C02155,2024-01-21,Home,1,40.23,8.83,3
O000742,C04925,2024-02-04,Beauty,1,60.61,6.05,5
O000743,C01338,2024-12-25,Electronics,4,145.99,0.0,3
O000744,C04107,2024-11-05,Home,2,85.21,0.0,4
O000745,C02496,2024-08-11,Sports,6,201.24,0.0,5
O000746,C02975,2024-05-03,Home,5,221.37,0.0,4
O000747,C02443,2024-08-27,Sports,2,57.8,7.85,4
O000748,C04474,2024-12-29,Sports,6,163.47,0.0,5
O000749,C00361,2024-10-26,Clothing,1,55.44,6.51,5
O000750,C03065,2024-12-06,Electronics,3,103.55,0.0,4
O000751,C04738,2024-01-04,Beauty,3,57.3,8.12,6
O000752,C00573,2024-05-02,Beauty,7,288.67,0.0,2
O000753,C01956,2024-02-11,Beauty,5,151.17,0.0,3
O000754,C03045,2024-06-17,Electronics,1,54.64,6.27,5
O000755,C01585,2024-10-06,Sports,5,123.26,0.0,4
O000756,C02234,2024-08-12,Clothing,4,120.45,0.0,4
O000757,C03293,2024-07-03,Home,2,52.69,11.36,1
O000758,C03247,2024-11-18,Electronics,5,236.84,0.0,2
O000759,C01815,2024-01-11,Clothing,3,122.88,0.0,6
O000760,C04042,2024-06-21,Electronics,2,52.3,11.86,4
O000761,C01890,2024-04-05,Sports,4,129.66,0.0,4
O000762,C01900,2024-10-04,Clothing,7,45.46,11.7,6
O000763,C02656,2024-05-18,Clothing,3,78.14,0.0,5
O000764,C02330,2024-06-14,Beauty,1,16.84,5.06,3
O000765,C03719,2024-07-05,Electronics,2,81.31,0.0,4
O000766,C01057,2024-03-26,Sports,3,88.91,0.0,6
O000767,C02130,2024-08-18,Electronics,4,86.22,0.0,3
O000768,C01507,2024-05-17,Sports,7,300.74,0.0,3
O000769,C01631,2024-01-19,Clothing,2,75.89,0.0,6
O000770,C00992,2024-12-03,Clothing,4,160.79,0.0,6
O000771,C04591,2024-06-04,Sports,5,181.77,0.0,5
O000772,C01194,2024-04-04,Clothing,1,25.74,12.58,3
O000773,C03969,2024-01-17,Home,4,131.22,0.0,4
O000774,C00703,2024-10-06,Clothing,5,114.75,0.0,4
O000775,C01031,2024-09-17,Beauty,5,154.1,0.0,1
O000776,C04922,2024-06-08,Beauty,4,69.6,7.69,5
O000777,C02482,2024-11-04,Clothing,2,103.33,0.0,6
O000778,C00563,2024-03-21,Clothing,4,157.2,0.0,4
O000779,C00367,2024-07-03,Home,1,30.7,7.57,7
O000780,C00794,2024-07-31,Beauty,1,25.05,5.63,4
O000781,C03104,2024-12-07,Beauty,4,226.05,0.0,5
O000782,C04732,2024-12-24,Clothing,1,55.36,6.71,6
O000783,C00987,2024-06-15,Sports,1,24.24,11.54,5
O000784,C00958,2024-07-24,Electronics,1,40.18,8.93,2
O000785,C03596,2024-12-01,Home,4,76.64,0.0,4
O000786,C00855,2024-09-17,Clothing,2,53.31,10.33,3
O000787,C01570,2024-09-30,Electronics,2,39.9,11.88,7
O000788,C02257,2024-08-23,Clothing,1,31.03,5.44,2
O000789,C03910,2024-08-30,Sports,1,34.21,5.35,2
O000790,C04104,2024-08-07,Beauty,3,111.22,0.0,1
O000791,C04833,2024-12-30,Electronics,2,53.53,7.13,4
O000792,C02223,2024-12-12,Clothing,5,234.65,0.0,5
O000793,C04177,2024-03-10,Home,6,212.31,0.0,6
O000794,C00238,2024-07-31,Beauty,3,148.93,0.0,3
O000795,C03289,2024-12-02,Electronics,1,5.0,8.61,4
O000796,C04283,2024-10-13,Clothing,2,24.26,12.04,1
O000797,C04726,2024-08-13,Clothing,6,237.38,0.0,4
O000798,C01733,2024-09-25,Home,6,106.99,0.0,4
O000799,C03062,2024-10-05,Electronics,1,47.26,8.8,3
O000800,C00815,2024-09-05,Home,4,77.86,0.0,4
O000801,C04710,2024-11-16,Electronics,6,282.68,0.0,6
O000802,C01187,2024-07-14,Clothing,4,216.28,0.0,6
O000803,C02226,2024-01-30,Electronics,2,102.1,0.0,2
O000804,C00985,2024-10-29,Beauty,6,211.05,0.0,3
O000805,C00798,2024-05-10,Beauty,1,32.92,12.18,5
O000806,C04163,2024-01-12,Clothing,5,168.82,0.0,3
O000807,C00544,2024-01-16,Electronics,3,128.55,0.0,5
O000808,C00520,2024-04-26,Beauty,2,39.94,7.26,5
O000809,C02547,2024-05-28,Clothing,1,31.13,7.97,3
O000810,C01455,2024-04-18,Clothing,3,87.74,0.0,4
O000811,C01059,2024-08-23,Clothing,1,35.0,7.15,5
O000812,C02237,2024-11-09,Clothing,2,106.7,0.0,4
O000813,C01113,2024-01-05,Clothing,1,39.96,9.4,1
O000814,C03407,2024-06-28,Beauty,2,76.71,0.0,3
O000815,C00947,2024-12-02,Beauty,1,39.47,7.18,4
O000816,C04031,2024-01-01,Electronics,5,193.25,0.0,4
O000817,C00136,2024-01-08,Clothing,4,151.2,0.0,6
O000818,C02594,2024-05-23,Electronics,5,232.92,0.0,8
O000819,C00793,2024-05-22,Electronics,8,371.43,0.0,1
O000820,C01137,2024-10-01,Home,1,5.0,11.76,3
O000821,C01363,2024-06-01,Home,1,18.09,12.84,5
O000822,C00555,2024-10-13,Sports,2,70.04,8.08,4
O000823,C02573,2024-05-09,Beauty,1,23.01,5.97,4
O000824,C03404,2024-04-30,Clothing,3,69.75,10.43,1
O000825,C02255,2024-02-28,Home,1,24.71,6.04,4
O000826,C01367,2024-08-04,Sports,4,211.56,0.0,2
O000827,C00949,2024-01-31,Home,3,59.85,6.71,4
O000828,C00104,2024-08-31,Clothing,2,62.85,10.08,1
O000829,C01047,2024-05-19,Home,3,130.7,0.0,5
O000830,C04027,2024-07-31,Electronics,1,40.2,7.64,4
O000831,C02615,2024-01-29,Electronics,2,44.81,10.94,2
O000832,C03332,2024-06-12,Beauty,1,17.76,11.25,7
O000833,C00964,2024-04-13,Beauty,4,150.45,0.0,3
O000834,C03272,2024-03-03,Electronics,2,108.0,0.0,4
O000835,C00838,2024-01-15,Electronics,5,160.89,0.0,5
O000836,C02459,2024-10-12,Clothing,1,39.57,8.02,4
O000837,C00882,2024-06-27,Beauty,3,147.5,0.0,5
O000838,C03189,2024-01-11,Sports,3,74.85,7.61,4
O000839,C04520,2024-01-13,Clothing,6,257.33,0.0,4
O000840,C02203,2024-08-02,Clothing,4,151.48,0.0,4
O000841,C03335,2024-11-06,Electronics,1,26.12,8.33,4
O000842,C02199,2024-08-13,Clothing,5,101.49,0.0,6
O000843,C00212,2024-03-03,Clothing,2,43.92,7.83,3
O000844,C01216,2024-09-11,Clothing,2,50.93,10.54,5
O000845,C00881,2024-05-09,Clothing,3,88.49,0.0,5
O000846,C00755,2024-09-19,Electronics,1,29.92,10.77,2
O000847,C00701,2024-06-19,Electronics,1,10.18,9.86,1
O000848,C02220,2024-07-08,Home,3,81.03,0.0,4
O000849,C00371,2024-10-10,Home,2,43.93,7.15,4
O000850,C01733,2024-01-25,Beauty,4,186.28,0.0,4
O000851,C00802,2024-06-08,Home,1,22.71,6.06,3
O000852,C00990,2024-08-04,Beauty,4,195.71,0.0,3
O000853,C04772,2024-06-24,Sports,2,28.98,9.59,5
O000854,C00416,2024-12-01,Electronics,3,128.38,0.0,5
O000855,C02966,2024-08-08,Beauty,3,94.21,0.0,6
O000856,C03338,2024-10-06,Sports,4,137.07,0.0,4
O000857,C03613,2024-03-21,Electronics,5,122.16,0.0,5
O000858,C01621,2024-05-04,Clothing,1,22.52,11.58,4
O000859,C01536,2024-06-18,Sports,2,86.82,0.0,3
O000860,C04345,2024-03-10,Sports,4,92.6,0.0,6
O000861,C02793,2024-03-18,Clothing,3,133.96,0.0,6
O000862,C00573,2024-03-30,Sports,7,162.13,0.0,6
O000863,C04894,2024-12-13,Electronics,6,186.62,0.0,5
O000864,C04857,2024-04-20,Clothing,4,190.42,0.0,4
O000865,C03656,2024-06-12,Clothing,5,182.19,0.0,4
O000866,C00293,2024-05-07,Home,1,5.0,12.73,4
O000867,C04294,2024-06-03,Sports,6,130.99,0.0,4
O000868,C00080,2024-07-12,Electronics,4,114.71,0.0,2
O000869,C04233,2024-06-21,Beauty,1,27.19,9.01,6
O000870,C04309,2024-10-26,Home,4,156.78,0.0,5
O000871,C01863,2024-11-08,Beauty,2,113.58,0.0,2
O000872,C00619,2024-01-21,Home,4,47.93,10.93,4
O000873,C00960,2024-11-06,Clothing,3,154.26,0.0,3
O000874,C03279,2024-04-18,Electronics,4,171.5,0.0,6
O000875,C03736,2024-12-25,Sports,1,62.25,8.76,4
O000876,C02214,2024-05-08,Electronics,1,5.0,11.67,4
O000877,C03575,2024-10-06,Home,5,166.22,0.0,3
O000878,C03997,2024-01-27,Clothing,2,91.64,0.0,4
O000879,C02478,2024-12-09,Beauty,3,68.41,10.31,4
O000880,C03252,2024-04-01,Electronics,5,206.59,0.0,5
O000881,C02169,2024-10-21,Beauty,5,140.61,0.0,3
O000882,C03246,2024-02-24,Clothing,1,53.33,5.31,2
O000883,C02379,2024-07-14,Home,1,34.82,12.87,4
O000884,C01723,2024-08-08,Clothing,1,5.0,12.68,4
O000885,C01162,2024-10-27,Electronics,1,20.63,12.88,4
O000886,C01890,2024-06-04,Clothing,4,83.97,0.0,3
O000887,C02041,2024-04-10,Home,6,146.99,0.0,1
O000888,C03972,2024-08-23,Electronics,4,134.67,0.0,4
O000889,C03402,2024-10-11,Home,2,47.32,6.69,8
O000890,C03310,2024-03-09,Electronics,1,33.99,10.33,5
O000891,C01100,2024-09-23,Home,1,9.53,6.61,5
O000892,C04019,2024-05-17,Beauty,5,242.02,0.0,3
O000893,C01689,2024-09-04,Home,3,139.48,0.0,7
O000894,C04133,2024-04-12,Clothing,2,48.34,12.42,4
O000895,C00845,2024-04-17,Home,6,225.98,0.0,6
O000896,C01644,2024-07-18,Clothing,6,121.6,0.0,7
O000897,C02334,2024-08-02,Electronics,3,73.86,9.87,3
O000898,C01264,2024-06-03,Beauty,8,265.72,0.0,6
O000899,C02935,2024-03-27,Beauty,5,191.42,0.0,3
O000900,C03686,2024-07-27,Home,4,181.27,0.0,5
O000901,C00216,2024-06-26,Sports,2,89.08,0.0,2
O000902,C04777,2024-03-14,Electronics,4,62.36,6.76,6
O000903,C03658,2024-09-14,Electronics,5,189.86,0.0,4
O000904,C02341,2024-09-29,Clothing,1,26.63,10.74,3
O000905,C01508,2024-12-16,Home,3,150.79,0.0,3
O000906,C02091,2024-12-01,Home,2,121.94,0.0,4
O000907,C03379,2024-01-24,Clothing,3,141.88,0.0,2
O000908,C01117,2024-11-08,Clothing,2,80.32,0.0,4
O000909,C02741,2024-03-11,Clothing,2,47.84,12.56,4
O000910,C02162,2024-03-23,Electronics,4,96.61,0.0,5
O000911,C03257,2024-12-18,Home,3,101.29,0.0,8
O000912,C02969,2024-10-18,Clothing,2,84.54,0.0,3
O000913,C01149,2024-10-27,Clothing,4,129.85,0.0,5
O000914,C03177,2024-01-10,Beauty,2,95.85,0.0,4
O000915,C04254,2024-11-14,Home,1,19.34,10.95,5
O000916,C03346,2024-02-12,Home,1,46.5,8.07,5
O000917,C03962,2024-02-20,Clothing,3,74.86,8.82,7
O000918,C01141,2024-07-25,Clothing,4,144.41,0.0,4
O000919,C02934,2024-04-16,Beauty,2,63.18,8.3,6
O000920,C02108,2024-09-15,Clothing,4,123.67,0.0,6
O000921,C02449,2024-07-12,Clothing,3,110.75,0.0,2
O000922,C00828,2024-08-22,Clothing,2,80.65,0.0,5
O000923,C01204,2024-06-11,Clothing,1,36.36,11.3,2
O000924,C03304,2024-03-09,Home,4,10.07,9.75,4
O000925,C00845,2024-11-30,Sports,2,59.83,5.52,4
O000926,C02972,2024-10-18,Electronics,2,66.26,5.8,3
O000927,C01269,2024-10-31,Home,2,83.83,0.0,3
O000928,C04734,2024-09-13,Clothing,2,64.02,6.61,4
O000929,C04745,2024-11-24,Sports,2,75.75,0.0,3
O000930,C01630,2024-07-03,Clothing,5,138.03,0.0,5
O000931,C03531,2024-09-11,Electronics,7,266.65,0.0,2
O000932,C00804,2024-04-25,Clothing,2,48.53,10.59,4
O000933,C00128,2024-01-14,Electronics,2,64.27,9.22,3
O000934,C00952,2024-08-02,Clothing,2,93.95,0.0,4
O000935,C02265,2024-04-02,Sports,6,182.78,0.0,5
O000936,C00020,2024-08-21,Home,2,25.29,6.85,4
O000937,C03639,2024-06-28,Sports,4,149.29,0.0,5
O000938,C01782,2024-02-23,Clothing,3,102.93,0.0,5
O000939,C03835,2024-10-31,Beauty,3,148.01,0.0,4
O000940,C03132,2024-01-30,Beauty,1,5.0,7.45,4
O000941,C04771,2024-01-12,Electronics,1,25.22,7.98,4
O000942,C04835,2024-04-20,Sports,2,74.89,6.52,3
O000943,C00557,2024-04-21,Electronics,2,32.14,5.24,4
O000944,C02245,2024-06-17,Electronics,2,97.94,0.0,4
O000945,C02984,2024-04-13,Beauty,2,40.4,11.44,6
O000946,C03564,2024-01-11,Clothing,1,19.63,11.37,5
O000947,C02726,2024-12-12,Clothing,3,106.24,0.0,4
O000948,C04600,2024-11-24,Clothing,3,68.42,6.08,7
O000949,C04834,2024-09-28,Beauty,3,104.56,0.0,3
O000950,C04888,2024-01-14,Clothing,7,235.35,0.0,3
O000951,C03332,2024-06-23,Home,2,34.37,6.95,7
O000952,C00197,2024-06-06,Beauty,7,213.92,0.0,4
O000953,C02829,2024-04-19,Clothing,2,105.36,0.0,3
O000954,C04840,2024-05-31,Electronics,2,113.12,0.0,3
O000955,C03989,2024-08-21,Sports,3,67.45,12.49,3
O000956,C02470,2024-05-20,Clothing,2,70.14,10.93,4
O000957,C01631,2024-04-28,Home,2,73.74,10.37,4
O000958,C03279,2024-01-09,Sports,1,28.47,7.8,4
O000959,C02039,2024-06-25,Clothing,4,74.52,6.34,6
O000960,C02480,2024-02-18,Electronics,2,38.61,6.76,1
O000961,C04331,2024-10-24,Home,2,85.29,0.0,6
O000962,C04575,2024-11-28,Clothing,4,111.09,0.0,5
O000963,C02476,2024-05-28,Sports,3,115.86,0.0,4
O000964,C04762,2024-06-05,Sports,5,110.33,0.0,3
O000965,C03310,2024-04-01,Electronics,1,23.54,12.26,5
O000966,C03179,2024-05-31,Sports,4,154.19,0.0,5
O000967,C01388,2024-06-18,Beauty,2,75.6,0.0,5
O000968,C00642,2024-03-24,Electronics,6,181.85,0.0,3
O000969,C00575,2024-12-24,Sports,1,32.95,6.56,2
O000970,C03145,2024-11-22,Electronics,4,224.58,0.0,2
O000971,C01722,2024-02-17,Electronics,5,249.76,0.0,2
O000972,C01019,2024-11-30,Clothing,8,244.21,0.0,4
O000973,C04059,2024-08-04,Home,2,64.82,6.99,3
O000974,C03421,2024-03-17,Sports,5,168.1,0.0,5
O000975,C00400,2024-02-12,Clothing,1,57.55,10.94,2
O000976,C04691,2024-09-20,Clothing,1,46.93,5.67,5
O000977,C01457,2024-03-03,Electronics,2,44.67,10.76,5
O000978,C01596,2024-09-01,Home,5,181.06,0.0,4
O000979,C00117,2024-04-29,Beauty,2,40.21,11.35,7
O000980,C00383,2024-11-14,Clothing,3,136.74,0.0,3
O000981,C04955,2024-09-18,Clothing,7,233.49,0.0,5
O000982,C02130,2024-11-25,Clothing,4,168.73,0.0,3
O000983,C01851,2024-09-06,Beauty,3,121.6,0.0,2
O000984,C00832,2024-02-21,Beauty,2,99.61,0.0,4
O000985,C04969,2024-10-03,Home,3,121.8,0.0,2
O000986,C02701,2024-05-21,Home,4,157.39,0.0,4
O000987,C02782,2024-09-07,Clothing,1,17.23,6.94,3
O000988,C03482,2024-11-09,Sports,2,17.21,12.48,6
O000989,C02118,2024-08-12,Home,1,35.65,10.13,4
O000990,C04483,2024-06-01,Sports,3,98.24,0.0,4
O000991,C02007,2024-02-25,Clothing,4,124.0,0.0,5
O000992,C02572,2024-12-04,Home,4,127.84,0.0,3
O000993,C00297,2024-01-09,Home,5,155.56,0.0,3
O000994,C00719,2024-08-28,Home,3,108.47,0.0,2
O000995,C03137,2024-06-12,Electronics,3,54.16,10.29,2
O000996,C03080,2024-05-12,Clothing,3,118.96,0.0,3
O000997,C00011,2024-03-21,Home,3,94.3,0.0,2
O000998,C04881,2024-12-15,Home,2,83.65,0.0,2
O000999,C00411,2024-05-14,Clothing,3,125.5,0.0,4
O001000,C02940,2024-05-13,Sports,4,62.64,12.37,4
O001001,C02655,2024-02-21,Home,2,96.65,0.0,2
O001002,C03187,2024-07-20,Sports,1,5.0,7.34,6
O001003,C03451,2024-07-16,Home,7,185.57,0.0,3
O001004,C00599,2024-04-15,Home,2,134.31,0.0,4
O001005,C00824,2024-11-06,Beauty,1,59.12,7.19,6
O001006,C02398,2024-08-31,Beauty,5,188.33,0.0,3
O001007,C04115,2024-08-20,Clothing,2,45.65,10.47,2
O001008,C00313,2024-01-14,Electronics,2,41.91,10.14,1
O001009,C02975,2024-08-12,Beauty,3,95.11,0.0,3
O001010,C03739,2024-07-29,Beauty,2,67.68,11.59,3
O001011,C02493,2024-07-19,Sports,2,30.59,12.85,6
O001012,C01946,2024-06-13,Clothing,4,135.04,0.0,6
O001013,C00231,2024-02-18,Home,4,160.83,0.0,6
O001014,C03741,2024-05-12,Home,3,123.93,0.0,5
O001015,C02673,2024-03-10,Clothing,3,53.67,8.68,2
O001016,C03455,2024-04-28,Home,6,271.43,0.0,4
O001017,C03584,2024-05-18,Clothing,5,198.59,0.0,2
O001018,C00044,2024-08-30,Electronics,3,60.88,10.77,4
O001019,C02925,2024-06-29,Home,3,130.45,0.0,6
O001020,C03694,2024-07-01,Electronics,1,21.27,7.02,6
O001021,C02271,2024-11-30,Home,1,54.01,10.75,5
O001022,C03458,2024-02-19,Beauty,4,142.37,0.0,3
O001023,C02950,2024-06-29,Electronics,1,43.03,6.54,4
O001024,C02319,2024-05-04,Clothing,3,77.1,0.0,5
O001025,C03386,2024-08-18,Clothing,3,115.78,0.0,7
O001026,C02295,2024-11-06,Clothing,3,117.64,0.0,2
O001027,C02996,2024-12-13,Beauty,2,53.16,11.46,2
O001028,C03639,2024-01-03,Clothing,3,83.91,0.0,2
O001029,C04917,2024-06-21,Clothing,5,269.87,0.0,1
O001030,C03368,2024-03-21,Sports,4,120.51,0.0,4
O001031,C03285,2024-10-01,Home,4,190.43,0.0,3
O001032,C02343,2024-11-10,Clothing,1,30.36,9.2,5
O001033,C00171,2024-12-10,Clothing,1,53.0,10.15,4
O001034,C04342,2024-08-06,Electronics,2,98.72,0.0,3
O001035,C01640,2024-05-19,Electronics,2,102.55,0.0,1
O001036,C00617,2024-03-03,Home,4,115.24,0.0,3
O001037,C00240,2024-01-27,Sports,4,173.9,0.0,4
O001038,C04494,2024-07-14,Home,6,228.3,0.0,6
O001039,C01857,2024-05-31,Clothing,6,310.04,0.0,5
O001040,C00923,2024-09-08,Sports,1,42.97,11.93,5
O001041,C04888,2024-09-04,Electronics,1,20.16,12.07,6
O001042,C01905,2024-06-02,Home,2,91.86,0.0,4
O001043,C03150,2024-07-28,Beauty,1,44.43,5.63,2
O001044,C00813,2024-01-22,Beauty,4,178.71,0.0,5
O001045,C05000,2024-03-10,Sports,1,38.37,7.73,5
O001046,C01731,2024-01-19,Electronics,3,98.31,0.0,4
O001047,C00832,2024-04-10,Sports,2,103.45,0.0,3
O001048,C03425,2024-06-10,Clothing,2,54.6,7.08,4
O001049,C02208,2024-05-18,Electronics,6,178.5,0.0,4
O001050,C04840,2024-03-28,Sports,1,43.25,6.49,5
O001051,C03433,2024-02-06,Sports,10,236.43,0.0,4
O001052,C04909,2024-06-19,Electronics,1,29.33,6.44,6
O001053,C03369,2024-09-16,Clothing,1,49.92,8.97,6
O001054,C02228,2024-12-03,Beauty,4,171.17,0.0,7
O001055,C02261,2024-09-27,Sports,5,175.34,0.0,5
O001056,C04626,2024-09-11,Home,3,67.59,6.56,2
O001057,C02918,2024-05-19,Clothing,5,196.53,0.0,4
O001058,C03521,2024-03-08,Home,1,34.97,10.61,5
O001059,C04381,2024-03-08,Electronics,1,32.62,9.19,5
O001060,C02709,2024-06-17,Clothing,4,111.78,0.0,4
O001061,C01821,2024-04-14,Sports,4,153.9,0.0,3
O001062,C00649,2024-11-10,Clothing,6,220.55,0.0,6
O001063,C00189,2024-02-27,Clothing,5,204.5,0.0,3
O001064,C01223,2024-07-05,Home,1,16.67,12.49,6
O001065,C00479,2024-02-25,Clothing,4,190.67,0.0,2
O001066,C03063,2024-01-04,Electronics,2,88.4,0.0,5
O001067,C02026,2024-10-11,Clothing,3,95.68,0.0,4
O001068,C04613,2024-01-17,Electronics,4,98.48,0.0,3
O001069,C01889,2024-08-24,Clothing,5,163.89,0.0,5
O001070,C01551,2024-11-02,Clothing,1,54.86,7.38,3
O001071,C02917,2024-09-06,Home,4,194.97,0.0,3
O001072,C03256,2024-01-24,Electronics,4,188.72,0.0,4
O001073,C02807,2024-10-26,Beauty,1,60.18,9.16,2
O001074,C00034,2024-04-25,Clothing,3,108.7,0.0,1
O001075,C00296,2024-08-25,Clothing,1,44.31,7.53,6
O001076,C02501,2024-06-17,Clothing,3,186.37,0.0,3
O001077,C03780,2024-11-08,Electronics,4,177.12,0.0,3
O001078,C03577,2024-10-14,Electronics,2,60.47,7.6,3
O001079,C01430,2024-08-28,Electronics,1,56.3,7.54,3
O001080,C02190,2024-12-29,Home,1,22.99,12.67,4
O001081,C01988,2024-10-24,Clothing,1,12.65,6.73,4
O001082,C04744,2024-10-16,Home,3,116.9,0.0,4
O001083,C02883,2024-09-07,Clothing,3,129.89,0.0,4
O001084,C01710,2024-06-13,Beauty,8,361.39,0.0,5
O001085,C02778,2024-12-06,Clothing,2,40.07,10.14,4
O001086,C03698,2024-05-20,Sports,4,140.26,0.0,4
O001087,C01548,2024-04-29,Home,2,57.12,8.23,4
O001088,C00463,2024-12-03,Clothing,4,152.85,0.0,3
O001089,C03316,2024-06-09,Sports,6,187.74,0.0,2
O001090,C03305,2024-04-14,Electronics,4,126.04,0.0,4
O001091,C00514,2024-12-03,Sports,3,150.6,0.0,1
O001092,C04097,2024-04-01,Electronics,2,5.0,12.57,4
O001093,C03567,2024-07-22,Home,1,51.92,8.26,5
O001094,C03804,2024-02-09,Beauty,4,85.81,0.0,5
O001095,C03688,2024-02-23,Beauty,1,30.84,5.84,4
O001096,C03939,2024-03-29,Home,2,39.93,5.76,4
O001097,C03490,2024-05-14,Electronics,1,25.38,8.51,5
O001098,C01472,2024-01-02,Clothing,6,222.18,0.0,4
O001099,C00338,2024-04-06,Clothing,1,15.81,9.14,2
O001100,C03082,2024-02-25,Electronics,3,141.55,0.0,4
O001101,C03413,2024-12-25,Beauty,2,24.15,10.45,1
O001102,C02393,2024-05-03,Clothing,2,102.67,0.0,3
O001103,C00977,2024-07-03,Sports,2,72.75,5.08,5
O001104,C04979,2024-05-04,Home,1,18.57,5.79,5
O001105,C02246,2024-11-29,Home,4,49.92,5.2,3
O001106,C04069,2024-09-20,Electronics,3,102.59,0.0,2
O001107,C01704,2024-12-05,Clothing,7,266.36,0.0,5
O001108,C00872,2024-07-09,Clothing,1,34.38,6.19,4
O001109,C03410,2024-12-03,Clothing,5,154.66,0.0,2
O001110,C02590,2024-08-02,Clothing,2,78.75,0.0,6
O001111,C04553,2024-08-08,Clothing,3,98.91,0.0,4
O001112,C01550,2024-07-17,Beauty,4,133.69,0.0,4
O001113,C03508,2024-12-09,Home,1,5.0,9.12,4
O001114,C04462,2024-06-22,Electronics,2,73.99,9.55,4
O001115,C02622,2024-08-04,Electronics,6,226.68,0.0,4
O001116,C02530,2024-07-24,Beauty,2,75.47,0.0,6
O001117,C02158,2024-03-07,Home,2,98.64,0.0,5
O001118,C02357,2024-06-22,Clothing,1,25.28,5.82,5
O001119,C00160,2024-03-18,Sports,4,226.69,0.0,6
O001120,C04940,2024-11-18,Clothing,2,92.24,0.0,6
O001121,C02103,2024-02-11,Home,3,91.09,0.0,6
O001122,C02809,2024-03-04,Beauty,2,70.17,11.85,4
O001123,C02000,2024-11-24,Clothing,2,70.97,6.7,6
O001124,C02582,2024-07-17,Electronics,4,115.09,0.0,3
O001125,C02994,2024-03-30,Electronics,4,172.72,0.0,3
O001126,C02935,2024-01-07,Beauty,3,72.83,5.73,5
O001127,C02312,2024-09-19,Beauty,4,163.99,0.0,4
O001128,C02796,2024-05-01,Electronics,4,144.63,0.0,5
O001129,C04329,2024-06-12,Home,3,80.15,0.0,7
O001130,C04329,2024-04-25,Clothing,1,50.93,9.46,6
O001131,C03589,2024-01-13,Electronics,2,104.85,0.0,6
O001132,C03117,2024-01-20,Clothing,3,117.12,0.0,2
O001133,C04654,2024-07-19,Sports,1,22.55,5.3,4
O001134,C03748,2024-11-04,Clothing,3,69.04,7.73,3
O001135,C01950,2024-09-10,Home,2,61.81,5.25,4
O001136,C01460,2024-03-26,Sports,5,169.29,0.0,6
O001137,C04431,2024-06-28,Clothing,1,54.15,11.36,3
O001138,C02452,2024-08-24,Clothing,1,16.6,12.66,5
O001139,C04352,2024-12-18,Clothing,1,53.27,8.57,7
O001140,C03068,2024-03-01,Sports,2,98.08,0.0,5
O001141,C04091,2024-08-02,Electronics,2,35.55,12.82,5
O001142,C02989,2024-08-02,Beauty,2,67.2,11.84,4
O001143,C00772,2024-12-23,Clothing,5,210.95,0.0,5
O001144,C01112,2024-03-30,Sports,4,63.6,7.88,4
O001145,C03312,2024-04-05,Clothing,3,62.81,6.94,3
O001146,C04407,2024-03-01,Home,5,128.58,0.0,2
O001147,C01595,2024-02-25,Home,3,90.93,0.0,2
O001148,C02730,2024-08-07,Electronics,5,155.44,0.0,5
O001149,C01282,2024-04-03,Sports,3,109.62,0.0,4
O001150,C03586,2024-02-09,Home,4,105.6,0.0,4
O001151,C02829,2024-12-02,Clothing,2,86.05,0.0,6
O001152,C02374,2024-11-14,Clothing,5,186.52,0.0,7
O001153,C04886,2024-09-04,Electronics,1,49.03,12.57,4
O001154,C00342,2024-08-04,Clothing,4,119.98,0.0,4
O001155,C04934,2024-06-02,Clothing,2,97.86,0.0,5
O001156,C04724,2024-12-16,Clothing,3,96.52,0.0,5
O001157,C02819,2024-03-02,Clothing,4,149.41,0.0,5
O001158,C02926,2024-08-27,Home,3,88.6,0.0,2
O001159,C01273,2024-07-08,Home,2,100.94,0.0,4
O001160,C00710,2024-05-25,Sports,3,126.39,0.0,4
O001161,C00739,2024-01-10,Home,8,323.2,0.0,6
O001162,C01779,2024-10-18,Home,3,71.02,7.3,5
O001163,C04591,2024-05-09,Clothing,3,70.69,9.82,5
O001164,C04131,2024-02-29,Sports,3,62.51,11.58,4
O001165,C03719,2024-06-23,Sports,5,164.35,0.0,6
O001166,C04914,2024-03-13,Clothing,2,90.92,0.0,6
O001167,C00010,2024-08-26,Electronics,4,126.57,0.0,4
O001168,C01738,2024-06-27,Clothing,2,89.27,0.0,6
O001169,C02579,2024-03-07,Electronics,4,175.12,0.0,3
O001170,C01559,2024-03-21,Electronics,4,134.04,0.0,5
O001171,C02143,2024-03-17,Electronics,2,73.49,10.33,5
O001172,C02624,2024-09-04,Home,4,231.76,0.0,4
O001173,C04001,2024-07-13,Beauty,3,64.94,11.63,4
O001174,C04546,2024-03-08,Sports,5,194.39,0.0,4
O001175,C02144,2024-12-03,Clothing,6,121.43,0.0,5
O001176,C00865,2024-02-25,Home,5,203.81,0.0,4
O001177,C01801,2024-04-08,Beauty,3,119.25,0.0,6
O001178,C03453,2024-09-26,Beauty,1,48.79,8.61,3
O001179,C02717,2024-03-16,Electronics,5,265.84,0.0,6
O001180,C04303,2024-11-26,Clothing,3,151.41,0.0,1
O001181,C01810,2024-03-06,Clothing,3,100.27,0.0,4
O001182,C04946,2024-02-02,Clothing,4,228.85,0.0,4
O001183,C04342,2024-09-25,Beauty,1,23.09,12.43,2
O001184,C01998,2024-01-30,Electronics,3,80.36,0.0,6
O001185,C02932,2024-01-26,Sports,4,99.44,0.0,3
O001186,C02131,2024-07-28,Sports,3,92.68,0.0,5
O001187,C04413,2024-09-25,Home,2,64.28,7.87,2
O001188,C02693,2024-11-19,Beauty,3,93.35,0.0,4
O001189,C03177,2024-05-02,Clothing,4,112.08,0.0,3
O001190,C02797,2024-02-02,Electronics,4,137.76,0.0,6
O001191,C04696,2024-05-22,Clothing,2,137.63,0.0,4
O001192,C01556,2024-05-24,Electronics,2,54.71,12.53,3
O001193,C03691,2024-09-18,Sports,2,94.73,0.0,5
O001194,C04937,2024-01-05,Beauty,2,98.85,0.0,4
O001195,C03573,2024-06-09,Electronics,4,84.67,0.0,5
O001196,C04444,2024-11-05,Beauty,1,49.25,10.64,5
O001197,C00331,2024-05-23,Electronics,4,118.31,0.0,4
O001198,C04706,2024-05-31,Sports,3,72.99,9.22,3
O001199,C01945,2024-01-05,Electronics,3,44.04,12.8,4
O001200,C04840,2024-07-13,Clothing,3,143.14,0.0,4
O001201,C03959,2024-05-04,Sports,2,100.28,0.0,6
O001202,C04665,2024-03-16,Clothing,6,155.63,0.0,5
O001203,C01685,2024-11-01,Electronics,3,93.22,0.0,2
O001204,C02437,2024-06-17,Home,2,57.66,10.23,2
O001205,C00971,2024-08-04,Home,4,149.77,0.0,8
O001206,C00747,2024-07-01,Home,4,135.04,0.0,4
O001207,C02185,2024-12-02,Clothing,3,108.31,0.0,4
O001208,C01385,2024-04-22,Beauty,4,179.99,0.0,6
O001209,C04031,2024-10-02,Beauty,4,99.44,0.0,4
O001210,C01019,2024-06-26,Electronics,5,116.97,0.0,4
O001211,C02579,2024-05-04,Clothing,3,95.46,0.0,2
O001212,C04112,2024-10-17,Clothing,4,157.08,0.0,6
O001213,C04664,2024-11-18,Sports,1,29.72,5.82,6
O001214,C03941,2024-07-17,Electronics,1,5.0,6.15,3
O001215,C02025,2024-05-17,Clothing,5,213.97,0.0,3
O001216,C01543,2024-08-05,Electronics,1,45.68,8.29,4
O001217,C02712,2024-10-23,Electronics,4,100.71,0.0,5
O001218,C03047,2024-06-16,Home,2,98.75,0.0,3
O001219,C01455,2024-05-13,Beauty,6,174.13,0.0,4
O001220,C03004,2024-06-09,Clothing,3,35.59,6.15,5
O001221,C01703,2024-09-28,Sports,2,32.11,11.74,5
O001222,C04421,2024-10-06,Electronics,3,152.05,0.0,6
O001223,C03874,2024-09-04,Clothing,3,101.73,0.0,4
O001224,C00122,2024-08-09,Beauty,1,24.26,7.1,4
O001225,C01477,2024-11-11,Beauty,5,199.62,0.0,3
O001226,C00266,2024-11-25,Home,1,34.72,5.54,4
O001227,C00028,2024-06-20,Sports,2,125.05,0.0,1
O001228,C02125,2024-09-15,Electronics,3,113.17,0.0,3
O001229,C00432,2024-09-12,Beauty,2,94.65,0.0,4
O001230,C04975,2024-06-16,Sports,2,48.47,11.22,2
O001231,C03778,2024-04-29,Home,4,142.68,0.0,3
O001232,C04532,2024-01-19,Beauty,4,127.88,0.0,6
O001233,C01086,2024-10-22,Home,3,90.17,0.0,5
O001234,C02095,2024-11-04,Electronics,3,105.53,0.0,4
O001235,C02486,2024-09-03,Home,3,92.94,0.0,5
O001236,C00101,2024-07-23,Clothing,2,102.22,0.0,5
O001237,C02155,2024-03-07,Beauty,4,231.84,0.0,6
O001238,C03049,2024-12-07,Beauty,6,151.44,0.0,4
O001239,C04983,2024-12-10,Home,3,186.34,0.0,6
O001240,C00800,2024-07-03,Clothing,1,51.46,10.97,5
O001241,C03823,2024-12-07,Home,1,58.64,9.01,4
O001242,C01296,2024-04-17,Clothing,5,134.72,0.0,4
O001243,C00435,2024-06-13,Home,5,210.45,0.0,4
O001244,C03805,2024-04-30,Electronics,2,76.46,0.0,5
O001245,C02614,2024-03-24,Beauty,2,40.23,11.74,4
O001246,C00916,2024-10-28,Electronics,4,63.76,10.04,4
O001247,C02276,2024-09-17,Home,1,25.0,8.83,4
O001248,C04641,2024-04-16,Sports,2,75.46,0.0,5
O001249,C00648,2024-05-02,Electronics,6,185.53,0.0,4
O001250,C02296,2024-03-13,Sports,2,107.67,0.0,6
O001251,C04079,2024-12-02,Beauty,4,142.45,0.0,3
O001252,C01432,2024-11-08,Clothing,5,228.33,0.0,4
O001253,C02362,2024-06-02,Home,1,23.93,9.77,3
O001254,C04133,2024-10-15,Clothing,2,91.21,0.0,5
O001255,C00724,2024-04-06,Home,5,153.17,0.0,5
O001256,C01548,2024-10-18,Clothing,4,142.5,0.0,3
O001257,C00980,2024-12-14,Clothing,1,46.8,8.32,7
O001258,C00084,2024-10-04,Beauty,3,183.19,0.0,5
O001259,C03487,2024-09-10,Electronics,7,197.6,0.0,4
O001260,C01366,2024-03-22,Clothing,5,124.79,0.0,2
O001261,C04815,2024-01-17,Beauty,1,20.88,5.03,5
O001262,C00550,2024-10-26,Electronics,1,5.0,9.46,2
O001263,C03493,2024-06-28,Home,5,244.58,0.0,1
O001264,C02763,2024-08-03,Beauty,4,168.23,0.0,4
O001265,C03854,2024-01-22,Home,1,62.29,10.74,4
O001266,C04683,2024-08-23,Home,3,89.69,0.0,3
O001267,C03200,2024-07-29,Beauty,2,63.01,9.36,6
O001268,C00152,2024-10-12,Home,1,21.14,6.39,3
O001269,C03499,2024-07-25,Sports,6,216.32,0.0,3
O001270,C02213,2024-11-20,Electronics,1,22.56,8.74,2
O001271,C02986,2024-09-11,Beauty,1,26.45,6.16,4
O001272,C04095,2024-12-10,Electronics,4,212.8,0.0,4
O001273,C01568,2024-01-11,Sports,3,97.96,0.0,5
O001274,C00212,2024-11-02,Sports,2,60.91,9.41,4
O001275,C04838,2024-11-14,Electronics,2,92.59,0.0,3
O001276,C02180,2024-12-07,Clothing,5,133.28,0.0,6
O001277,C03224,2024-02-03,Electronics,5,126.44,0.0,2
O001278,C04192,2024-04-30,Home,3,116.88,0.0,1
O001279,C01527,2024-08-23,Beauty,1,37.09,6.74,1
O001280,C00522,2024-07-01,Clothing,1,33.78,5.51,2
O001281,C03947,2024-03-18,Home,1,13.86,8.64,6
O001282,C01703,2024-05-02,Home,1,43.77,8.44,4
O001283,C00018,2024-10-02,Clothing,1,31.03,12.22,2
O001284,C03481,2024-07-26,Clothing,1,55.37,6.06,5
O001285,C01720,2024-07-04,Beauty,3,131.57,0.0,4
O001286,C03317,2024-01-17,Clothing,5,124.82,0.0,7
O001287,C04015,2024-10-16,Home,4,125.59,0.0,6
O001288,C00879,2024-09-10,Sports,1,6.89,6.22,5
O001289,C00594,2024-04-08,Clothing,1,59.33,5.58,1
O001290,C04739,2024-05-26,Clothing,2,112.45,0.0,3
O001291,C04897,2024-04-23,Beauty,3,101.68,0.0,3
O001292,C04551,2024-04-06,Home,2,100.27,0.0,6
O001293,C01610,2024-11-17,Clothing,1,34.97,7.27,3
O001294,C00876,2024-11-23,Electronics,4,74.91,10.18,7
O001295,C03232,2024-12-14,Electronics,2,58.5,7.82,3
O001296,C02449,2024-06-18,Electronics,6,279.55,0.0,5
O001297,C04558,2024-11-02,Clothing,3,106.29,0.0,2
O001298,C02137,2024-07-17,Sports,4,162.2,0.0,7
O001299,C02054,2024-06-25,Beauty,3,110.7,0.0,5
O001300,C00084,2024-05-03,Home,2,89.12,0.0,4
O001301,C01440,2024-06-05,Sports,2,52.17,10.79,4
O001302,C02669,2024-04-04,Home,5,113.11,0.0,4
O001303,C02220,2024-10-12,Home,1,37.54,5.55,5
O001304,C00699,2024-04-08,Home,1,31.63,10.99,4
O001305,C01821,2024-08-22,Electronics,3,123.32,0.0,5
O001306,C04626,2024-07-08,Sports,3,68.19,7.24,3
O001307,C04415,2024-10-20,Sports,1,20.98,10.01,2
O001308,C01099,2024-09-29,Sports,2,79.75,0.0,4
O001309,C02895,2024-11-25,Electronics,6,257.24,0.0,4
O001310,C03418,2024-01-18,Clothing,4,176.43,0.0,6
O001311,C00249,2024-06-22,Clothing,1,53.92,12.66,5
O001312,C04483,2024-11-01,Clothing,2,39.55,8.9,6
O001313,C01958,2024-04-29,Electronics,3,127.78,0.0,4
O001314,C01891,2024-09-12,Clothing,2,42.65,6.22,3
O001315,C04459,2024-04-05,Clothing,3,116.93,0.0,3
O001316,C03368,2024-11-05,Home,1,17.64,12.2,1
O001317,C02116,2024-01-31,Clothing,3,126.72,0.0,3
O001318,C03064,2024-04-06,Clothing,3,106.02,0.0,4
O001319,C01807,2024-07-11,Sports,1,33.33,8.53,7
O001320,C00296,2024-08-20,Sports,1,49.56,7.52,4
O001321,C02695,2024-02-15,Clothing,5,130.92,0.0,4
O001322,C01992,2024-10-17,Sports,3,96.05,0.0,1
O001323,C03940,2024-08-23,Home,4,71.97,12.48,4
O001324,C00032,2024-02-18,Clothing,6,196.0,0.0,5
O001325,C04651,2024-12-02,Home,2,65.52,5.94,5
O001326,C03876,2024-06-10,Home,4,152.2,0.0,5
O001327,C04401,2024-10-11,Clothing,2,49.88,11.68,2
O001328,C00793,2024-05-13,Beauty,3,130.8,0.0,3
O001329,C04192,2024-09-13,Electronics,6,235.93,0.0,4
O001330,C01090,2024-07-01,Clothing,1,33.28,9.54,4
O001331,C00230,2024-01-27,Clothing,7,166.36,0.0,3
O001332,C02781,2024-05-19,Clothing,3,68.44,12.53,2
O001333,C04454,2024-09-16,Electronics,2,88.49,0.0,5
O001334,C04498,2024-03-20,Electronics,4,150.5,0.0,2
O001335,C00790,2024-06-28,Home,3,85.73,0.0,5
O001336,C04195,2024-09-23,Sports,3,73.48,5.94,2
O001337,C04367,2024-02-21,Electronics,2,79.33,0.0,3
O001338,C01799,2024-03-24,Electronics,4,212.86,0.0,4
O001339,C03981,2024-06-04,Clothing,2,54.37,7.21,3
O001340,C04458,2024-11-23,Electronics,2,37.28,11.17,4
O001341,C03241,2024-04-13,Clothing,4,145.44,0.0,4
O001342,C04636,2024-12-11,Electronics,1,60.78,6.97,1
O001343,C03857,2024-04-06,Sports,3,151.82,0.0,7
O001344,C04929,2024-05-04,Electronics,3,71.81,11.07,4
O001345,C00314,2024-07-01,Beauty,4,199.86,0.0,3
O001346,C00233,2024-11-22,Home,2,89.54,0.0,2
O001347,C03508,2024-02-23,Clothing,1,23.81,6.26,2
O001348,C01030,2024-10-28,Sports,1,34.5,6.59,3
O001349,C03607,2024-06-12,Home,1,44.4,5.9,3
O001350,C02712,2024-05-28,Sports,2,27.25,10.82,6
O001351,C04340,2024-10-16,Clothing,2,75.29,0.0,3
O001352,C02289,2024-03-27,Clothing,2,107.11,0.0,4
O001353,C04000,2024-06-10,Home,3,138.78,0.0,3
O001354,C02606,2024-06-16,Beauty,2,66.34,8.96,1
O001355,C03345,2024-05-14,Electronics,8,364.88,0.0,5
O001356,C02123,2024-03-30,Sports,6,246.48,0.0,4
O001357,C02331,2024-11-03,Home,3,59.56,6.72,4
O001358,C03780,2024-10-31,Sports,3,82.38,0.0,5
O001359,C04183,2024-03-21,Electronics,3,41.54,6.09,6
O001360,C00881,2024-12-16,Home,2,84.82,0.0,7
O001361,C02978,2024-08-18,Home,2,95.51,0.0,6
O001362,C01173,2024-03-29,Electronics,2,70.62,12.98,4
O001363,C00160,2024-10-19,Clothing,5,162.61,0.0,5
O001364,C02494,2024-01-02,Sports,2,87.3,0.0,5
O001365,C02130,2024-12-17,Home,5,92.51,0.0,2
O001366,C03079,2024-08-09,Clothing,3,126.89,0.0,3
O001367,C02230,2024-01-17,Clothing,5,164.34,0.0,3
O001368,C02918,2024-07-14,Electronics,1,38.89,7.49,4
O001369,C03014,2024-04-29,Electronics,3,123.84,0.0,5
O001370,C01550,2024-08-29,Electronics,2,69.36,8.23,7
O001371,C04574,2024-06-22,Home,3,94.99,0.0,1
O001372,C03386,2024-02-01,Clothing,1,61.52,11.87,4
O001373,C01580,2024-10-01,Beauty,4,98.39,0.0,3
O001374,C03372,2024-07-13,Beauty,2,83.19,0.0,4
O001375,C01961,2024-01-04,Clothing,3,91.68,0.0,5
O001376,C03845,2024-10-07,Beauty,1,50.91,7.06,4
O001377,C04698,2024-01-21,Electronics,3,130.19,0.0,5
O001378,C02391,2024-08-25,Electronics,2,42.02,8.74,5
O001379,C01420,2024-04-02,Home,6,346.41,0.0,3
O001380,C03918,2024-03-29,Clothing,1,66.99,7.44,2
O001381,C03836,2024-04-22,Sports,1,5.0,5.1,3
O001382,C04429,2024-08-08,Home,2,79.42,0.0,5
O001383,C04451,2024-04-07,Beauty,4,56.49,7.71,6
O001384,C03631,2024-05-21,Clothing,2,45.54,12.45,7
O001385,C04943,2024-05-29,Beauty,6,180.86,0.0,7
O001386,C00163,2024-02-17,Electronics,7,278.09,0.0,4
O001387,C00116,2024-02-20,Clothing,4,153.17,0.0,4
O001388,C01471,2024-07-26,Home,2,69.85,11.49,7
O001389,C03080,2024-01-11,Home,1,39.95,12.27,5
O001390,C03853,2024-09-26,Home,1,17.04,8.67,6
O001391,C02839,2024-09-19,Clothing,5,205.06,0.0,4
O001392,C00543,2024-07-15,Electronics,4,186.68,0.0,5
O001393,C00414,2024-07-04,Home,2,45.27,6.06,1
O001394,C00682,2024-10-22,Home,4,239.89,0.0,4
O001395,C00642,2024-08-08,Beauty,3,128.26,0.0,5
O001396,C03979,2024-03-21,Home,5,206.3,0.0,4
O001397,C01433,2024-08-09,Home,3,111.5,0.0,5
O001398,C00669,2024-06-18,Beauty,3,172.32,0.0,3
O001399,C02070,2024-03-26,Electronics,3,94.26,0.0,1
O001400,C00969,2024-02-13,Home,7,435.4,0.0,6
O001401,C01181,2024-09-17,Beauty,4,40.52,8.32,2
O001402,C04820,2024-04-13,Beauty,4,105.63,0.0,7
O001403,C03236,2024-10-10,Clothing,7,235.12,0.0,4
O001404,C00252,2024-08-15,Clothing,1,35.53,11.93,7
O001405,C04301,2024-07-06,Sports,1,19.67,11.78,2
O001406,C02880,2024-04-30,Beauty,5,125.88,0.0,4
O001407,C03999,2024-05-28,Electronics,4,146.29,0.0,4
O001408,C00791,2024-12-17,Clothing,3,56.93,9.61,6
O001409,C04561,2024-10-31,Home,5,215.16,0.0,3
O001410,C01496,2024-02-26,Clothing,5,82.14,0.0,4
O001411,C04490,2024-12-06,Electronics,9,204.74,0.0,3
O001412,C03069,2024-07-07,Clothing,3,96.03,0.0,5
O001413,C02708,2024-12-22,Electronics,5,176.3,0.0,2
O001414,C02578,2024-02-07,Clothing,5,168.52,0.0,6
O001415,C01236,2024-07-19,Home,3,169.07,0.0,4
O001416,C01059,2024-08-16,Clothing,5,181.99,0.0,5
O001417,C01171,2024-05-10,Clothing,1,38.56,10.82,3
O001418,C03619,2024-06-19,Home,3,94.2,0.0,3
O001419,C03660,2024-11-25,Beauty,3,123.58,0.0,3
O001420,C03656,2024-02-04,Sports,6,131.97,0.0,5
O001421,C00057,2024-07-19,Clothing,3,37.57,5.84,2
O001422,C01893,2024-06-16,Clothing,3,5.0,5.06,3
O001423,C02570,2024-09-02,Clothing,4,92.29,0.0,8
O001424,C04081,2024-08-11,Sports,5,233.52,0.0,5
O001425,C04457,2024-12-06,Clothing,2,51.27,11.96,5
O001426,C01949,2024-02-27,Beauty,1,12.73,9.34,5
O001427,C00223,2024-10-16,Beauty,1,77.2,0.0,1
O001428,C01640,2024-01-25,Clothing,2,96.05,0.0,4
O001429,C04423,2024-02-01,Clothing,1,5.36,10.88,5
O001430,C01758,2024-04-19,Electronics,1,25.61,9.2,3
O001431,C00836,2024-04-10,Clothing,3,161.3,0.0,4
O001432,C02537,2024-05-29,Clothing,1,45.56,11.66,5
O001433,C02526,2024-12-10,Clothing,2,46.03,5.75,4
O001434,C00985,2024-07-11,Beauty,1,38.28,9.28,1
O001435,C01358,2024-04-18,Clothing,3,116.25,0.0,3
O001436,C04888,2024-12-21,Sports,1,49.89,8.17,4
O001437,C03061,2024-10-03,Clothing,2,5.0,8.19,3
O001438,C04478,2024-08-20,Clothing,1,32.6,7.3,5
O001439,C01447,2024-01-21,Beauty,5,113.73,0.0,6
O001440,C01372,2024-09-08,Beauty,3,110.41,0.0,3
O001441,C03225,2024-01-14,Beauty,1,43.12,7.9,3
O001442,C01875,2024-08-02,Sports,3,122.27,0.0,5
O001443,C02500,2024-01-24,Sports,4,143.97,0.0,5
O001444,C03362,2024-01-20,Electronics,5,184.49,0.0,5
O001445,C01143,2024-07-20,Sports,1,34.41,8.02,3
O001446,C04310,2024-11-16,Clothing,4,85.6,0.0,4
O001447,C00565,2024-02-21,Home,2,73.02,5.28,3
O001448,C04828,2024-12-22,Clothing,7,228.75,0.0,4
O001449,C04535,2024-07-04,Home,3,146.58,0.0,3
O001450,C01589,2024-07-25,Electronics,6,199.96,0.0,4
O001451,C03986,2024-12-25,Sports,3,76.44,0.0,4
O001452,C04725,2024-04-04,Clothing,4,145.78,0.0,5
O001453,C04999,2024-12-13,Electronics,1,16.45,10.83,5
O001454,C01471,2024-09-22,Beauty,1,40.25,11.58,6
O001455,C03915,2024-11-21,Beauty,7,285.38,0.0,3
O001456,C03114,2024-01-15,Home,4,112.42,0.0,5
O001457,C04491,2024-06-23,Home,1,26.77,5.92,3
O001458,C04343,2024-08-06,Beauty,2,14.71,12.5,1
O001459,C03363,2024-01-10,Clothing,2,97.72,0.0,2
O001460,C01637,2024-01-19,Home,3,92.3,0.0,4
O001461,C02913,2024-03-08,Electronics,3,151.77,0.0,5
O001462,C01473,2024-10-04,Sports,3,122.3,0.0,4
O001463,C01245,2024-11-14,Home,1,60.06,5.7,3
O001464,C03738,2024-10-20,Electronics,1,27.51,12.36,5
O001465,C02099,2024-01-15,Electronics,1,28.58,7.11,8
O001466,C02598,2024-11-21,Home,3,75.39,0.0,2
O001467,C02513,2024-04-23,Home,3,101.3,0.0,6
O001468,C04515,2024-10-26,Clothing,2,79.28,0.0,5
O001469,C00259,2024-06-06,Beauty,1,15.31,8.11,5
O001470,C02359,2024-04-13,Electronics,3,80.19,0.0,5
O001471,C03394,2024-10-06,Clothing,3,86.15,0.0,3
O001472,C03779,2024-03-26,Home,1,35.32,12.81,2
O001473,C03412,2024-04-03,Clothing,1,41.91,6.95,4
O001474,C01269,2024-06-22,Clothing,1,49.01,11.93,2
O001475,C00940,2024-08-29,Beauty,4,137.85,0.0,5
O001476,C02377,2024-09-18,Home,6,379.83,0.0,2
O001477,C03952,2024-10-20,Beauty,1,33.67,7.94,6
O001478,C00196,2024-10-08,Home,2,56.97,8.6,3
O001479,C04158,2024-05-26,Beauty,3,92.11,0.0,4
O001480,C03097,2024-01-02,Electronics,3,91.44,0.0,6
O001481,C03636,2024-03-08,Home,4,149.01,0.0,5
O001482,C00562,2024-03-09,Clothing,4,187.6,0.0,4
O001483,C03450,2024-02-16,Clothing,1,29.88,8.11,4
O001484,C03367,2024-12-20,Sports,4,84.47,0.0,5
O001485,C03124,2024-03-04,Sports,5,190.97,0.0,4
O001486,C02892,2024-03-20,Clothing,2,88.32,0.0,6
O001487,C00040,2024-09-10,Sports,7,236.77,0.0,3
O001488,C01768,2024-08-24,Beauty,5,239.32,0.0,2
O001489,C02505,2024-11-24,Electronics,1,5.0,9.56,7
O001490,C00788,2024-05-18,Home,3,105.38,0.0,6
O001491,C01877,2024-09-20,Beauty,5,124.38,0.0,2
O001492,C04098,2024-11-11,Home,2,21.7,9.65,3
O001493,C01493,2024-06-02,Clothing,4,140.29,0.0,6
O001494,C01130,2024-05-11,Clothing,3,77.09,0.0,2
O001495,C02264,2024-08-13,Clothing,1,26.78,8.93,4
O001496,C04873,2024-04-01,Home,6,208.38,0.0,7
O001497,C04510,2024-04-27,Electronics,6,195.0,0.0,4
O001498,C04022,2024-05-05,Beauty,5,185.78,0.0,4
O001499,C04306,2024-08-14,Beauty,4,146.28,0.0,6
O001500,C02186,2024-12-04,Clothing,4,231.81,0.0,4
O001501,C01645,2024-06-27,Beauty,1,39.51,8.47,3
O001502,C03561,2024-03-25,Beauty,7,128.81,0.0,3
O001503,C02686,2024-06-12,Clothing,1,41.76,8.9,3
O001504,C04822,2024-08-17,Beauty,3,101.27,0.0,3
O001505,C01413,2024-07-24,Beauty,5,188.39,0.0,9
O001506,C01222,2024-04-13,Electronics,2,94.71,0.0,3
O001507,C02250,2024-04-23,Beauty,4,151.67,0.0,1
O001508,C02240,2024-07-06,Clothing,3,104.31,0.0,4
O001509,C04203,2024-09-27,Clothing,5,239.89,0.0,4
O001510,C04423,2024-02-20,Beauty,4,102.28,0.0,5
O001511,C00644,2024-11-01,Beauty,3,64.79,11.07,5
O001512,C04453,2024-08-09,Electronics,4,87.57,0.0,3
O001513,C02549,2024-04-20,Clothing,3,107.36,0.0,4
O001514,C04604,2024-02-24,Electronics,1,57.32,10.87,4
O001515,C03806,2024-01-12,Home,4,142.12,0.0,4
O001516,C04291,2024-07-08,Home,1,51.09,9.64,3
O001517,C04143,2024-06-03,Clothing,3,146.97,0.0,6
O001518,C01386,2024-11-30,Clothing,1,56.38,5.77,3
O001519,C02585,2024-12-11,Electronics,5,202.11,0.0,6
O001520,C01602,2024-09-21,Electronics,1,30.52,12.56,4
O001521,C04943,2024-12-25,Clothing,5,122.16,0.0,1
O001522,C04805,2024-04-13,Sports,1,38.97,10.17,4
O001523,C03318,2024-06-11,Home,2,79.78,0.0,5
O001524,C00808,2024-05-20,Beauty,9,77.69,0.0,2
O001525,C02660,2024-08-24,Home,4,160.52,0.0,7
O001526,C00115,2024-02-13,Clothing,5,148.24,0.0,5
O001527,C02728,2024-08-26,Electronics,1,39.05,7.36,5
O001528,C04727,2024-04-06,Clothing,4,160.8,0.0,6
O001529,C02267,2024-04-07,Clothing,2,40.65,6.13,3
O001530,C04293,2024-11-19,Beauty,3,163.76,0.0,5
O001531,C04497,2024-02-22,Clothing,2,73.81,12.18,4
O001532,C03902,2024-04-18,Clothing,3,53.47,6.84,5
O001533,C02729,2024-09-13,Electronics,2,96.34,0.0,3
O001534,C04172,2024-01-11,Sports,3,77.03,0.0,3
O001535,C01450,2024-06-26,Electronics,2,136.37,0.0,5
O001536,C04383,2024-10-20,Electronics,1,23.36,5.63,3
O001537,C01569,2024-01-25,Clothing,6,179.59,0.0,3
O001538,C01323,2024-05-05,Beauty,2,79.19,0.0,6
O001539,C00861,2024-09-22,Sports,5,156.67,0.0,6
O001540,C00742,2024-05-12,Electronics,3,111.04,0.0,5
O001541,C01731,2024-10-04,Home,3,121.4,0.0,4
O001542,C04905,2024-02-11,Clothing,4,194.48,0.0,2
O001543,C02934,2024-04-10,Sports,3,124.54,0.0,2
O001544,C03519,2024-10-10,Sports,4,118.27,0.0,3
O001545,C04510,2024-10-03,Home,1,33.49,6.07,2
O001546,C04527,2024-05-18,Beauty,3,136.59,0.0,3
O001547,C03168,2024-08-08,Electronics,4,86.96,0.0,5
O001548,C01919,2024-03-09,Clothing,5,256.62,0.0,2
O001549,C02219,2024-10-19,Sports,3,147.61,0.0,5
O001550,C01341,2024-06-25,Beauty,2,28.21,11.15,4
O001551,C04640,2024-07-15,Electronics,3,147.4,0.0,6
O001552,C01515,2024-02-02,Beauty,2,103.51,0.0,8
O001553,C01412,2024-10-27,Beauty,5,113.51,0.0,4
O001554,C03037,2024-08-15,Clothing,6,285.52,0.0,3
O001555,C04168,2024-05-15,Clothing,6,245.64,0.0,5
O001556,C01023,2024-05-13,Electronics,4,102.06,0.0,4
O001557,C04628,2024-05-22,Electronics,2,32.37,5.56,3
O001558,C02287,2024-09-01,Sports,1,26.31,5.51,7
O001559,C02759,2024-05-16,Home,4,105.31,0.0,5
O001560,C04673,2024-03-01,Sports,1,12.18,12.83,4
O001561,C03772,2024-02-25,Clothing,2,86.88,0.0,4
O001562,C01113,2024-05-12,Electronics,4,158.41,0.0,4
O001563,C01946,2024-07-26,Home,2,108.55,0.0,4
O001564,C04809,2024-05-05,Clothing,1,21.24,5.77,4
O001565,C01559,2024-05-02,Clothing,5,271.13,0.0,3
O001566,C03880,2024-08-18,Sports,4,239.55,0.0,2
O001567,C00642,2024-02-04,Home,4,173.67,0.0,5
O001568,C02238,2024-09-22,Clothing,2,97.35,0.0,5
O001569,C04908,2024-03-31,Clothing,2,88.22,0.0,3
O001570,C03487,2024-01-21,Home,1,42.46,12.32,1
O001571,C03226,2024-05-19,Clothing,1,28.57,7.65,4
O001572,C01015,2024-09-21,Beauty,3,113.25,0.0,3
O001573,C02022,2024-04-29,Clothing,1,5.0,9.17,4
O001574,C02677,2024-08-08,Sports,4,141.32,0.0,6
O001575,C01541,2024-01-23,Sports,5,132.08,0.0,4
O001576,C02937,2024-02-08,Sports,1,5.0,9.98,1
O001577,C03107,2024-08-22,Sports,3,54.6,11.35,5
O001578,C00784,2024-08-28,Beauty,4,138.92,0.0,4
O001579,C00671,2024-05-07,Electronics,2,92.22,0.0,3
O001580,C02770,2024-01-22,Sports,5,193.64,0.0,6
O001581,C02574,2024-02-24,Electronics,5,147.42,0.0,5
O001582,C02585,2024-11-25,Home,1,29.0,12.46,4
O001583,C04943,2024-02-16,Home,3,138.03,0.0,6
O001584,C01278,2024-08-21,Clothing,3,69.74,11.76,5
O001585,C03044,2024-01-27,Clothing,2,70.21,6.73,7
O001586,C03173,2024-02-17,Beauty,6,127.34,0.0,3
O001587,C03783,2024-06-15,Clothing,1,46.3,5.18,2
O001588,C00178,2024-09-27,Beauty,2,84.74,0.0,3
O001589,C00276,2024-03-21,Clothing,6,232.07,0.0,2
O001590,C02360,2024-04-27,Sports,1,23.99,12.08,2
O001591,C03482,2024-02-14,Clothing,2,39.4,8.7,3
O001592,C04887,2024-10-01,Beauty,3,110.25,0.0,6
O001593,C03360,2024-06-29,Clothing,5,200.16,0.0,6
O001594,C01425,2024-11-06,Home,1,32.54,11.99,4
O001595,C04123,2024-08-19,Electronics,1,34.47,9.87,1
O001596,C02961,2024-03-26,Electronics,4,148.01,0.0,5
O001597,C02470,2024-04-14,Sports,1,15.18,6.25,4
O001598,C03086,2024-08-30,Sports,6,298.54,0.0,7
O001599,C02373,2024-06-25,Sports,4,78.65,0.0,3
O001600,C04069,2024-08-21,Beauty,2,74.57,8.39,5
O001601,C01591,2024-03-18,Home,1,24.03,10.4,3
O001602,C04381,2024-05-05,Electronics,2,50.22,11.42,4
O001603,C01113,2024-07-07,Electronics,5,111.81,0.0,4
O001604,C01069,2024-02-29,Beauty,2,67.6,11.85,1
O001605,C02546,2024-08-07,Clothing,1,5.0,11.73,6
O001606,C03650,2024-03-16,Clothing,3,68.1,9.41,6
O001607,C01815,2024-03-31,Home,4,95.04,0.0,4
O001608,C03908,2024-04-25,Clothing,1,49.13,10.49,5
O001609,C03732,2024-10-06,Sports,6,223.07,0.0,2
O001610,C02193,2024-06-15,Electronics,5,270.33,0.0,2
O001611,C00082,2024-05-05,Electronics,3,135.95,0.0,4
O001612,C03707,2024-08-20,Beauty,5,225.98,0.0,6
O001613,C03177,2024-04-23,Sports,2,77.71,0.0,4
O001614,C01826,2024-04-09,Sports,5,258.4,0.0,2
O001615,C00082,2024-05-30,Electronics,1,5.0,9.41,4
O001616,C00094,2024-03-12,Clothing,3,40.46,9.22,3
O001617,C00343,2024-12-14,Home,3,93.61,0.0,4
O001618,C02409,2024-06-15,Beauty,3,152.7,0.0,5
O001619,C01855,2024-03-12,Sports,3,132.36,0.0,5
O001620,C04000,2024-12-13,Sports,4,117.63,0.0,1
O001621,C01090,2024-12-18,Beauty,2,29.68,11.75,8
O001622,C00624,2024-01-11,Beauty,7,108.88,0.0,5
O001623,C00868,2024-10-24,Sports,2,39.98,12.66,7
O001624,C02477,2024-08-16,Sports,2,51.2,7.6,2
O001625,C03473,2024-05-05,Clothing,3,133.64,0.0,6
O001626,C00171,2024-06-01,Clothing,8,369.56,0.0,3
O001627,C01783,2024-06-10,Sports,1,37.67,5.29,5
O001628,C00578,2024-10-04,Electronics,1,7.62,12.76,6
O001629,C00068,2024-06-27,Electronics,5,186.62,0.0,2
O001630,C01516,2024-05-23,Beauty,3,152.74,0.0,3
O001631,C00001,2024-05-18,Sports,1,34.79,5.19,1
O001632,C02199,2024-07-24,Home,3,94.92,0.0,4
O001633,C00902,2024-04-05,Beauty,4,103.3,0.0,6
O001634,C04846,2024-08-01,Electronics,3,130.36,0.0,5
O001635,C00795,2024-03-09,Electronics,4,159.26,0.0,6
O001636,C02067,2024-12-21,Home,5,157.81,0.0,4
O001637,C01820,2024-11-13,Clothing,2,66.96,7.41,5
O001638,C00371,2024-01-19,Electronics,4,134.59,0.0,3
O001639,C02539,2024-11-11,Clothing,7,131.41,0.0,2
O001640,C03908,2024-12-16,Clothing,5,66.47,10.64,1
O001641,C02055,2024-04-10,Sports,2,51.5,6.16,4
O001642,C02597,2024-03-21,Home,2,88.61,0.0,5
O001643,C04467,2024-07-01,Electronics,4,124.82,0.0,5
O001644,C01689,2024-01-18,Clothing,5,176.26,0.0,3
O001645,C04853,2024-06-03,Home,2,84.22,0.0,6
O001646,C03322,2024-12-06,Beauty,3,86.2,0.0,3
O001647,C01139,2024-05-08,Beauty,3,21.73,10.07,5
O001648,C02622,2024-11-10,Clothing,4,135.2,0.0,4
O001649,C02729,2024-06-09,Beauty,1,70.58,7.99,5
O001650,C01166,2024-04-28,Home,3,75.69,0.0,5
O001651,C01509,2024-11-27,Home,2,74.14,5.78,3
O001652,C03842,2024-06-21,Electronics,3,31.96,12.6,1
O001653,C04559,2024-06-01,Clothing,6,306.24,0.0,5
O001654,C04577,2024-01-20,Clothing,4,78.05,0.0,2
O001655,C04919,2024-02-03,Clothing,5,183.82,0.0,3
O001656,C00524,2024-11-09,Electronics,4,129.08,0.0,3
O001657,C02259,2024-02-29,Electronics,4,165.02,0.0,5
O001658,C04340,2024-06-06,Clothing,5,232.6,0.0,4
O001659,C00239,2024-12-29,Home,6,192.82,0.0,4
O001660,C01221,2024-07-24,Electronics,2,77.46,0.0,6
O001661,C00769,2024-04-02,Clothing,4,125.53,0.0,4
O001662,C00235,2024-08-05,Home,3,133.3,0.0,5
O001663,C02761,2024-11-18,Clothing,2,45.86,11.12,3
O001664,C04593,2024-03-29,Sports,3,110.15,0.0,2
O001665,C01520,2024-06-21,Sports,1,50.48,8.03,4
O001666,C01904,2024-02-09,Home,2,66.66,7.97,7
O001667,C02235,2024-07-21,Sports,4,186.23,0.0,3
O001668,C00936,2024-08-08,Beauty,5,320.32,0.0,4
O001669,C01269,2024-02-16,Clothing,5,242.27,0.0,3
O001670,C00819,2024-08-30,Home,1,60.96,9.03,1
O001671,C03568,2024-03-28,Electronics,3,109.4,0.0,6
O001672,C04118,2024-06-05,Home,6,77.86,0.0,3
O001673,C02116,2024-06-10,Electronics,1,23.8,8.56,3
O001674,C02440,2024-01-20,Clothing,5,216.39,0.0,2
O001675,C03388,2024-05-27,Home,7,212.74,0.0,8
O001676,C01089,2024-07-19,Clothing,3,73.61,11.3,6
O001677,C01828,2024-11-07,Electronics,4,129.51,0.0,6
O001678,C04825,2024-05-30,Electronics,4,135.19,0.0,5
O001679,C02589,2024-04-09,Clothing,1,32.58,8.62,4
O001680,C02616,2024-09-03,Sports,3,83.35,0.0,4
O001681,C01874,2024-04-22,Sports,1,22.02,12.53,3
O001682,C04308,2024-08-06,Sports,3,81.9,0.0,3
O001683,C01774,2024-12-09,Home,4,182.69,0.0,4
O001684,C00200,2024-12-25,Sports,3,99.88,0.0,3
O001685,C00178,2024-01-25,Clothing,4,138.88,0.0,3
O001686,C00931,2024-10-15,Beauty,2,65.17,11.55,3
O001687,C03737,2024-04-12,Beauty,1,45.57,6.86,3
O001688,C02037,2024-03-19,Sports,5,61.08,9.49,4
O001689,C01486,2024-01-16,Home,1,40.37,6.56,6
O001690,C02092,2024-12-06,Clothing,7,322.87,0.0,5
O001691,C04264,2024-02-28,Electronics,2,50.89,7.57,2
O001692,C02385,2024-07-12,Sports,3,125.69,0.0,7
O001693,C04089,2024-05-04,Sports,2,19.6,12.79,5
O001694,C04682,2024-02-01,Beauty,4,162.16,0.0,5
O001695,C01916,2024-06-26,Clothing,5,184.9,0.0,4
O001696,C00016,2024-08-06,Clothing,5,264.76,0.0,6
O001697,C02935,2024-04-09,Home,3,118.28,0.0,3
O001698,C00837,2024-04-12,Electronics,2,54.67,5.12,4
O001699,C02158,2024-04-27,Electronics,5,209.3,0.0,3
O001700,C01577,2024-08-30,Clothing,1,59.59,11.74,6
O001701,C00306,2024-04-28,Electronics,4,152.9,0.0,6
O001702,C02054,2024-01-07,Home,1,13.06,11.92,3
O001703,C02891,2024-01-10,Clothing,2,89.38,0.0,2
O001704,C03345,2024-11-11,Clothing,3,108.39,0.0,3
O001705,C04457,2024-10-07,Clothing,6,218.94,0.0,3
O001706,C01209,2024-02-11,Clothing,2,48.18,12.39,3
O001707,C01859,2024-02-16,Clothing,1,60.56,7.63,6
O001708,C02704,2024-04-05,Sports,6,139.05,0.0,4
O001709,C01972,2024-09-02,Home,3,88.82,0.0,4
O001710,C01114,2024-08-11,Beauty,1,59.87,10.77,2
O001711,C00984,2024-04-23,Sports,3,88.93,0.0,2
O001712,C03311,2024-02-01,Clothing,5,152.5,0.0,2
O001713,C04002,2024-11-25,Clothing,1,29.8,8.63,3
O001714,C02772,2024-06-01,Sports,1,49.55,12.2,5
O001715,C03153,2024-08-04,Home,3,127.21,0.0,4
O001716,C02163,2024-09-02,Home,2,72.13,9.52,6
O001717,C02128,2024-09-28,Beauty,5,253.9,0.0,1
O001718,C03640,2024-12-15,Sports,5,200.58,0.0,2
O001719,C04275,2024-09-17,Home,2,82.87,0.0,6
O001720,C00561,2024-01-07,Beauty,1,32.05,11.13,7
O001721,C01810,2024-07-23,Sports,2,97.92,0.0,4
O001722,C04388,2024-09-20,Sports,5,114.54,0.0,7
O001723,C02933,2024-10-15,Electronics,4,121.33,0.0,3
O001724,C00291,2024-11-13,Clothing,3,169.77,0.0,3
O001725,C04638,2024-07-20,Sports,6,25.51,11.29,3
O001726,C01910,2024-04-25,Beauty,5,184.36,0.0,2
O001727,C04690,2024-07-30,Sports,3,114.03,0.0,4
O001728,C01429,2024-06-08,Beauty,5,147.23,0.0,5
O001729,C00948,2024-05-08,Beauty,1,23.15,10.07,2
O001730,C02528,2024-12-12,Clothing,2,81.18,0.0,4
O001731,C01349,2024-05-27,Home,5,226.25,0.0,3
O001732,C00381,2024-11-06,Beauty,1,64.19,10.05,6
O001733,C01705,2024-03-18,Sports,1,25.94,8.29,5
O001734,C00310,2024-09-18,Electronics,3,124.38,0.0,5
O001735,C03415,2024-02-21,Beauty,7,71.46,10.44,6
O001736,C01499,2024-09-14,Electronics,3,93.08,0.0,5
O001737,C02895,2024-08-08,Sports,3,75.15,0.0,4
O001738,C00661,2024-02-08,Clothing,4,183.7,0.0,8
O001739,C03448,2024-09-04,Clothing,4,173.39,0.0,3
O001740,C02274,2024-10-14,Electronics,1,14.35,8.76,6
O001741,C01498,2024-09-10,Home,3,87.32,0.0,2
O001742,C02073,2024-04-25,Electronics,4,130.99,0.0,6
O001743,C03437,2024-07-15,Clothing,5,237.57,0.0,4
O001744,C02143,2024-08-01,Electronics,2,83.7,0.0,4
O001745,C04661,2024-04-01,Beauty,1,48.06,10.1,4
O001746,C01606,2024-02-01,Sports,3,115.04,0.0,6
O001747,C04740,2024-04-02,Beauty,3,105.28,0.0,4
O001748,C01432,2024-08-19,Home,2,44.13,5.57,5
O001749,C01951,2024-05-10,Sports,4,139.66,0.0,5
O001750,C03923,2024-11-13,Beauty,2,78.25,0.0,5
O001751,C00459,2024-08-10,Sports,1,44.68,12.61,4
O001752,C02949,2024-01-13,Electronics,4,122.68,0.0,3
O001753,C00338,2024-11-21,Clothing,4,97.95,0.0,4
O001754,C03944,2024-01-21,Clothing,2,91.94,0.0,4
O001755,C02014,2024-01-14,Sports,3,74.86,8.61,5
O001756,C04021,2024-12-10,Home,3,68.71,7.7,3
O001757,C00345,2024-11-22,Clothing,3,110.5,0.0,5
O001758,C04672,2024-04-16,Electronics,3,98.45,0.0,4
O001759,C00943,2024-05-07,Clothing,1,26.43,12.96,5
O001760,C00346,2024-02-01,Sports,6,214.97,0.0,4
O001761,C03895,2024-06-17,Clothing,4,119.35,0.0,4
O001762,C03320,2024-10-14,Clothing,2,45.07,11.37,3
O001763,C03696,2024-03-21,Clothing,3,107.62,0.0,3
O001764,C00325,2024-06-30,Electronics,1,57.75,12.88,4
O001765,C02139,2024-12-23,Electronics,1,29.83,11.83,4
O001766,C04390,2024-07-08,Home,3,74.64,9.06,4
O001767,C03613,2024-09-11,Clothing,1,59.73,11.81,6
O001768,C00524,2024-12-06,Clothing,2,89.49,0.0,5
O001769,C02898,2024-10-25,Sports,5,228.34,0.0,5
O001770,C03741,2024-06-14,Beauty,5,175.46,0.0,2
O001771,C00259,2024-09-12,Beauty,3,151.44,0.0,6
O001772,C01111,2024-07-16,Beauty,5,162.01,0.0,3
O001773,C00821,2024-07-31,Clothing,3,188.51,0.0,6
O001774,C02789,2024-02-14,Home,10,354.23,0.0,2
O001775,C04665,2024-10-28,Electronics,2,49.62,5.45,4
O001776,C04605,2024-12-25,Beauty,1,27.86,11.34,3
O001777,C01564,2024-01-13,Electronics,1,51.84,5.96,6
O001778,C04621,2024-02-21,Sports,4,192.89,0.0,7
O001779,C01208,2024-09-21,Beauty,2,114.33,0.0,2
O001780,C00309,2024-11-20,Clothing,8,384.87,0.0,8
O001781,C01840,2024-02-12,Beauty,2,83.19,0.0,2
O001782,C03353,2024-01-07,Clothing,2,80.68,0.0,5
O001783,C01384,2024-08-17,Beauty,2,85.35,0.0,2
O001784,C02307,2024-02-13,Electronics,4,134.7,0.0,4
O001785,C01181,2024-06-20,Sports,1,37.51,12.71,6
O001786,C02473,2024-04-11,Home,2,64.63,7.03,2
O001787,C02687,2024-08-10,Clothing,1,26.23,6.25,3
O001788,C02968,2024-03-08,Sports,5,212.23,0.0,4
O001789,C04446,2024-05-01,Home,3,123.6,0.0,5
O001790,C00961,2024-03-17,Beauty,3,93.78,0.0,6
O001791,C03457,2024-10-26,Sports,4,145.16,0.0,6
O001792,C00438,2024-10-22,Clothing,1,14.49,12.62,2
O001793,C00456,2024-07-23,Clothing,2,46.43,7.31,2
O001794,C03818,2024-11-13,Beauty,3,118.57,0.0,5
O001795,C01570,2024-06-19,Electronics,4,104.64,0.0,4
O001796,C01104,2024-08-05,Clothing,2,72.61,10.71,4
O001797,C01619,2024-10-31,Clothing,3,72.47,12.32,1
O001798,C03613,2024-07-11,Sports,2,84.35,0.0,3
O001799,C01513,2024-11-28,Clothing,4,98.8,0.0,5
O001800,C04739,2024-06-01,Sports,1,12.84,8.99,3
O001801,C00392,2024-02-10,Home,3,151.91,0.0,3
O001802,C02622,2024-01-23,Clothing,4,182.34,0.0,4
O001803,C00921,2024-07-04,Clothing,6,135.59,0.0,7
O001804,C02458,2024-08-03,Clothing,2,66.02,8.8,4
O001805,C03601,2024-02-12,Clothing,2,50.93,8.66,5
O001806,C04509,2024-12-26,Clothing,1,33.79,7.32,5
O001807,C01789,2024-04-22,Beauty,3,118.94,0.0,1
O001808,C00261,2024-08-18,Clothing,4,152.63,0.0,3
O001809,C02014,2024-04-19,Electronics,4,112.47,0.0,6
O001810,C01336,2024-05-17,Clothing,6,248.85,0.0,4
O001811,C00335,2024-04-14,Clothing,4,136.41,0.0,4
O001812,C02780,2024-11-11,Sports,3,64.1,7.85,4
O001813,C00804,2024-05-19,Home,2,72.25,8.55,4
O001814,C02438,2024-09-11,Sports,3,60.69,12.34,1
O001815,C02808,2024-12-14,Clothing,5,191.81,0.0,7
O001816,C00941,2024-03-15,Sports,3,97.31,0.0,6
O001817,C03164,2024-08-20,Clothing,3,93.37,0.0,6
O001818,C00903,2024-07-30,Clothing,3,125.43,0.0,5
O001819,C03433,2024-02-27,Clothing,4,94.43,0.0,5
O001820,C01269,2024-02-07,Beauty,1,43.34,7.09,3
O001821,C00024,2024-09-18,Clothing,1,34.37,9.78,4
O001822,C04653,2024-07-30,Sports,1,32.36,12.48,2
O001823,C02749,2024-05-17,Clothing,2,62.24,12.19,5
O001824,C02451,2024-10-08,Clothing,3,96.17,0.0,6
O001825,C01397,2024-02-27,Clothing,5,160.11,0.0,5
O001826,C03358,2024-09-29,Home,2,111.9,0.0,4
O001827,C03905,2024-02-22,Electronics,2,21.49,7.83,4
O001828,C02489,2024-07-24,Clothing,2,55.09,10.45,6
O001829,C03667,2024-01-05,Electronics,4,155.06,0.0,3
O001830,C01758,2024-11-18,Clothing,5,278.5,0.0,3
O001831,C04978,2024-04-16,Electronics,2,83.26,0.0,4
O001832,C01879,2024-08-30,Clothing,3,151.53,0.0,3
O001833,C02533,2024-05-27,Home,2,43.13,11.32,4
O001834,C03515,2024-06-27,Clothing,1,44.76,8.32,5
O001835,C03774,2024-06-22,Electronics,1,17.85,11.9,4
O001836,C02079,2024-11-18,Clothing,2,121.82,0.0,5
O001837,C04662,2024-05-18,Clothing,4,67.13,8.91,2
O001838,C02058,2024-06-23,Clothing,2,86.17,0.0,4
O001839,C00678,2024-09-09,Beauty,2,101.49,0.0,3
O001840,C04947,2024-09-06,Beauty,3,135.08,0.0,5
O001841,C02975,2024-05-15,Clothing,2,88.54,0.0,4
O001842,C00285,2024-01-22,Clothing,2,58.16,5.04,3
O001843,C02201,2024-02-07,Electronics,1,35.72,9.39,4
O001844,C04467,2024-01-27,Beauty,1,35.63,8.54,3
O001845,C01841,2024-10-08,Home,4,224.47,0.0,3
O001846,C01879,2024-10-05,Sports,2,40.59,12.88,6
O001847,C01611,2024-04-29,Home,2,113.18,0.0,5
O001848,C03963,2024-09-09,Home,1,42.55,12.09,2
O001849,C04237,2024-12-24,Clothing,1,33.76,12.49,4
O001850,C03160,2024-03-05,Beauty,3,154.13,0.0,6
O001851,C03499,2024-03-14,Clothing,1,34.32,8.61,4
O001852,C02132,2024-10-29,Electronics,2,120.25,0.0,3
O001853,C03315,2024-11-12,Home,1,24.48,5.09,1
O001854,C01379,2024-06-22,Clothing,3,92.34,0.0,1
O001855,C03078,2024-09-16,Electronics,3,104.16,0.0,4
O001856,C03015,2024-10-11,Clothing,3,99.18,0.0,3
O001857,C03893,2024-03-13,Sports,3,148.95,0.0,4
O001858,C01716,2024-03-19,Beauty,3,125.65,0.0,3
O001859,C00453,2024-02-13,Electronics,6,209.84,0.0,5
O001860,C00342,2024-08-20,Clothing,7,393.6,0.0,5
O001861,C00393,2024-01-03,Electronics,3,56.02,11.27,5
O001862,C01270,2024-03-19,Electronics,2,70.68,7.3,3
O001863,C03051,2024-06-29,Home,4,145.82,0.0,5
O001864,C04060,2024-05-18,Electronics,3,110.52,0.0,5
O001865,C00971,2024-10-29,Home,7,277.0,0.0,4
O001866,C02206,2024-01-07,Clothing,3,105.04,0.0,3
O001867,C04795,2024-11-19,Sports,4,117.51,0.0,3
O001868,C00166,2024-07-31,Electronics,1,37.15,11.56,1
O001869,C00255,2024-01-01,Electronics,2,81.0,0.0,5
O001870,C00302,2024-07-02,Home,4,170.44,0.0,4
O001871,C03104,2024-09-07,Electronics,3,131.33,0.0,3
O001872,C03841,2024-08-02,Clothing,1,5.0,6.24,3
O001873,C02557,2024-03-17,Home,4,143.86,0.0,5
O001874,C01506,2024-02-12,Home,2,108.98,0.0,5
O001875,C01257,2024-06-05,Home,1,19.79,5.24,3
O001876,C02263,2024-01-18,Clothing,3,133.89,0.0,4
O001877,C04341,2024-12-08,Beauty,3,130.05,0.0,3
O001878,C00210,2024-08-07,Clothing,2,75.8,0.0,6
O001879,C03794,2024-03-13,Sports,4,197.86,0.0,2
O001880,C04522,2024-07-08,Electronics,4,170.32,0.0,6
O001881,C03048,2024-12-28,Clothing,1,40.29,12.99,5
O001882,C00981,2024-09-18,Electronics,4,123.51,0.0,3
O001883,C02120,2024-05-23,Clothing,5,181.67,0.0,6
O001884,C03746,2024-05-08,Sports,9,325.52,0.0,5
O001885,C00178,2024-10-04,Sports,3,85.53,0.0,6
O001886,C01547,2024-10-28,Beauty,4,192.05,0.0,5
O001887,C02035,2024-07-08,Clothing,4,146.44,0.0,1
O001888,C00299,2024-05-30,Beauty,5,222.6,0.0,6
O001889,C02568,2024-11-02,Sports,6,122.98,0.0,4
O001890,C03567,2024-04-04,Sports,6,128.07,0.0,3
O001891,C04040,2024-02-07,Clothing,6,175.65,0.0,4
O001892,C00275,2024-06-04,Beauty,3,127.48,0.0,6
O001893,C02996,2024-10-26,Electronics,4,72.53,11.54,5
O001894,C00053,2024-12-12,Electronics,6,145.92,0.0,6
O001895,C01424,2024-02-11,Sports,3,74.74,10.76,6
O001896,C01628,2024-11-11,Home,4,59.64,6.24,4
O001897,C00489,2024-05-05,Sports,1,70.78,5.19,3
O001898,C02355,2024-11-08,Home,3,159.37,0.0,7
O001899,C00417,2024-03-17,Clothing,1,18.53,7.61,4
O001900,C02557,2024-04-05,Beauty,5,192.25,0.0,3
O001901,C00921,2024-09-19,Beauty,2,49.98,5.33,4
O001902,C01554,2024-11-02,Electronics,5,214.91,0.0,3
O001903,C02686,2024-08-12,Beauty,3,85.19,0.0,6
O001904,C00666,2024-04-20,Clothing,1,41.58,5.4,2
O001905,C04102,2024-08-25,Clothing,3,68.9,10.4,5
O001906,C02470,2024-07-23,Clothing,1,45.05,11.92,3
O001907,C01475,2024-10-14,Electronics,4,71.68,7.05,7
O001908,C00338,2024-09-19,Clothing,3,60.58,11.39,4
O001909,C03160,2024-03-16,Home,5,246.83,0.0,6
O001910,C00269,2024-05-22,Electronics,1,17.73,6.09,6
O001911,C01088,2024-11-10,Sports,7,369.11,0.0,4
O001912,C01294,2024-03-25,Sports,3,118.89,0.0,4
O001913,C00657,2024-09-08,Electronics,3,47.09,5.16,4
O001914,C02829,2024-11-28,Beauty,4,136.9,0.0,3
O001915,C03974,2024-08-19,Beauty,2,73.72,5.64,2
O001916,C04958,2024-10-21,Clothing,4,188.2,0.0,2
O001917,C01337,2024-11-14,Beauty,2,69.89,8.89,2
O001918,C02357,2024-05-09,Sports,1,28.42,8.87,1
O001919,C01668,2024-10-11,Beauty,2,66.32,12.13,1
O001920,C01826,2024-11-12,Beauty,2,38.54,9.67,4
O001921,C04031,2024-01-29,Home,3,32.75,12.65,5
O001922,C01213,2024-08-15,Sports,1,33.55,10.89,1
O001923,C02769,2024-10-20,Sports,5,119.76,0.0,4
O001924,C04416,2024-01-07,Clothing,1,29.34,6.0,5
O001925,C03059,2024-01-30,Electronics,2,69.74,9.69,4
O001926,C00445,2024-08-02,Clothing,5,108.56,0.0,3
O001927,C01398,2024-04-24,Clothing,3,109.96,0.0,4
O001928,C04382,2024-08-02,Clothing,4,185.88,0.0,4
O001929,C02219,2024-06-12,Clothing,2,51.86,12.97,5
O001930,C03677,2024-06-18,Electronics,5,159.86,0.0,5
O001931,C02311,2024-08-08,Home,2,15.11,6.71,1
O001932,C04041,2024-09-16,Clothing,3,144.49,0.0,7
O001933,C03607,2024-07-30,Sports,1,11.72,8.3,6
O001934,C01828,2024-09-17,Sports,5,180.19,0.0,3
O001935,C03220,2024-10-28,Clothing,4,129.97,0.0,7
O001936,C04689,2024-11-26,Electronics,2,12.2,7.37,3
O001937,C04512,2024-05-09,Beauty,1,9.55,8.78,5
O001938,C02073,2024-04-14,Electronics,3,82.45,0.0,4
O001939,C04190,2024-02-23,Clothing,4,122.45,0.0,6
O001940,C02331,2024-04-17,Clothing,6,146.44,0.0,6
O001941,C00686,2024-11-10,Home,3,53.94,6.31,4
O001942,C04959,2024-10-15,Beauty,3,122.54,0.0,2
O001943,C00685,2024-09-11,Electronics,3,98.82,0.0,3
O001944,C02938,2024-10-04,Clothing,3,92.12,0.0,1
O001945,C03712,2024-02-16,Clothing,1,57.96,6.65,3
O001946,C00341,2024-05-13,Sports,2,48.0,10.71,4
O001947,C04700,2024-01-24,Clothing,3,124.98,0.0,3
O001948,C00734,2024-04-26,Sports,4,148.65,0.0,4
O001949,C01497,2024-08-26,Electronics,3,65.82,6.61,7
O001950,C03894,2024-11-02,Clothing,1,24.61,12.34,4
O001951,C02955,2024-02-10,Electronics,3,133.69,0.0,1
O001952,C01132,2024-09-06,Clothing,4,89.13,0.0,7
O001953,C04636,2024-11-18,Clothing,5,170.41,0.0,4
O001954,C01733,2024-03-29,Clothing,6,283.4,0.0,3
O001955,C03036,2024-04-01,Home,1,53.73,8.07,4
O001956,C02714,2024-03-21,Clothing,2,74.64,7.33,2
O001957,C02480,2024-05-09,Home,2,52.89,12.85,6
O001958,C01420,2024-03-31,Electronics,2,37.9,8.9,10
O001959,C01990,2024-04-09,Electronics,7,260.26,0.0,2
O001960,C04711,2024-03-18,Home,4,142.82,0.0,5
O001961,C00488,2024-02-12,Clothing,2,97.62,0.0,3
O001962,C03820,2024-05-02,Sports,3,63.93,9.12,5
O001963,C01442,2024-10-14,Sports,2,73.91,9.17,3
O001964,C02391,2024-01-23,Clothing,3,88.14,0.0,4
O001965,C01385,2024-05-23,Beauty,2,66.93,8.9,3
O001966,C02157,2024-09-14,Electronics,1,37.93,10.57,2
O001967,C04945,2024-01-07,Beauty,1,21.37,11.66,6
O001968,C04397,2024-10-03,Clothing,5,229.34,0.0,6
O001969,C01392,2024-07-04,Beauty,3,86.85,0.0,3
O001970,C04801,2024-04-04,Home,6,256.86,0.0,3
O001971,C03143,2024-01-25,Sports,1,5.0,5.81,6
O001972,C00269,2024-10-17,Home,3,105.23,0.0,2
O001973,C03918,2024-08-14,Clothing,4,90.22,0.0,8
O001974,C01525,2024-06-21,Sports,4,111.02,0.0,6
O001975,C00478,2024-05-14,Electronics,2,49.75,12.74,6
O001976,C04272,2024-10-14,Clothing,1,20.59,8.04,3
O001977,C00239,2024-11-04,Electronics,3,147.75,0.0,1
O001978,C00610,2024-03-09,Electronics,3,112.02,0.0,1
O001979,C04588,2024-10-07,Electronics,4,181.0,0.0,3
O001980,C04425,2024-12-16,Clothing,2,40.58,7.36,3
O001981,C03398,2024-12-07,Beauty,6,222.65,0.0,3
O001982,C04541,2024-12-23,Beauty,4,204.75,0.0,4
O001983,C04538,2024-11-28,Beauty,5,143.55,0.0,4
O001984,C04891,2024-08-18,Clothing,3,134.52,0.0,5
O001985,C01832,2024-12-07,Clothing,1,24.15,5.94,4
O001986,C04987,2024-11-12,Home,1,43.37,5.26,4
O001987,C01155,2024-11-02,Clothing,3,109.96,0.0,4
O001988,C01752,2024-09-14,Clothing,3,100.51,0.0,4
O001989,C03599,2024-06-21,Clothing,6,273.3,0.0,4
O001990,C02486,2024-02-01,Home,1,59.34,11.55,4
O001991,C03339,2024-07-18,Sports,3,177.08,0.0,6
O001992,C02334,2024-03-20,Electronics,6,215.66,0.0,6
O001993,C04387,2024-12-18,Sports,5,177.81,0.0,3
O001994,C04464,2024-03-15,Sports,2,112.69,0.0,3
O001995,C04582,2024-09-20,Clothing,4,122.46,0.0,1
O001996,C00168,2024-03-25,Electronics,2,94.95,0.0,2
O001997,C03543,2024-08-04,Electronics,2,73.24,5.25,7
O001998,C04010,2024-04-30,Sports,1,42.38,9.63,4
O001999,C00078,2024-01-20,Home,3,110.13,0.0,4
O002000,C02899,2024-05-28,Home,2,62.12,9.08,5
O002001,C01109,2024-01-07,Clothing,6,151.21,0.0,4
O002002,C00892,2024-03-26,Sports,5,266.03,0.0,8
O002003,C04757,2024-05-26,Electronics,3,94.0,0.0,6
O002004,C01225,2024-11-11,Beauty,4,127.09,0.0,3
O002005,C04685,2024-07-05,Electronics,5,157.26,0.0,3
O002006,C00565,2024-11-20,Sports,4,172.87,0.0,5
O002007,C02860,2024-10-27,Sports,4,97.76,0.0,4
O002008,C00302,2024-11-13,Sports,1,41.99,5.95,6
O002009,C04390,2024-07-11,Sports,4,143.81,0.0,5
O002010,C00109,2024-10-08,Clothing,2,31.09,8.84,8
O002011,C02413,2024-07-06,Sports,5,63.37,10.97,4
O002012,C02648,2024-01-18,Home,2,97.43,0.0,6
O002013,C02726,2024-11-10,Beauty,5,200.9,0.0,1
O002014,C03339,2024-05-28,Clothing,6,210.93,0.0,4
O002015,C02141,2024-02-15,Beauty,3,115.69,0.0,5
O002016,C04524,2024-01-12,Beauty,3,105.7,0.0,3
O002017,C04734,2024-08-17,Beauty,2,96.51,0.0,7
O002018,C03814,2024-04-22,Clothing,5,181.71,0.0,4
O002019,C04201,2024-06-08,Clothing,2,123.38,0.0,5
O002020,C02257,2024-08-14,Sports,1,40.2,5.45,4
O002021,C03646,2024-07-01,Clothing,4,134.98,0.0,3
O002022,C03060,2024-02-24,Beauty,4,142.03,0.0,5
O002023,C02522,2024-09-22,Home,5,175.59,0.0,3
O002024,C03418,2024-02-04,Electronics,3,20.01,11.95,2
O002025,C00012,2024-03-20,Electronics,1,5.0,10.3,4
O002026,C04745,2024-01-06,Beauty,1,26.17,6.05,3
O002027,C03267,2024-05-06,Sports,7,315.34,0.0,5
O002028,C03146,2024-03-08,Sports,1,37.5,6.4,4
O002029,C00875,2024-07-08,Electronics,1,42.05,11.5,2
O002030,C02434,2024-08-31,Clothing,4,126.77,0.0,3
O002031,C00884,2024-01-09,Sports,2,49.51,5.81,5
O002032,C04651,2024-06-05,Sports,6,287.05,0.0,3
O002033,C03986,2024-03-11,Electronics,5,172.66,0.0,3
O002034,C01580,2024-05-13,Electronics,1,40.0,12.53,3
O002035,C03772,2024-10-26,Clothing,2,65.44,5.69,3
O002036,C00353,2024-11-15,Beauty,1,39.45,6.96,5
O002037,C01507,2024-09-05,Beauty,6,126.25,0.0,1
O002038,C03488,2024-11-18,Clothing,3,111.4,0.0,5
O002039,C02852,2024-02-13,Home,2,31.78,12.4,2
O002040,C02030,2024-04-25,Electronics,7,125.65,0.0,5
O002041,C01847,2024-08-15,Electronics,1,66.42,11.65,2
O002042,C02391,2024-02-26,Sports,2,121.46,0.0,4
O002043,C04031,2024-08-31,Beauty,6,183.0,0.0,4
O002044,C03439,2024-02-26,Home,2,43.89,9.08,7
O002045,C02384,2024-05-22,Electronics,2,51.05,8.03,5
O002046,C03368,2024-07-10,Beauty,1,24.9,12.28,4
O002047,C04981,2024-01-07,Clothing,2,99.3,0.0,2
O002048,C01466,2024-10-01,Sports,3,136.01,0.0,3
O002049,C02152,2024-05-13,Clothing,5,205.97,0.0,4
O002050,C03484,2024-02-08,Electronics,2,91.27,0.0,6
O002051,C00574,2024-07-11,Clothing,4,121.15,0.0,3
O002052,C00775,2024-11-22,Electronics,2,26.8,8.85,2
O002053,C03366,2024-01-25,Beauty,4,166.1,0.0,5
O002054,C04339,2024-04-11,Home,2,103.77,0.0,5
O002055,C03931,2024-05-30,Home,5,190.44,0.0,5
O002056,C02681,2024-08-04,Electronics,6,175.84,0.0,1
O002057,C04961,2024-08-17,Clothing,1,20.87,9.37,5
O002058,C02221,2024-09-23,Home,3,117.12,0.0,4
O002059,C01440,2024-06-10,Home,4,146.05,0.0,5
O002060,C00714,2024-10-13,Electronics,3,149.67,0.0,6
O002061,C00576,2024-06-14,Clothing,5,177.89,0.0,5
O002062,C02982,2024-09-03,Clothing,6,141.4,0.0,3
O002063,C00070,2024-06-22,Clothing,5,171.6,0.0,5
O002064,C03765,2024-01-09,Clothing,4,96.22,0.0,6
O002065,C04939,2024-10-02,Clothing,4,85.33,0.0,3
O002066,C02377,2024-02-28,Beauty,3,138.64,0.0,2
O002067,C02206,2024-03-25,Clothing,2,80.2,0.0,4
O002068,C00918,2024-05-29,Sports,2,55.02,6.96,4
O002069,C02746,2024-11-16,Sports,5,227.29,0.0,3
O002070,C00743,2024-02-29,Clothing,5,216.07,0.0,5
O002071,C04151,2024-05-04,Electronics,3,68.23,12.37,4
O002072,C02534,2024-02-10,Clothing,1,54.09,6.91,3
O002073,C01838,2024-12-02,Clothing,4,108.76,0.0,4
O002074,C01377,2024-06-21,Electronics,6,307.97,0.0,6
O002075,C00410,2024-09-16,Beauty,4,65.33,8.52,2
O002076,C03008,2024-11-21,Clothing,4,168.44,0.0,5
O002077,C02953,2024-06-21,Clothing,2,57.98,6.92,3
O002078,C04243,2024-07-04,Home,5,255.43,0.0,6
O002079,C01680,2024-08-28,Home,2,56.39,7.73,2
O002080,C01715,2024-12-04,Clothing,1,10.32,9.86,6
O002081,C01198,2024-04-03,Beauty,2,46.48,8.22,4
O002082,C02338,2024-03-03,Clothing,4,153.98,0.0,4
O002083,C03217,2024-08-08,Sports,2,102.42,0.0,5
O002084,C02957,2024-01-08,Clothing,5,127.52,0.0,7
O002085,C03194,2024-07-31,Electronics,9,357.73,0.0,5
O002086,C00027,2024-07-27,Clothing,2,58.64,10.41,5
O002087,C03138,2024-07-27,Clothing,3,71.09,6.83,5
O002088,C02974,2024-03-25,Sports,1,59.52,7.73,5
O002089,C03166,2024-07-25,Home,2,109.17,0.0,4
O002090,C01091,2024-12-12,Beauty,6,240.61,0.0,1
O002091,C00250,2024-06-01,Sports,4,88.05,0.0,5
O002092,C00142,2024-06-09,Home,1,5.0,8.24,4
O002093,C00267,2024-04-25,Electronics,1,6.78,6.46,2
O002094,C04311,2024-12-27,Electronics,2,48.75,11.04,3
O002095,C00489,2024-09-07,Electronics,6,249.36,0.0,3
O002096,C00496,2024-07-01,Clothing,1,6.95,6.6,4
O002097,C00480,2024-06-12,Clothing,3,50.79,6.84,3
O002098,C02691,2024-11-23,Electronics,1,28.96,11.25,4
O002099,C04097,2024-03-20,Clothing,2,68.79,7.89,3
O002100,C03081,2024-01-07,Sports,2,53.8,10.98,2
O002101,C04937,2024-11-20,Beauty,4,151.17,0.0,4
O002102,C02428,2024-03-27,Home,4,116.13,0.0,4
O002103,C00844,2024-01-08,Beauty,3,137.57,0.0,2
O002104,C03216,2024-02-05,Clothing,1,62.14,11.46,7
O002105,C03912,2024-09-07,Sports,1,45.12,11.44,5
O002106,C04078,2024-04-09,Home,1,15.59,5.56,4
O002107,C02350,2024-03-19,Home,1,33.06,10.38,2
O002108,C00650,2024-10-12,Clothing,7,268.11,0.0,3
O002109,C01894,2024-09-27,Home,2,6.92,10.98,3
O002110,C02857,2024-08-08,Sports,1,51.08,12.51,4
O002111,C03251,2024-07-14,Electronics,1,5.87,8.43,6
O002112,C02387,2024-08-13,Clothing,3,48.48,6.62,3
O002113,C01726,2024-03-27,Home,2,83.65,0.0,6
O002114,C01355,2024-02-27,Clothing,4,103.8,0.0,3
O002115,C01294,2024-06-18,Beauty,5,131.23,0.0,6
O002116,C03047,2024-04-06,Electronics,1,21.02,12.61,6
O002117,C03259,2024-05-25,Home,5,206.44,0.0,5
O002118,C02714,2024-12-23,Clothing,3,119.26,0.0,4
O002119,C00404,2024-01-18,Electronics,1,52.76,11.31,2
O002120,C03973,2024-07-02,Sports,4,146.46,0.0,2
O002121,C04033,2024-05-22,Clothing,1,40.98,10.82,6
O002122,C01547,2024-11-29,Clothing,7,246.22,0.0,5
O002123,C02607,2024-03-02,Electronics,4,145.91,0.0,6
O002124,C02826,2024-06-11,Home,2,50.56,5.63,3
O002125,C01853,2024-02-09,Electronics,2,42.39,6.84,7
O002126,C04207,2024-06-27,Clothing,3,117.83,0.0,3
O002127,C00813,2024-08-22,Clothing,2,126.41,0.0,5
O002128,C03375,2024-02-29,Electronics,1,37.24,5.74,2
O002129,C00930,2024-08-15,Clothing,6,184.82,0.0,3
O002130,C04982,2024-08-26,Beauty,4,110.7,0.0,4
O002131,C04076,2024-02-25,Sports,4,133.42,0.0,1
O002132,C03324,2024-08-21,Electronics,2,81.8,0.0,2
O002133,C00175,2024-03-24,Beauty,3,153.87,0.0,6
O002134,C01364,2024-07-21,Home,3,150.53,0.0,4
O002135,C02896,2024-02-10,Clothing,3,110.81,0.0,4
O002136,C01038,2024-01-17,Clothing,2,48.51,11.4,3
O002137,C03012,2024-04-14,Sports,3,60.15,5.28,6
O002138,C02091,2024-01-25,Clothing,5,200.31,0.0,4
O002139,C00461,2024-04-02,Beauty,4,210.44,0.0,5
O002140,C02753,2024-08-02,Beauty,4,130.99,0.0,2
O002141,C00149,2024-07-02,Home,1,12.46,9.26,7
O002142,C04434,2024-08-04,Home,1,12.97,7.38,5
O002143,C01134,2024-05-30,Home,1,22.99,5.43,5
O002144,C00354,2024-09-14,Sports,1,44.16,12.22,6
O002145,C01108,2024-10-27,Sports,4,123.12,0.0,3
O002146,C02603,2024-04-28,Sports,3,33.44,9.18,5
O002147,C02114,2024-05-13,Beauty,6,240.47,0.0,4
O002148,C04095,2024-07-25,Home,3,183.03,0.0,4
O002149,C03686,2024-09-19,Beauty,3,110.95,0.0,7
O002150,C03207,2024-11-17,Beauty,5,103.69,0.0,3
O002151,C01110,2024-07-08,Sports,3,113.34,0.0,2
O002152,C04180,2024-06-06,Clothing,3,47.35,9.96,3
O002153,C01978,2024-03-16,Clothing,2,160.39,0.0,4
O002154,C00227,2024-02-21,Clothing,6,183.81,0.0,4
O002155,C02940,2024-08-13,Sports,1,38.2,9.56,5
O002156,C01013,2024-04-03,Beauty,4,129.15,0.0,4
O002157,C04116,2024-10-18,Electronics,4,199.69,0.0,3
O002158,C03107,2024-10-17,Clothing,3,101.23,0.0,5
O002159,C03937,2024-11-17,Clothing,4,186.55,0.0,4
O002160,C02803,2024-06-26,Sports,1,34.06,11.93,3
O002161,C01467,2024-04-15,Sports,5,144.98,0.0,5
O002162,C02989,2024-03-16,Clothing,1,9.23,11.54,4
O002163,C00270,2024-01-04,Electronics,6,238.56,0.0,2
O002164,C03807,2024-11-06,Beauty,4,138.93,0.0,4
O002165,C01532,2024-07-05,Clothing,5,136.73,0.0,3
O002166,C00304,2024-01-20,Home,1,59.23,11.61,4
O002167,C04906,2024-10-01,Home,1,49.65,9.65,4
O002168,C01933,2024-05-15,Electronics,2,22.28,7.57,4
O002169,C02041,2024-01-27,Home,2,18.88,6.26,3
O002170,C04022,2024-05-15,Home,6,216.95,0.0,6
O002171,C00142,2024-01-18,Electronics,4,142.75,0.0,4
O002172,C00809,2024-10-11,Sports,1,47.28,7.81,5
O002173,C00948,2024-10-28,Home,1,48.42,9.8,6
O002174,C03952,2024-05-17,Sports,1,49.52,11.49,4
O002175,C03413,2024-08-19,Beauty,3,147.14,0.0,4
O002176,C02293,2024-12-05,Clothing,3,132.18,0.0,4
O002177,C00766,2024-09-13,Home,2,45.97,6.43,4
O002178,C02924,2024-08-06,Electronics,4,63.3,6.89,5
O002179,C00939,2024-05-11,Clothing,2,37.27,6.03,6
O002180,C02497,2024-12-22,Home,1,46.03,8.24,4
O002181,C03563,2024-09-12,Electronics,2,96.81,0.0,1
O002182,C01263,2024-04-05,Clothing,2,28.17,8.06,6
O002183,C00543,2024-09-30,Beauty,2,88.28,0.0,2
O002184,C02680,2024-11-29,Beauty,4,177.27,0.0,7
O002185,C02955,2024-10-27,Electronics,1,59.62,10.12,6
O002186,C02932,2024-01-15,Clothing,2,67.59,6.93,2
O002187,C02782,2024-06-27,Electronics,1,8.61,12.44,3
O002188,C04240,2024-09-16,Sports,1,19.19,7.54,5
O002189,C02992,2024-03-28,Electronics,2,10.06,12.62,7
O002190,C02613,2024-04-03,Sports,1,55.34,6.51,4
O002191,C03649,2024-11-28,Sports,2,19.11,5.68,3
O002192,C01200,2024-01-28,Beauty,6,131.46,0.0,4
O002193,C02118,2024-07-03,Electronics,4,49.38,7.57,1
O002194,C02681,2024-03-15,Electronics,2,98.93,0.0,6
O002195,C02849,2024-02-23,Beauty,6,204.25,0.0,6
O002196,C04689,2024-11-16,Clothing,3,195.7,0.0,4
O002197,C04663,2024-02-16,Sports,2,102.85,0.0,6
O002198,C04787,2024-09-04,Beauty,5,134.66,0.0,1
O002199,C03682,2024-08-21,Home,2,80.95,0.0,4
O002200,C03496,2024-04-27,Electronics,2,69.23,12.71,5
O002201,C00665,2024-09-16,Beauty,3,87.37,0.0,5
O002202,C04502,2024-08-17,Electronics,5,138.95,0.0,6
O002203,C03163,2024-10-16,Beauty,1,41.99,11.75,3
O002204,C03366,2024-08-28,Electronics,5,139.76,0.0,4
O002205,C01417,2024-11-27,Clothing,1,52.56,8.58,6
O002206,C03109,2024-06-30,Beauty,5,143.01,0.0,2
O002207,C00517,2024-11-12,Electronics,3,115.86,0.0,5
O002208,C00850,2024-04-10,Home,2,76.31,0.0,4
O002209,C01902,2024-09-04,Sports,4,133.66,0.0,6
O002210,C00908,2024-12-14,Beauty,4,98.9,0.0,4
O002211,C00316,2024-12-23,Sports,3,83.11,0.0,4
O002212,C03244,2024-04-22,Electronics,2,72.54,9.24,6
O002213,C01508,2024-08-08,Clothing,7,300.86,0.0,5
O002214,C04123,2024-12-04,Home,4,165.6,0.0,1
O002215,C01519,2024-05-27,Electronics,2,87.93,0.0,4
O002216,C04151,2024-10-22,Electronics,4,178.3,0.0,7
O002217,C01935,2024-07-15,Clothing,1,55.49,11.06,5
O002218,C04345,2024-03-09,Beauty,4,77.11,0.0,4
O002219,C01802,2024-10-14,Home,1,24.88,8.15,6
O002220,C02623,2024-01-24,Clothing,1,22.72,11.34,6
O002221,C00857,2024-07-04,Beauty,2,64.99,7.86,1
O002222,C01877,2024-06-18,Electronics,6,211.55,0.0,6
O002223,C01526,2024-10-17,Home,3,68.57,12.21,3
O002224,C01417,2024-02-01,Home,2,95.0,0.0,6
O002225,C03480,2024-10-27,Home,6,280.75,0.0,2
O002226,C03872,2024-06-24,Electronics,4,64.73,10.31,2
O002227,C01795,2024-12-29,Sports,3,119.07,0.0,3
O002228,C03066,2024-12-07,Clothing,5,173.13,0.0,2
O002229,C02721,2024-06-25,Sports,2,19.2,5.44,6
O002230,C04205,2024-10-16,Electronics,2,52.86,10.43,6
O002231,C03677,2024-05-23,Clothing,3,90.45,0.0,3
O002232,C00353,2024-01-11,Electronics,2,59.94,12.46,5
O002233,C03232,2024-05-26,Sports,4,194.53,0.0,2
O002234,C01428,2024-12-13,Electronics,4,170.83,0.0,3
O002235,C02193,2024-11-05,Clothing,1,42.05,11.74,1
O002236,C01778,2024-07-13,Clothing,2,62.46,5.01,3
O002237,C03537,2024-03-16,Clothing,7,347.31,0.0,6
O002238,C01117,2024-06-08,Home,4,150.38,0.0,5
O002239,C02321,2024-04-09,Beauty,1,21.12,6.39,4
O002240,C00534,2024-04-25,Electronics,3,160.07,0.0,6
O002241,C01218,2024-03-23,Electronics,4,222.77,0.0,2
O002242,C02989,2024-11-07,Clothing,6,194.9,0.0,5
O002243,C02229,2024-03-03,Sports,6,329.45,0.0,3
O002244,C01980,2024-05-11,Beauty,1,45.47,9.09,6
O002245,C02077,2024-09-04,Electronics,6,247.05,0.0,2
O002246,C00532,2024-05-10,Beauty,2,98.19,0.0,4
O002247,C03077,2024-06-06,Sports,2,38.94,10.23,1
O002248,C01945,2024-08-03,Home,3,94.78,0.0,2
O002249,C04236,2024-11-21,Home,2,79.79,0.0,1
O002250,C03100,2024-02-03,Home,3,119.92,0.0,2
O002251,C04358,2024-11-27,Clothing,3,75.6,0.0,3
O002252,C03830,2024-10-24,Electronics,3,68.25,9.84,2
O002253,C04115,2024-10-05,Electronics,2,75.03,0.0,3
O002254,C02585,2024-10-22,Sports,5,184.57,0.0,4
O002255,C01549,2024-01-15,Clothing,4,154.69,0.0,4
O002256,C01489,2024-04-24,Electronics,1,55.3,5.62,6
O002257,C03660,2024-02-26,Home,2,83.39,0.0,4
O002258,C00228,2024-05-21,Home,3,162.44,0.0,3
O002259,C04472,2024-07-25,Electronics,2,55.94,12.34,4
O002260,C04832,2024-05-19,Home,4,188.7,0.0,5
O002261,C04353,2024-04-16,Sports,4,177.97,0.0,3
O002262,C04929,2024-10-17,Sports,1,53.36,10.99,6
O002263,C04797,2024-03-18,Beauty,2,99.87,0.0,1
O002264,C00699,2024-01-02,Electronics,4,92.1,0.0,2
O002265,C00438,2024-09-30,Clothing,5,121.09,0.0,8
O002266,C01685,2024-02-04,Home,4,108.71,0.0,2
O002267,C02154,2024-09-21,Home,2,69.5,11.1,2
O002268,C04711,2024-08-05,Home,3,112.32,0.0,5
O002269,C02915,2024-03-07,Sports,2,57.22,9.53,6
O002270,C03218,2024-03-09,Sports,2,82.37,0.0,4
O002271,C00960,2024-08-11,Electronics,3,106.71,0.0,3
O002272,C01840,2024-12-26,Clothing,4,97.47,0.0,4
O002273,C00278,2024-10-20,Clothing,1,38.8,6.65,5
O002274,C04221,2024-11-21,Electronics,2,72.34,5.98,3
O002275,C03757,2024-07-21,Clothing,1,29.37,6.36,5
O002276,C01344,2024-03-21,Clothing,2,74.75,11.65,3
O002277,C04771,2024-03-06,Clothing,2,91.45,0.0,4
O002278,C00715,2024-10-23,Home,5,127.56,0.0,4
O002279,C01506,2024-10-06,Clothing,5,142.88,0.0,1
O002280,C03922,2024-09-17,Home,4,153.69,0.0,4
O002281,C02715,2024-10-03,Beauty,5,195.32,0.0,4
O002282,C01348,2024-01-06,Sports,4,151.5,0.0,4
O002283,C02443,2024-05-11,Beauty,4,117.24,0.0,1
O002284,C04869,2024-09-21,Clothing,1,5.0,9.58,3
O002285,C03961,2024-11-20,Sports,1,55.21,6.04,5
O002286,C01753,2024-03-08,Beauty,2,96.0,0.0,2
O002287,C02506,2024-05-05,Sports,3,63.96,9.39,4
O002288,C01738,2024-11-10,Beauty,2,62.41,8.18,1
O002289,C04170,2024-06-19,Clothing,9,334.03,0.0,3
O002290,C01109,2024-12-01,Electronics,2,63.76,9.34,3
O002291,C02680,2024-01-29,Clothing,3,128.99,0.0,3
O002292,C01038,2024-06-24,Electronics,6,154.61,0.0,4
O002293,C00912,2024-11-02,Clothing,7,340.74,0.0,4
O002294,C04890,2024-10-18,Home,3,140.36,0.0,4
O002295,C02097,2024-11-27,Clothing,4,99.11,0.0,1
O002296,C03014,2024-04-14,Home,5,222.23,0.0,4
O002297,C00359,2024-02-14,Home,1,11.7,11.17,5
O002298,C01077,2024-04-10,Clothing,1,31.14,12.12,2
O002299,C02104,2024-08-13,Home,3,126.44,0.0,4
O002300,C04975,2024-04-13,Clothing,1,26.84,7.95,6
O002301,C03528,2024-09-18,Sports,3,81.77,0.0,5
O002302,C02303,2024-09-09,Clothing,3,112.44,0.0,4
O002303,C04101,2024-06-13,Beauty,3,120.76,0.0,6
O002304,C01605,2024-10-18,Beauty,1,53.77,8.83,6
O002305,C01076,2024-07-30,Clothing,4,110.59,0.0,5
O002306,C04049,2024-05-23,Clothing,3,105.38,0.0,4
O002307,C00329,2024-08-23,Clothing,2,84.29,0.0,5
O002308,C03233,2024-01-22,Clothing,1,46.82,10.65,2
O002309,C03478,2024-03-09,Clothing,2,51.1,5.53,2
O002310,C01003,2024-03-09,Sports,2,75.63,0.0,10
O002311,C04879,2024-09-02,Home,3,136.83,0.0,4
O002312,C00577,2024-03-03,Home,1,56.43,10.92,4
O002313,C00327,2024-08-24,Home,2,60.86,8.29,1
O002314,C01528,2024-11-26,Electronics,4,156.65,0.0,4
O002315,C02822,2024-12-28,Beauty,2,37.68,8.53,1
O002316,C01466,2024-01-19,Clothing,2,88.82,0.0,6
O002317,C03226,2024-08-18,Home,5,215.9,0.0,3
O002318,C02282,2024-08-16,Clothing,3,91.57,0.0,8
O002319,C04748,2024-12-23,Electronics,4,167.44,0.0,4
O002320,C02381,2024-05-06,Home,1,32.02,9.13,5
O002321,C00495,2024-05-25,Clothing,7,221.35,0.0,2
O002322,C01139,2024-11-24,Home,4,191.58,0.0,4
O002323,C02417,2024-04-23,Clothing,1,50.52,5.7,2
O002324,C01357,2024-08-30,Home,6,138.21,0.0,4
O002325,C01154,2024-05-24,Clothing,4,117.54,0.0,4
O002326,C03250,2024-02-10,Home,3,98.63,0.0,1
O002327,C02143,2024-06-09,Electronics,4,137.21,0.0,2
O002328,C03389,2024-12-03,Beauty,4,129.95,0.0,4
O002329,C01125,2024-03-17,Electronics,5,196.58,0.0,4
O002330,C00802,2024-06-16,Clothing,3,164.76,0.0,5
O002331,C02043,2024-10-10,Clothing,2,98.37,0.0,2
O002332,C00208,2024-04-19,Home,3,63.48,5.95,3
O002333,C02655,2024-07-13,Clothing,4,112.11,0.0,3
O002334,C00473,2024-08-15,Home,2,102.9,0.0,3
O002335,C01639,2024-06-15,Clothing,7,138.39,0.0,3
O002336,C00136,2024-01-21,Clothing,2,40.35,10.71,4
O002337,C04357,2024-06-13,Clothing,4,110.68,0.0,6
O002338,C01171,2024-05-09,Clothing,3,130.19,0.0,5
O002339,C00458,2024-09-18,Clothing,1,60.83,10.41,5
O002340,C01437,2024-02-21,Electronics,4,125.99,0.0,3
O002341,C03572,2024-09-17,Beauty,2,22.08,5.91,4
O002342,C02149,2024-06-23,Electronics,2,93.09,0.0,3
O002343,C04243,2024-10-25,Home,1,60.63,8.12,5
O002344,C04813,2024-04-05,Clothing,2,51.11,8.09,5
O002345,C00507,2024-12-22,Sports,3,68.67,9.56,6
O002346,C02606,2024-02-09,Home,1,41.67,8.48,3
O002347,C02384,2024-07-27,Electronics,1,46.58,10.91,4
O002348,C00446,2024-05-21,Electronics,4,109.04,0.0,6
O002349,C02782,2024-09-14,Beauty,3,158.12,0.0,3
O002350,C00444,2024-06-15,Clothing,4,79.55,0.0,4
O002351,C00118,2024-07-09,Electronics,2,92.48,0.0,2
O002352,C01541,2024-11-14,Clothing,2,56.87,6.79,3
O002353,C02771,2024-04-28,Sports,4,48.03,11.32,4
O002354,C00567,2024-05-25,Clothing,1,52.52,8.44,2
O002355,C03603,2024-12-15,Home,4,167.59,0.0,4
O002356,C01937,2024-11-30,Clothing,3,121.09,0.0,2
O002357,C04184,2024-05-08,Beauty,3,105.22,0.0,4
O002358,C01653,2024-05-24,Clothing,1,19.21,6.45,5
O002359,C04572,2024-02-23,Beauty,3,155.58,0.0,5
O002360,C04391,2024-05-01,Beauty,2,65.48,11.72,4
O002361,C04816,2024-05-03,Electronics,2,82.15,0.0,6
O002362,C04782,2024-06-15,Clothing,4,137.08,0.0,4
O002363,C02687,2024-11-17,Clothing,4,148.11,0.0,7
O002364,C01204,2024-05-22,Clothing,4,88.51,0.0,3
O002365,C02938,2024-01-22,Beauty,3,155.03,0.0,4
O002366,C00406,2024-10-02,Clothing,4,179.9,0.0,5
O002367,C03908,2024-12-14,Home,6,178.16,0.0,4
O002368,C04215,2024-10-25,Beauty,2,97.96,0.0,4
O002369,C04080,2024-10-03,Electronics,2,42.79,6.17,4
O002370,C00313,2024-10-30,Clothing,4,124.84,0.0,4
O002371,C00163,2024-11-17,Sports,4,85.41,0.0,4
O002372,C01529,2024-04-24,Sports,1,49.95,11.35,6
O002373,C04389,2024-09-28,Beauty,1,23.19,5.15,3
O002374,C04786,2024-06-16,Clothing,3,87.96,0.0,2
O002375,C01566,2024-10-03,Beauty,2,87.09,0.0,4
O002376,C04769,2024-12-22,Sports,8,405.79,0.0,2
O002377,C00399,2024-09-20,Home,3,150.94,0.0,6
O002378,C03587,2024-09-06,Electronics,3,83.69,0.0,4
O002379,C01048,2024-09-11,Sports,3,71.28,7.84,5
O002380,C01943,2024-12-07,Electronics,2,72.25,10.6,2
O002381,C03131,2024-02-27,Beauty,5,228.25,0.0,3
O002382,C02797,2024-01-05,Clothing,2,76.42,0.0,4
O002383,C00240,2024-04-20,Clothing,3,111.62,0.0,6
O002384,C02359,2024-12-30,Sports,7,255.25,0.0,4
O002385,C00672,2024-10-12,Clothing,4,106.41,0.0,5
O002386,C02620,2024-12-16,Electronics,2,93.82,0.0,1
O002387,C02462,2024-09-21,Electronics,1,66.28,11.51,6
O002388,C03394,2024-09-05,Clothing,1,54.08,8.49,4
O002389,C00402,2024-04-04,Clothing,4,100.56,0.0,4
O002390,C02107,2024-12-16,Clothing,1,71.45,6.26,5
O002391,C04149,2024-10-23,Electronics,1,20.89,10.19,4
O002392,C01088,2024-11-02,Electronics,5,172.38,0.0,5
O002393,C01143,2024-07-03,Electronics,5,133.06,0.0,5
O002394,C04382,2024-08-16,Sports,3,100.2,0.0,6
O002395,C02066,2024-11-12,Clothing,3,110.56,0.0,5
O002396,C03909,2024-09-18,Clothing,2,89.6,0.0,6
O002397,C04256,2024-04-28,Beauty,6,358.18,0.0,5
O002398,C03960,2024-08-21,Home,5,153.14,0.0,6
O002399,C00142,2024-10-08,Electronics,1,12.36,6.06,4
O002400,C00397,2024-07-20,Beauty,3,149.32,0.0,4
O002401,C02628,2024-09-18,Home,4,258.31,0.0,6
O002402,C04630,2024-02-22,Sports,3,94.26,0.0,5
O002403,C01556,2024-11-12,Clothing,3,126.55,0.0,4
O002404,C02509,2024-06-09,Electronics,3,81.26,0.0,3
O002405,C04382,2024-08-31,Home,1,5.0,12.73,3
O002406,C01029,2024-04-03,Electronics,3,97.52,0.0,6
O002407,C02177,2024-02-09,Beauty,1,48.95,9.5,4
O002408,C00671,2024-10-06,Clothing,1,49.69,6.49,4
O002409,C04595,2024-04-01,Sports,4,124.26,0.0,4
O002410,C01856,2024-10-27,Electronics,4,194.37,0.0,3
O002411,C03430,2024-02-07,Beauty,3,63.74,11.18,2
O002412,C02079,2024-08-30,Clothing,2,97.87,0.0,2
O002413,C02007,2024-12-29,Clothing,3,98.67,0.0,3
O002414,C01689,2024-05-15,Clothing,1,56.11,8.84,6
O002415,C04432,2024-03-04,Clothing,1,28.85,8.2,3
O002416,C00570,2024-12-08,Beauty,3,143.51,0.0,5
O002417,C04695,2024-12-28,Clothing,3,52.61,9.58,7
O002418,C01147,2024-07-19,Clothing,3,32.55,6.12,5
O002419,C03775,2024-11-02,Home,1,11.7,6.41,3
O002420,C00865,2024-09-18,Home,3,122.31,0.0,3
O002421,C04901,2024-06-23,Home,3,157.45,0.0,4
O002422,C04410,2024-06-25,Home,1,5.0,7.23,7
O002423,C00028,2024-03-25,Home,2,48.55,7.06,3
O002424,C01030,2024-06-08,Home,3,83.76,0.0,4
O002425,C01997,2024-06-30,Home,1,29.66,11.63,1
O002426,C01342,2024-02-05,Sports,2,44.93,7.5,5
O002427,C01249,2024-12-10,Electronics,5,133.71,0.0,3
O002428,C02137,2024-04-08,Home,2,112.74,0.0,6
O002429,C02088,2024-08-13,Sports,5,187.62,0.0,2
O002430,C00681,2024-02-06,Sports,1,5.0,9.87,2
O002431,C00375,2024-09-29,Beauty,5,182.69,0.0,2
O002432,C03370,2024-09-28,Clothing,2,68.76,6.81,6
O002433,C03046,2024-07-04,Beauty,2,65.88,11.0,4
O002434,C02338,2024-02-18,Sports,4,126.73,0.0,6
O002435,C00806,2024-04-03,Sports,1,65.27,8.35,2
O002436,C03040,2024-11-02,Clothing,2,111.91,0.0,3
O002437,C00279,2024-08-13,Clothing,3,140.17,0.0,2
O002438,C01406,2024-01-05,Home,6,236.5,0.0,2
O002439,C00788,2024-12-18,Electronics,4,90.21,0.0,6
O002440,C01333,2024-06-22,Sports,2,95.49,0.0,5
O002441,C04373,2024-07-01,Clothing,1,48.41,11.2,5
O002442,C03148,2024-03-13,Home,3,106.9,0.0,3
O002443,C02346,2024-05-24,Home,2,85.23,0.0,4
O002444,C03450,2024-05-31,Clothing,4,135.74,0.0,4
O002445,C00433,2024-02-25,Clothing,3,90.12,0.0,3
O002446,C01010,2024-07-01,Clothing,4,130.12,0.0,4
O002447,C03850,2024-05-01,Beauty,6,155.21,0.0,3
O002448,C00317,2024-08-31,Beauty,1,36.91,11.33,4
O002449,C04217,2024-07-22,Beauty,4,79.08,0.0,6
O002450,C01366,2024-03-19,Sports,4,231.26,0.0,6
O002451,C04400,2024-01-16,Electronics,6,176.96,0.0,4
O002452,C00936,2024-05-05,Clothing,3,165.25,0.0,3
O002453,C03519,2024-03-27,Beauty,5,83.11,0.0,5
O002454,C03788,2024-10-04,Home,4,110.11,0.0,6
O002455,C02769,2024-12-16,Sports,2,65.79,8.13,4
O002456,C00496,2024-02-12,Clothing,5,187.99,0.0,8
O002457,C03593,2024-03-19,Clothing,3,117.72,0.0,5
O002458,C02233,2024-10-03,Sports,2,87.65,0.0,4
O002459,C04019,2024-09-20,Beauty,2,114.6,0.0,6
O002460,C02936,2024-10-31,Home,4,166.06,0.0,3
O002461,C04809,2024-08-15,Home,2,56.75,5.18,5
O002462,C04446,2024-05-04,Electronics,4,93.14,0.0,4
O002463,C02368,2024-04-15,Beauty,4,146.47,0.0,2
O002464,C02585,2024-08-17,Home,1,9.46,8.42,2
O002465,C00906,2024-05-13,Clothing,3,109.31,0.0,4
O002466,C03228,2024-03-21,Electronics,7,429.79,0.0,3
O002467,C01828,2024-12-25,Electronics,2,100.58,0.0,2
O002468,C03723,2024-04-18,Sports,5,186.42,0.0,4
O002469,C02581,2024-06-23,Home,5,219.3,0.0,5
O002470,C04598,2024-06-12,Beauty,2,72.35,7.03,3
O002471,C01516,2024-05-04,Beauty,4,126.82,0.0,5
O002472,C04623,2024-12-13,Electronics,5,137.69,0.0,4
O002473,C04807,2024-01-23,Sports,4,119.74,0.0,5
O002474,C03004,2024-11-26,Sports,5,218.84,0.0,3
O002475,C00112,2024-03-02,Home,4,100.15,0.0,5
O002476,C01673,2024-07-30,Home,1,8.31,12.14,4
O002477,C02303,2024-09-08,Clothing,1,18.31,7.6,2
O002478,C01651,2024-04-05,Home,4,142.24,0.0,4
O002479,C04396,2024-07-27,Home,6,192.19,0.0,5
O002480,C02475,2024-02-26,Clothing,4,148.18,0.0,6
O002481,C03996,2024-08-21,Home,1,9.21,11.38,7
O002482,C01891,2024-12-23,Beauty,1,50.76,10.8,3
O002483,C00307,2024-11-21,Electronics,2,117.79,0.0,4
O002484,C00121,2024-03-05,Home,2,47.12,10.08,4
O002485,C03102,2024-10-19,Beauty,1,26.06,6.75,2
O002486,C01278,2024-11-19,Clothing,3,114.52,0.0,5
O002487,C01428,2024-11-26,Clothing,3,102.9,0.0,4
O002488,C03103,2024-01-17,Beauty,2,121.64,0.0,3
O002489,C01186,2024-05-14,Clothing,3,81.02,0.0,5
O002490,C01456,2024-11-03,Clothing,2,52.13,7.51,2
O002491,C01180,2024-05-09,Electronics,4,73.15,12.21,2
O002492,C01347,2024-02-06,Home,1,62.47,5.75,5
O002493,C00629,2024-09-06,Clothing,4,139.33,0.0,4
O002494,C01215,2024-02-26,Clothing,1,28.61,10.23,5
O002495,C01962,2024-12-22,Beauty,1,66.11,10.75,5
O002496,C02996,2024-01-10,Beauty,2,54.22,9.66,4
O002497,C04613,2024-03-21,Sports,1,52.79,6.48,6
O002498,C04941,2024-03-30,Home,3,89.22,0.0,8
O002499,C01548,2024-04-29,Beauty,2,75.56,0.0,3
O002500,C04916,2024-04-11,Sports,3,83.22,0.0,3
O002501,C02859,2024-01-27,Beauty,2,17.41,10.94,5
O002502,C00762,2024-09-17,Home,1,31.95,5.57,5
O002503,C02367,2024-03-01,Clothing,1,28.52,9.64,5
O002504,C04207,2024-05-15,Clothing,4,116.61,0.0,4
O002505,C01842,2024-04-06,Beauty,1,44.46,12.77,5
O002506,C04903,2024-05-28,Clothing,1,20.59,6.04,4
O002507,C01497,2024-08-14,Electronics,1,38.61,7.26,5
O002508,C03920,2024-10-03,Clothing,2,80.1,0.0,2
O002509,C03089,2024-11-02,Sports,2,89.81,0.0,4
O002510,C01244,2024-11-30,Beauty,5,189.27,0.0,4
O002511,C04583,2024-08-15,Electronics,1,34.76,10.47,3
O002512,C04907,2024-11-10,Clothing,3,130.55,0.0,4
O002513,C02044,2024-09-05,Sports,2,100.8,0.0,4
O002514,C03377,2024-09-14,Sports,4,78.33,0.0,3
O002515,C00517,2024-11-09,Sports,5,136.62,0.0,5
O002516,C00835,2024-08-07,Clothing,5,255.59,0.0,3
O002517,C00624,2024-08-23,Home,1,44.29,10.23,1
O002518,C01048,2024-01-20,Clothing,1,21.81,10.82,3
O002519,C01565,2024-12-10,Home,2,103.64,0.0,5
O002520,C03983,2024-05-17,Beauty,5,223.33,0.0,4
O002521,C00497,2024-07-07,Clothing,3,103.43,0.0,4
O002522,C02430,2024-04-14,Electronics,1,40.37,6.43,5
O002523,C02264,2024-04-07,Electronics,4,201.79,0.0,1
O002524,C00543,2024-09-26,Beauty,3,150.14,0.0,3
O002525,C00916,2024-06-01,Beauty,4,170.78,0.0,6
O002526,C01802,2024-08-05,Sports,2,50.84,12.5,4
O002527,C03083,2024-01-21,Beauty,1,44.07,6.96,5
O002528,C00082,2024-09-28,Clothing,3,113.4,0.0,3
O002529,C01180,2024-07-20,Home,6,244.14,0.0,5
O002530,C00166,2024-06-08,Home,2,83.69,0.0,6
O002531,C02256,2024-03-04,Electronics,5,166.51,0.0,4
O002532,C02072,2024-03-24,Home,1,44.94,5.89,1
O002533,C00807,2024-03-13,Electronics,4,88.56,0.0,4
O002534,C02739,2024-02-29,Clothing,3,171.19,0.0,6
O002535,C00332,2024-12-19,Sports,2,32.33,12.04,2
O002536,C03591,2024-05-26,Electronics,5,250.76,0.0,2
O002537,C01535,2024-02-16,Clothing,2,47.3,9.2,5
O002538,C00181,2024-08-10,Clothing,2,74.99,9.31,3
O002539,C01317,2024-06-06,Home,4,60.55,6.08,1
O002540,C01107,2024-02-16,Sports,5,212.46,0.0,3
O002541,C01590,2024-10-15,Beauty,1,30.4,6.94,7
O002542,C02487,2024-07-28,Beauty,1,29.51,5.86,5
O002543,C02591,2024-01-21,Electronics,3,66.15,11.48,6
O002544,C02241,2024-12-16,Beauty,6,263.86,0.0,2
O002545,C00488,2024-11-14,Electronics,1,25.68,6.18,4
O002546,C00612,2024-08-18,Clothing,7,255.31,0.0,4
O002547,C03421,2024-10-24,Electronics,2,30.86,11.21,3
O002548,C03195,2024-04-14,Sports,3,121.5,0.0,3
O002549,C01398,2024-05-05,Clothing,3,67.57,10.23,5
O002550,C01457,2024-10-25,Clothing,5,178.68,0.0,7
O002551,C02194,2024-03-08,Sports,2,39.71,10.33,5
O002552,C03075,2024-01-26,Beauty,4,148.47,0.0,2
O002553,C01338,2024-06-09,Clothing,1,32.98,12.8,3
O002554,C04423,2024-04-17,Clothing,4,77.65,0.0,1
O002555,C02201,2024-10-15,Clothing,1,65.92,10.2,2
O002556,C04498,2024-10-31,Clothing,3,127.89,0.0,5
O002557,C02868,2024-03-24,Home,4,76.28,0.0,2
O002558,C04584,2024-02-10,Electronics,4,185.72,0.0,5
O002559,C03883,2024-07-18,Electronics,5,109.06,0.0,5
O002560,C02115,2024-02-05,Electronics,3,99.81,0.0,3
O002561,C02137,2024-12-16,Electronics,2,122.36,0.0,2
O002562,C00079,2024-08-21,Home,5,277.48,0.0,5
O002563,C00378,2024-08-29,Electronics,3,79.75,0.0,3
O002564,C00165,2024-12-04,Electronics,1,20.57,10.8,5
O002565,C04845,2024-01-20,Home,3,95.69,0.0,2
O002566,C01721,2024-12-08,Sports,2,61.98,9.55,4
O002567,C02985,2024-05-31,Clothing,1,39.46,5.47,8
O002568,C00155,2024-06-19,Sports,2,84.24,0.0,3
O002569,C01147,2024-08-03,Clothing,5,189.63,0.0,3
O002570,C01064,2024-12-21,Beauty,7,157.52,0.0,1
O002571,C02217,2024-11-24,Beauty,1,19.94,7.96,5
O002572,C02840,2024-08-19,Clothing,4,174.43,0.0,7
O002573,C01464,2024-01-16,Electronics,5,198.44,0.0,2
O002574,C03471,2024-10-09,Home,4,136.6,0.0,3
O002575,C01517,2024-10-27,Clothing,3,50.47,8.26,5
O002576,C03051,2024-06-13,Home,5,125.07,0.0,4
O002577,C04424,2024-09-25,Home,3,99.32,0.0,5
O002578,C01527,2024-06-27,Clothing,4,73.25,9.95,2
O002579,C03611,2024-09-14,Clothing,5,174.03,0.0,2
O002580,C02393,2024-03-16,Clothing,4,114.81,0.0,3
O002581,C00789,2024-04-14,Clothing,6,186.5,0.0,3
O002582,C02549,2024-12-18,Home,4,120.0,0.0,6
O002583,C04658,2024-03-27,Sports,2,44.64,12.9,4
O002584,C04609,2024-11-10,Beauty,1,6.47,7.75,5
O002585,C00516,2024-01-14,Beauty,5,153.13,0.0,3
O002586,C03063,2024-12-24,Electronics,3,125.76,0.0,5
O002587,C04763,2024-10-12,Home,1,35.65,8.35,6
O002588,C01568,2024-09-03,Clothing,5,184.73,0.0,6
O002589,C01449,2024-08-28,Beauty,3,142.43,0.0,6
O002590,C00967,2024-12-19,Home,8,284.79,0.0,3
O002591,C00364,2024-01-09,Beauty,2,32.72,11.7,3
O002592,C00108,2024-01-24,Electronics,3,80.17,0.0,1
O002593,C03095,2024-04-21,Sports,4,183.97,0.0,4
O002594,C00623,2024-10-23,Clothing,1,35.74,6.6,3
O002595,C04417,2024-08-04,Electronics,6,176.57,0.0,3
O002596,C00510,2024-08-15,Home,6,167.4,0.0,3
O002597,C01065,2024-02-01,Beauty,2,131.62,0.0,6
O002598,C03866,2024-10-03,Beauty,2,100.64,0.0,5
O002599,C00304,2024-06-18,Clothing,3,104.13,0.0,5
O002600,C00969,2024-08-18,Beauty,1,26.76,9.34,1
O002601,C01439,2024-03-10,Beauty,1,26.81,6.18,4
O002602,C03522,2024-04-20,Clothing,2,63.18,8.07,7
O002603,C03872,2024-03-29,Sports,2,86.62,0.0,4
O002604,C03501,2024-01-02,Clothing,4,144.28,0.0,3
O002605,C02200,2024-02-25,Electronics,4,96.65,0.0,1
O002606,C04355,2024-06-06,Beauty,3,120.91,0.0,3
O002607,C03902,2024-09-27,Sports,1,24.74,11.09,3
O002608,C02271,2024-09-30,Clothing,4,77.53,0.0,4
O002609,C00230,2024-02-01,Home,4,190.22,0.0,4
O002610,C02487,2024-09-26,Electronics,1,34.19,5.77,4
O002611,C00150,2024-07-08,Clothing,4,117.75,0.0,2
O002612,C00910,2024-07-28,Home,5,274.06,0.0,4
O002613,C03529,2024-11-03,Sports,1,49.73,9.98,5
O002614,C00978,2024-01-22,Clothing,3,32.86,9.69,5
O002615,C00635,2024-01-14,Home,3,86.91,0.0,3
O002616,C04718,2024-07-24,Electronics,4,189.13,0.0,5
O002617,C02191,2024-02-03,Electronics,3,167.01,0.0,4
O002618,C04150,2024-12-07,Electronics,1,55.79,11.02,4
O002619,C04940,2024-02-25,Home,3,129.93,0.0,4
O002620,C03475,2024-08-27,Home,3,85.57,0.0,3
O002621,C03781,2024-03-03,Clothing,2,100.05,0.0,4
O002622,C01866,2024-03-20,Home,3,91.84,0.0,5
O002623,C00299,2024-02-09,Beauty,2,50.37,5.51,4
O002624,C02740,2024-10-20,Home,5,179.15,0.0,7
O002625,C03726,2024-10-05,Electronics,1,60.29,9.23,3
O002626,C03392,2024-09-12,Electronics,2,42.98,8.62,4
O002627,C04541,2024-04-19,Home,4,167.45,0.0,4
O002628,C00098,2024-02-17,Sports,3,115.51,0.0,3
O002629,C03198,2024-08-19,Sports,2,82.56,0.0,4
O002630,C02106,2024-03-22,Clothing,4,106.91,0.0,2
O002631,C04273,2024-06-22,Clothing,3,116.33,0.0,3
O002632,C04815,2024-04-22,Electronics,2,67.44,9.43,1
O002633,C03523,2024-10-04,Home,4,124.1,0.0,5
O002634,C04419,2024-11-05,Beauty,5,176.73,0.0,4
O002635,C00846,2024-02-09,Beauty,2,86.08,0.0,4
O002636,C04186,2024-01-30,Sports,1,31.33,9.03,6
O002637,C04227,2024-09-11,Home,5,230.55,0.0,2
O002638,C03882,2024-08-27,Electronics,4,130.24,0.0,3
O002639,C01053,2024-07-01,Electronics,1,67.43,9.14,2
O002640,C03849,2024-07-02,Home,2,31.83,10.88,7
O002641,C03616,2024-02-11,Beauty,5,113.54,0.0,4
O002642,C03158,2024-05-06,Home,3,127.79,0.0,2
O002643,C02106,2024-03-22,Beauty,4,52.24,5.64,5
O002644,C00994,2024-08-20,Sports,2,68.12,10.24,4
O002645,C03097,2024-11-04,Home,2,69.95,11.55,7
O002646,C00190,2024-07-10,Home,3,100.29,0.0,5
O002647,C02124,2024-01-01,Beauty,2,45.81,12.6,2
O002648,C02419,2024-12-27,Clothing,3,111.75,0.0,6
O002649,C04995,2024-07-25,Clothing,4,124.74,0.0,4
O002650,C02899,2024-07-15,Clothing,3,135.74,0.0,5
O002651,C04602,2024-10-09,Home,1,24.83,11.35,3
O002652,C01967,2024-01-17,Electronics,4,187.3,0.0,4
O002653,C04279,2024-11-14,Sports,10,349.05,0.0,4
O002654,C04250,2024-06-17,Clothing,1,33.57,11.47,7
O002655,C03412,2024-07-04,Clothing,1,51.78,9.68,5
O002656,C03947,2024-05-01,Sports,5,187.7,0.0,4
O002657,C01047,2024-08-11,Sports,2,93.81,0.0,3
O002658,C02574,2024-05-06,Beauty,3,83.15,0.0,7
O002659,C00606,2024-06-14,Sports,3,72.12,10.23,3
O002660,C01367,2024-05-01,Home,5,193.65,0.0,5
O002661,C02927,2024-11-17,Clothing,3,123.25,0.0,4
O002662,C01959,2024-08-07,Electronics,3,72.1,9.22,5
O002663,C01065,2024-10-05,Beauty,4,120.5,0.0,5
O002664,C00518,2024-05-27,Clothing,4,63.48,6.77,5
O002665,C02455,2024-10-18,Home,5,141.27,0.0,4
O002666,C04234,2024-09-03,Electronics,7,287.1,0.0,5
O002667,C03808,2024-07-06,Clothing,1,40.92,6.3,5
O002668,C02590,2024-01-11,Home,3,78.79,0.0,4
O002669,C02273,2024-10-10,Beauty,3,120.92,0.0,4
O002670,C02309,2024-02-14,Clothing,5,277.79,0.0,5
O002671,C01103,2024-05-03,Sports,3,167.72,0.0,4
O002672,C04793,2024-09-03,Beauty,3,69.74,12.73,4
O002673,C00811,2024-12-02,Clothing,4,70.28,7.31,5
O002674,C03764,2024-06-07,Home,5,166.27,0.0,4
O002675,C04569,2024-09-23,Home,2,33.41,7.87,1
O002676,C00077,2024-10-18,Clothing,3,76.56,0.0,4
O002677,C02310,2024-03-18,Clothing,2,19.61,9.88,4
O002678,C01026,2024-10-17,Beauty,5,200.72,0.0,6
O002679,C02065,2024-05-30,Clothing,3,57.31,6.69,6
O002680,C04440,2024-10-11,Beauty,5,172.63,0.0,4
O002681,C02742,2024-05-30,Clothing,4,138.61,0.0,5
O002682,C04942,2024-05-03,Home,4,114.78,0.0,5
O002683,C04000,2024-08-15,Clothing,4,63.43,9.53,2
O002684,C03229,2024-09-28,Electronics,1,20.88,9.72,5
O002685,C04270,2024-12-24,Home,4,71.55,8.3,4
O002686,C03559,2024-12-05,Electronics,8,165.7,0.0,3
O002687,C00846,2024-08-04,Beauty,4,104.13,0.0,4
O002688,C00693,2024-05-26,Beauty,4,148.3,0.0,6
O002689,C04049,2024-08-05,Beauty,4,77.02,0.0,5
O002690,C01333,2024-04-05,Home,5,237.85,0.0,4
O002691,C03038,2024-02-19,Electronics,3,157.19,0.0,2
O002692,C04333,2024-02-12,Clothing,2,95.93,0.0,3
O002693,C01275,2024-01-19,Beauty,4,84.59,0.0,3
O002694,C01245,2024-04-22,Beauty,2,53.46,12.15,5
O002695,C00338,2024-07-31,Electronics,4,123.36,0.0,6
O002696,C03295,2024-01-18,Clothing,2,76.66,0.0,5
O002697,C00337,2024-05-13,Home,4,89.22,0.0,2
O002698,C01868,2024-10-17,Sports,4,191.85,0.0,6
O002699,C04006,2024-01-14,Electronics,4,176.71,0.0,3
O002700,C00495,2024-03-04,Sports,1,19.22,6.63,7
O002701,C04643,2024-06-11,Sports,6,220.5,0.0,7
O002702,C03887,2024-09-14,Clothing,3,111.67,0.0,4
O002703,C00161,2024-01-06,Electronics,1,5.0,9.58,2
O002704,C02037,2024-12-20,Home,2,58.2,6.75,5
O002705,C01742,2024-04-30,Beauty,1,60.74,9.57,5
O002706,C01508,2024-06-01,Home,3,17.62,6.97,3
O002707,C03561,2024-11-24,Clothing,3,77.47,0.0,4
O002708,C01376,2024-06-26,Clothing,3,73.89,12.08,6
O002709,C01554,2024-03-03,Beauty,1,51.74,6.3,4
O002710,C02282,2024-09-14,Clothing,4,127.7,0.0,6
O002711,C01869,2024-03-05,Sports,3,123.48,0.0,4
O002712,C01602,2024-12-22,Home,5,141.48,0.0,5
O002713,C03828,2024-07-05,Home,1,26.95,5.38,3
O002714,C03481,2024-08-14,Electronics,1,31.26,10.55,6
O002715,C01300,2024-07-17,Sports,4,60.05,10.15,8
O002716,C00711,2024-10-20,Clothing,3,73.02,11.23,4
O002717,C04168,2024-09-07,Home,3,105.46,0.0,3
O002718,C02047,2024-11-13,Clothing,3,131.34,0.0,4
O002719,C02882,2024-07-11,Electronics,5,51.74,7.03,5
O002720,C01818,2024-04-28,Clothing,5,127.2,0.0,3
O002721,C02199,2024-06-27,Sports,4,125.39,0.0,4
O002722,C03333,2024-02-21,Clothing,4,55.85,8.97,1
O002723,C01104,2024-04-19,Electronics,3,121.6,0.0,6
O002724,C03178,2024-08-11,Electronics,1,46.9,5.31,5
O002725,C03595,2024-11-25,Clothing,4,152.99,0.0,1
O002726,C03475,2024-04-07,Electronics,3,88.53,0.0,6
O002727,C04816,2024-11-14,Clothing,1,21.63,11.56,3
O002728,C02178,2024-02-17,Clothing,5,162.31,0.0,6
O002729,C01195,2024-04-10,Electronics,2,81.09,0.0,5
O002730,C04502,2024-08-27,Clothing,5,262.06,0.0,2
O002731,C00536,2024-03-14,Home,3,147.03,0.0,3
O002732,C01070,2024-02-07,Beauty,5,85.08,0.0,6
O002733,C04370,2024-08-03,Electronics,3,92.71,0.0,5
O002734,C00133,2024-05-15,Clothing,2,82.09,0.0,3
O002735,C00264,2024-01-06,Electronics,1,6.52,6.2,4
O002736,C04463,2024-09-03,Home,4,112.19,0.0,3
O002737,C02053,2024-11-19,Electronics,3,143.85,0.0,3
O002738,C04947,2024-07-15,Clothing,1,7.79,10.89,4
O002739,C04090,2024-04-20,Home,5,116.57,0.0,5
O002740,C02848,2024-10-14,Clothing,4,167.4,0.0,1
O002741,C00358,2024-02-07,Electronics,3,107.99,0.0,4
O002742,C04421,2024-04-24,Clothing,3,142.55,0.0,4
O002743,C00751,2024-07-03,Electronics,2,27.22,7.3,5
O002744,C03251,2024-07-30,Home,3,116.69,0.0,3
O002745,C04352,2024-12-30,Beauty,5,76.12,0.0,4
O002746,C02259,2024-09-11,Electronics,1,18.02,10.12,3
O002747,C00911,2024-11-15,Beauty,4,192.09,0.0,5
O002748,C03811,2024-11-05,Clothing,4,162.84,0.0,4
O002749,C00584,2024-04-22,Electronics,2,109.57,0.0,6
O002750,C03439,2024-09-26,Clothing,3,64.55,8.85,4
O002751,C00577,2024-11-15,Clothing,3,142.48,0.0,3
O002752,C02577,2024-06-23,Clothing,4,180.48,0.0,1
O002753,C01872,2024-11-05,Clothing,1,35.96,12.29,5
O002754,C01153,2024-01-19,Home,1,49.96,9.17,2
O002755,C04991,2024-07-21,Electronics,1,15.0,10.22,5
O002756,C01784,2024-05-05,Clothing,3,153.56,0.0,4
O002757,C01094,2024-09-10,Sports,1,19.74,11.29,2
O002758,C02100,2024-11-11,Electronics,5,130.0,0.0,4
O002759,C04533,2024-09-11,Beauty,7,271.14,0.0,2
O002760,C02142,2024-10-14,Clothing,5,189.77,0.0,3
O002761,C02134,2024-10-18,Home,5,170.93,0.0,4
O002762,C00518,2024-05-31,Electronics,2,52.35,10.85,3
O002763,C00742,2024-07-17,Clothing,5,115.64,0.0,3
O002764,C02478,2024-07-17,Beauty,1,26.83,9.72,3
O002765,C04959,2024-10-28,Beauty,2,5.08,7.73,2
O002766,C02877,2024-06-23,Clothing,3,124.02,0.0,3
O002767,C00043,2024-09-26,Sports,1,54.34,9.12,4
O002768,C03442,2024-06-28,Clothing,1,47.96,11.99,4
O002769,C00404,2024-08-05,Electronics,3,114.46,0.0,7
O002770,C01327,2024-04-27,Sports,5,157.94,0.0,3
O002771,C02217,2024-11-01,Home,2,53.99,6.79,3
O002772,C02150,2024-11-16,Home,5,213.14,0.0,3
O002773,C02394,2024-11-28,Clothing,3,100.03,0.0,5
O002774,C02651,2024-11-15,Clothing,2,111.97,0.0,3
O002775,C04538,2024-01-23,Electronics,3,110.56,0.0,4
O002776,C04346,2024-05-04,Home,7,232.12,0.0,6
O002777,C00878,2024-03-24,Electronics,4,137.23,0.0,5
O002778,C01887,2024-07-17,Home,5,236.86,0.0,6
O002779,C01304,2024-11-21,Beauty,2,90.55,0.0,3
O002780,C01741,2024-07-05,Clothing,3,147.72,0.0,4
O002781,C01113,2024-11-24,Beauty,2,81.68,0.0,5
O002782,C03877,2024-04-01,Home,5,151.4,0.0,7
O002783,C01899,2024-11-25,Home,3,77.05,0.0,7
O002784,C00248,2024-06-30,Electronics,3,122.01,0.0,4
O002785,C03261,2024-08-14,Home,3,85.26,0.0,1
O002786,C00568,2024-07-17,Clothing,1,29.46,9.07,5
O002787,C03810,2024-08-22,Clothing,4,114.35,0.0,5
O002788,C01189,2024-02-13,Electronics,7,354.69,0.0,5
O002789,C02596,2024-03-16,Electronics,2,40.28,7.19,5
O002790,C01354,2024-05-20,Clothing,3,124.07,0.0,8
O002791,C03613,2024-06-30,Home,1,41.8,9.3,6
O002792,C00981,2024-04-28,Home,5,194.86,0.0,6
O002793,C04966,2024-02-09,Home,3,66.35,5.04,3
O002794,C00169,2024-09-16,Electronics,3,41.73,11.07,3
O002795,C03165,2024-08-31,Home,5,164.04,0.0,3
O002796,C02672,2024-05-08,Sports,2,68.48,10.92,2
O002797,C00379,2024-01-06,Sports,3,120.92,0.0,3
O002798,C01933,2024-11-06,Clothing,2,83.81,0.0,4
O002799,C00194,2024-03-06,Beauty,5,118.75,0.0,2
O002800,C00264,2024-08-06,Clothing,1,39.7,5.17,2
O002801,C01472,2024-05-25,Electronics,4,116.87,0.0,5
O002802,C02016,2024-08-21,Beauty,2,80.06,0.0,4
O002803,C04617,2024-01-29,Clothing,1,51.36,9.68,5
O002804,C01301,2024-11-04,Electronics,1,42.7,10.92,4
O002805,C03201,2024-06-09,Clothing,1,42.98,12.31,6
O002806,C03374,2024-05-10,Clothing,5,181.67,0.0,3
O002807,C00574,2024-05-27,Clothing,2,78.54,0.0,6
O002808,C01538,2024-03-22,Sports,7,230.81,0.0,5
O002809,C01384,2024-12-26,Clothing,1,21.07,7.02,2
O002810,C01381,2024-12-07,Beauty,1,27.61,5.65,6
O002811,C03538,2024-03-23,Sports,2,44.79,6.82,5
O002812,C03160,2024-03-13,Clothing,3,104.02,0.0,4
O002813,C01524,2024-12-20,Clothing,5,108.74,0.0,6
O002814,C04992,2024-08-01,Electronics,1,7.93,9.68,6
O002815,C04613,2024-01-26,Beauty,4,204.53,0.0,4
O002816,C03933,2024-10-16,Clothing,2,79.56,0.0,2
O002817,C03623,2024-03-11,Beauty,2,85.99,0.0,5
O002818,C00896,2024-12-15,Electronics,8,261.7,0.0,3
O002819,C03394,2024-06-25,Home,1,18.98,8.5,5
O002820,C00465,2024-03-29,Clothing,4,92.82,0.0,5
O002821,C01611,2024-06-25,Clothing,1,10.68,7.6,4
O002822,C00613,2024-01-27,Home,5,94.24,0.0,4
O002823,C03213,2024-10-15,Beauty,3,142.06,0.0,5
O002824,C00605,2024-11-23,Sports,2,85.94,0.0,6
O002825,C00621,2024-10-31,Sports,2,111.92,0.0,6
O002826,C02603,2024-03-03,Beauty,1,27.36,11.27,3
O002827,C02184,2024-01-19,Home,1,45.59,7.34,5
O002828,C03801,2024-10-04,Clothing,1,27.8,6.27,5
O002829,C00156,2024-12-11,Electronics,2,22.24,9.73,2
O002830,C03354,2024-03-07,Home,1,18.75,7.97,5
O002831,C03912,2024-08-25,Sports,2,53.6,7.11,4
O002832,C02918,2024-05-16,Beauty,2,95.1,0.0,3
O002833,C03118,2024-06-11,Sports,1,42.71,12.73,3
O002834,C02716,2024-11-22,Clothing,5,205.28,0.0,1
O002835,C04340,2024-11-30,Clothing,1,52.57,11.2,3
O002836,C00450,2024-10-19,Home,2,84.96,0.0,1
O002837,C04850,2024-01-28,Beauty,3,121.58,0.0,3
O002838,C04502,2024-09-12,Beauty,4,140.9,0.0,1
O002839,C03962,2024-10-17,Clothing,2,40.12,10.73,5
O002840,C01070,2024-04-21,Home,5,207.63,0.0,5
O002841,C04018,2024-08-27,Clothing,2,99.53,0.0,6
O002842,C04845,2024-08-30,Home,3,87.33,0.0,3
O002843,C03592,2024-06-01,Electronics,1,21.92,11.19,4
O002844,C02820,2024-09-21,Beauty,1,74.36,8.75,3
O002845,C02286,2024-02-21,Beauty,1,64.07,11.88,4
O002846,C02036,2024-09-21,Home,2,13.97,7.85,5
O002847,C01191,2024-02-23,Clothing,2,75.92,0.0,5
O002848,C01400,2024-05-12,Electronics,5,182.38,0.0,4
O002849,C03741,2024-07-09,Electronics,4,135.85,0.0,3
O002850,C02249,2024-05-03,Home,2,67.03,10.99,6
O002851,C02794,2024-08-05,Home,5,102.66,0.0,5
O002852,C00724,2024-12-30,Electronics,3,125.21,0.0,5
O002853,C01442,2024-11-17,Clothing,6,252.47,0.0,5
O002854,C04821,2024-10-27,Clothing,1,52.2,12.22,5
O002855,C00087,2024-03-11,Clothing,3,101.08,0.0,5
O002856,C04150,2024-08-01,Electronics,1,22.49,10.86,4
O002857,C01752,2024-12-27,Home,3,107.49,0.0,3
O002858,C03421,2024-02-02,Sports,3,114.21,0.0,3
O002859,C04838,2024-12-01,Electronics,4,204.71,0.0,6
O002860,C02484,2024-06-19,Home,2,73.74,8.66,3
O002861,C03213,2024-12-09,Beauty,3,65.75,12.01,4
O002862,C03923,2024-12-15,Clothing,4,216.39,0.0,4
O002863,C02490,2024-10-27,Sports,2,68.36,11.47,1
O002864,C01487,2024-10-17,Electronics,2,79.51,0.0,3
O002865,C03528,2024-08-24,Clothing,4,121.09,0.0,4
O002866,C00073,2024-12-02,Clothing,3,32.2,9.1,3
O002867,C00725,2024-04-11,Clothing,3,120.26,0.0,4
O002868,C03755,2024-01-10,Sports,4,123.35,0.0,2
O002869,C02996,2024-02-10,Electronics,1,40.98,10.64,2
O002870,C04366,2024-05-05,Electronics,3,100.35,0.0,2
O002871,C00219,2024-09-29,Clothing,4,83.44,0.0,1
O002872,C00547,2024-11-22,Electronics,2,77.08,0.0,4
O002873,C03730,2024-01-11,Home,1,50.24,12.11,5
O002874,C01969,2024-11-14,Electronics,4,152.09,0.0,3
O002875,C04517,2024-07-13,Clothing,3,86.04,0.0,4
O002876,C01260,2024-01-20,Home,4,172.65,0.0,2
O002877,C02934,2024-09-29,Clothing,1,25.45,8.69,4
O002878,C02510,2024-08-22,Clothing,5,153.56,0.0,6
O002879,C04009,2024-08-14,Beauty,3,91.44,0.0,4
O002880,C04073,2024-08-14,Clothing,3,89.34,0.0,5
O002881,C04681,2024-12-19,Clothing,3,79.98,0.0,3
O002882,C01563,2024-12-06,Beauty,3,163.72,0.0,3
O002883,C02086,2024-09-28,Beauty,4,103.98,0.0,3
O002884,C01790,2024-10-05,Clothing,2,62.42,7.39,5
O002885,C03670,2024-05-03,Electronics,2,131.27,0.0,3
O002886,C02482,2024-07-13,Home,4,138.37,0.0,5
O002887,C03431,2024-03-11,Clothing,2,32.42,9.7,3
O002888,C00205,2024-08-19,Sports,3,143.63,0.0,7
O002889,C00742,2024-06-21,Clothing,4,117.09,0.0,5
O002890,C02889,2024-07-21,Beauty,3,63.77,11.59,6
O002891,C03495,2024-02-02,Sports,4,156.54,0.0,3
O002892,C04264,2024-07-29,Home,1,31.53,9.25,5
O002893,C04738,2024-10-27,Clothing,3,89.94,0.0,4
O002894,C01106,2024-06-30,Clothing,6,218.07,0.0,4
O002895,C01824,2024-08-28,Beauty,3,102.57,0.0,5
O002896,C02648,2024-02-20,Home,2,78.13,0.0,4
O002897,C04198,2024-12-08,Home,2,79.04,0.0,5
O002898,C00089,2024-01-29,Electronics,2,70.3,6.65,4
O002899,C03382,2024-01-06,Beauty,2,47.45,8.37,1
O002900,C04704,2024-05-12,Beauty,3,82.7,0.0,5
O002901,C03512,2024-04-05,Clothing,1,23.4,5.82,3
O002902,C02207,2024-12-11,Home,1,51.18,7.67,4
O002903,C03186,2024-03-22,Clothing,4,134.59,0.0,3
O002904,C04382,2024-10-03,Electronics,2,91.07,0.0,4
O002905,C00865,2024-11-10,Beauty,4,132.28,0.0,4
O002906,C00055,2024-08-04,Home,5,160.41,0.0,3
O002907,C04672,2024-10-06,Beauty,6,291.82,0.0,5
O002908,C02081,2024-05-10,Clothing,2,52.45,12.46,4
O002909,C00558,2024-03-26,Sports,1,40.82,7.19,4
O002910,C04827,2024-11-23,Beauty,3,87.39,0.0,7
O002911,C00993,2024-11-08,Clothing,3,45.51,12.01,7
O002912,C04897,2024-04-02,Home,2,106.55,0.0,5
O002913,C04292,2024-03-11,Beauty,5,259.16,0.0,5
O002914,C00448,2024-11-21,Clothing,3,73.46,10.34,7
O002915,C01822,2024-11-21,Electronics,1,42.75,6.22,5
O002916,C03820,2024-11-27,Beauty,2,66.48,9.81,5
O002917,C02973,2024-07-09,Home,1,32.62,10.57,2
O002918,C00092,2024-08-01,Sports,6,175.72,0.0,4
O002919,C00608,2024-02-16,Electronics,3,102.22,0.0,4
O002920,C01252,2024-08-05,Sports,5,139.74,0.0,2
O002921,C00286,2024-03-29,Clothing,5,262.38,0.0,7
O002922,C02922,2024-10-01,Home,6,193.27,0.0,3
O002923,C03307,2024-08-14,Electronics,5,231.55,0.0,2
O002924,C00102,2024-08-04,Electronics,1,6.05,12.19,7
O002925,C03836,2024-08-27,Sports,1,51.41,9.49,3
O002926,C04236,2024-10-27,Clothing,2,56.14,12.7,3
O002927,C04931,2024-12-06,Electronics,4,207.96,0.0,4
O002928,C01679,2024-06-18,Beauty,3,78.56,0.0,4
O002929,C03824,2024-12-30,Clothing,5,190.28,0.0,4
O002930,C00535,2024-08-19,Sports,2,50.79,6.75,5
O002931,C00016,2024-04-17,Clothing,1,23.77,8.52,3
O002932,C00561,2024-11-23,Electronics,4,175.89,0.0,3
O002933,C02926,2024-08-20,Clothing,1,18.47,12.07,7
O002934,C02384,2024-06-18,Home,3,88.06,0.0,4
O002935,C00910,2024-05-14,Clothing,3,43.2,11.5,3
O002936,C01414,2024-05-10,Sports,2,61.9,11.55,5
O002937,C00119,2024-02-06,Sports,4,154.44,0.0,3
O002938,C04063,2024-09-15,Beauty,6,139.3,0.0,2
O002939,C03114,2024-05-03,Electronics,2,84.76,0.0,4
O002940,C03061,2024-09-19,Sports,4,198.75,0.0,2
O002941,C01492,2024-12-18,Clothing,2,18.89,12.8,4
O002942,C02097,2024-08-04,Electronics,5,95.21,0.0,4
O002943,C02255,2024-06-18,Sports,1,5.0,6.14,3
O002944,C00514,2024-04-07,Electronics,2,70.29,6.16,4
O002945,C01234,2024-12-23,Electronics,4,103.12,0.0,4
O002946,C04133,2024-07-04,Beauty,3,117.06,0.0,3
O002947,C01480,2024-07-31,Electronics,1,11.61,5.65,2
O002948,C03350,2024-12-23,Clothing,3,143.78,0.0,2
O002949,C01541,2024-11-07,Beauty,2,56.89,10.71,6
O002950,C00130,2024-08-19,Clothing,4,144.4,0.0,2
O002951,C03717,2024-06-15,Home,1,18.2,8.65,4
O002952,C03744,2024-11-01,Sports,3,115.83,0.0,4
O002953,C01772,2024-06-09,Sports,4,151.49,0.0,4
O002954,C04455,2024-10-10,Clothing,1,40.59,5.63,5
O002955,C03076,2024-07-02,Beauty,1,13.36,9.25,3
O002956,C00506,2024-01-25,Home,6,113.69,0.0,3
O002957,C04914,2024-05-21,Sports,3,90.96,0.0,2
O002958,C04890,2024-07-01,Sports,2,102.54,0.0,4
O002959,C00839,2024-03-24,Home,6,194.26,0.0,4
O002960,C03872,2024-08-18,Clothing,2,61.0,8.89,4
O002961,C04719,2024-08-10,Electronics,1,46.13,8.96,6
O002962,C02677,2024-06-06,Clothing,1,49.01,11.96,3
O002963,C00097,2024-11-13,Home,3,126.12,0.0,4
O002964,C01964,2024-07-03,Clothing,3,109.84,0.0,5
O002965,C02867,2024-07-01,Electronics,2,123.07,0.0,7
O002966,C04027,2024-03-25,Home,4,92.69,0.0,3
O002967,C00599,2024-03-05,Clothing,4,61.21,9.65,5
O002968,C02982,2024-02-21,Clothing,2,67.57,12.48,2
O002969,C03964,2024-01-03,Clothing,4,130.31,0.0,2
O002970,C00429,2024-03-17,Home,3,123.75,0.0,7
O002971,C03782,2024-05-14,Electronics,3,112.49,0.0,5
O002972,C01325,2024-11-21,Clothing,3,83.93,0.0,3
O002973,C02591,2024-03-10,Electronics,2,85.76,0.0,6
O002974,C02415,2024-06-10,Beauty,1,32.72,12.09,5
O002975,C01768,2024-04-05,Sports,1,41.69,10.59,4
O002976,C01517,2024-01-16,Clothing,4,135.47,0.0,3
O002977,C01340,2024-08-17,Sports,4,127.28,0.0,3
O002978,C04095,2024-09-23,Sports,4,206.13,0.0,4
O002979,C04660,2024-11-01,Beauty,2,130.65,0.0,6
O002980,C03404,2024-12-08,Electronics,4,193.02,0.0,6
O002981,C02547,2024-01-06,Beauty,2,52.4,8.46,2
O002982,C00977,2024-04-19,Clothing,4,142.26,0.0,4
O002983,C01615,2024-05-22,Beauty,3,115.97,0.0,6
O002984,C01585,2024-06-03,Clothing,3,65.52,11.88,2
O002985,C04062,2024-07-25,Sports,3,111.95,0.0,5
O002986,C04652,2024-06-14,Electronics,3,89.41,0.0,4
O002987,C01271,2024-09-16,Sports,2,79.2,0.0,4
O002988,C00219,2024-06-21,Clothing,3,99.54,0.0,7
O002989,C00534,2024-04-30,Electronics,4,180.34,0.0,4
O002990,C01496,2024-05-19,Home,2,72.76,10.52,4
O002991,C01374,2024-06-16,Home,4,141.39,0.0,7
O002992,C04140,2024-03-24,Sports,3,99.76,0.0,6
O002993,C03824,2024-07-12,Beauty,1,43.42,12.01,5
O002994,C03950,2024-10-02,Home,1,11.03,9.82,1
O002995,C00065,2024-09-24,Clothing,5,149.7,0.0,5
O002996,C04342,2024-02-07,Sports,1,36.0,11.16,3
O002997,C03143,2024-10-29,Clothing,3,100.05,0.0,5
O002998,C01725,2024-12-03,Beauty,3,161.94,0.0,3
O002999,C02206,2024-08-29,Clothing,1,27.47,5.69,2
O003000,C02986,2024-11-25,Clothing,1,23.68,11.94,4
O003001,C03914,2024-07-17,Electronics,2,45.95,10.13,5
O003002,C01049,2024-10-24,Electronics,1,51.49,8.78,3
O003003,C03655,2024-01-05,Clothing,1,47.65,10.14,5
O003004,C02873,2024-12-20,Electronics,1,36.74,6.28,5
O003005,C04256,2024-04-12,Electronics,1,38.26,5.2,2
O003006,C01005,2024-05-17,Beauty,3,77.46,0.0,3
O003007,C02123,2024-10-19,Home,1,47.48,12.22,3
O003008,C04575,2024-03-06,Home,4,80.89,0.0,3
O003009,C03982,2024-03-07,Clothing,6,179.79,0.0,4
O003010,C04483,2024-09-26,Electronics,3,92.69,0.0,3
O003011,C00472,2024-02-16,Clothing,3,75.1,0.0,7
O003012,C03406,2024-12-30,Clothing,3,90.2,0.0,5
O003013,C00309,2024-06-28,Home,3,104.77,0.0,3
O003014,C02935,2024-03-08,Home,4,90.95,0.0,3
O003015,C04797,2024-04-24,Clothing,5,195.45,0.0,4
O003016,C03048,2024-01-26,Electronics,6,302.53,0.0,3
O003017,C01922,2024-02-16,Electronics,8,334.1,0.0,1
O003018,C03000,2024-07-25,Beauty,6,202.41,0.0,3
O003019,C02018,2024-03-13,Clothing,3,47.36,11.81,6
O003020,C04882,2024-09-15,Beauty,2,69.1,8.4,8
O003021,C01479,2024-01-30,Beauty,4,101.43,0.0,5
O003022,C02353,2024-01-03,Clothing,2,93.14,0.0,5
O003023,C04198,2024-01-09,Sports,2,79.19,0.0,3
O003024,C04871,2024-01-08,Electronics,3,98.49,0.0,5
O003025,C03460,2024-01-09,Clothing,2,61.43,6.38,5
O003026,C03755,2024-05-31,Home,3,45.72,8.0,4
O003027,C01232,2024-05-21,Beauty,6,200.49,0.0,7
O003028,C03121,2024-12-01,Electronics,2,101.75,0.0,5
O003029,C00572,2024-09-30,Home,3,132.99,0.0,4
O003030,C03590,2024-01-27,Beauty,3,68.37,12.06,4
O003031,C00148,2024-12-13,Beauty,1,54.75,11.07,5
O003032,C03444,2024-03-11,Electronics,1,55.01,5.11,2
O003033,C00597,2024-08-06,Home,4,148.34,0.0,3
O003034,C01071,2024-10-16,Clothing,1,19.02,12.73,2
O003035,C03746,2024-09-12,Beauty,3,120.41,0.0,1
O003036,C04251,2024-04-12,Electronics,3,94.72,0.0,4
O003037,C04326,2024-05-26,Sports,4,173.38,0.0,6
O003038,C03372,2024-06-06,Clothing,3,99.23,0.0,5
O003039,C00158,2024-12-13,Home,2,92.23,0.0,7
O003040,C00923,2024-05-19,Home,2,59.72,6.71,7
O003041,C03319,2024-05-22,Beauty,6,70.34,12.54,5
O003042,C02347,2024-04-18,Clothing,4,55.95,9.8,4
O003043,C04051,2024-12-24,Clothing,2,57.13,5.06,6
O003044,C01247,2024-11-15,Sports,5,319.66,0.0,4
O003045,C00766,2024-03-04,Sports,1,45.92,9.43,3
O003046,C03652,2024-09-27,Sports,3,101.25,0.0,2
O003047,C02613,2024-07-04,Clothing,1,35.19,9.18,5
O003048,C04563,2024-12-21,Clothing,3,97.08,0.0,5
O003049,C03829,2024-11-18,Electronics,2,80.6,0.0,5
O003050,C04582,2024-01-01,Beauty,6,267.14,0.0,4
O003051,C00444,2024-01-07,Home,2,80.28,0.0,4
O003052,C00905,2024-01-01,Clothing,1,67.73,7.19,2
O003053,C02911,2024-09-17,Sports,2,71.92,5.38,6
O003054,C03210,2024-02-16,Electronics,2,93.24,0.0,4
O003055,C01802,2024-12-21,Clothing,5,267.44,0.0,4
O003056,C00926,2024-09-22,Clothing,1,28.78,6.79,3
O003057,C03722,2024-01-02,Beauty,2,131.47,0.0,3
O003058,C04388,2024-01-23,Beauty,2,74.29,12.89,5
O003059,C00752,2024-12-24,Clothing,4,142.5,0.0,5
O003060,C01235,2024-10-29,Electronics,3,112.66,0.0,6
O003061,C02923,2024-03-24,Beauty,4,101.47,0.0,3
O003062,C00663,2024-07-22,Beauty,1,10.36,10.24,2
O003063,C03196,2024-08-14,Sports,3,97.77,0.0,8
O003064,C01585,2024-09-08,Electronics,2,53.66,10.45,6
O003065,C00920,2024-10-31,Electronics,3,99.74,0.0,4
O003066,C04220,2024-05-30,Home,2,65.07,5.17,4
O003067,C00068,2024-09-03,Clothing,1,22.96,12.2,3
O003068,C04571,2024-11-01,Electronics,6,196.76,0.0,2
O003069,C04454,2024-01-17,Electronics,3,117.45,0.0,6
O003070,C01767,2024-10-30,Clothing,2,77.95,0.0,6
O003071,C01954,2024-01-02,Clothing,3,54.17,7.65,2
O003072,C02569,2024-07-15,Sports,5,184.66,0.0,4
O003073,C03709,2024-12-06,Clothing,5,175.82,0.0,4
O003074,C04929,2024-09-25,Beauty,4,62.74,6.68,1
O003075,C02672,2024-03-01,Electronics,1,23.98,9.04,4
O003076,C03400,2024-09-23,Electronics,3,93.83,0.0,5
O003077,C01354,2024-04-06,Electronics,1,28.31,5.12,2
O003078,C00443,2024-10-09,Beauty,5,155.75,0.0,3
O003079,C00601,2024-09-03,Electronics,1,36.54,8.67,3
O003080,C03167,2024-02-04,Sports,4,154.26,0.0,5
O003081,C03943,2024-09-30,Clothing,2,44.45,12.63,4
O003082,C02810,2024-03-08,Clothing,2,73.61,12.53,5
O003083,C03389,2024-07-07,Beauty,3,115.88,0.0,3
O003084,C04583,2024-02-10,Sports,4,175.29,0.0,6
O003085,C02787,2024-04-05,Clothing,4,125.44,0.0,3
O003086,C02696,2024-06-19,Home,3,183.64,0.0,3
O003087,C03649,2024-03-07,Home,3,99.01,0.0,2
O003088,C02053,2024-11-03,Clothing,5,254.4,0.0,5
O003089,C00632,2024-04-28,Home,4,144.39,0.0,3
O003090,C03443,2024-12-06,Sports,7,276.06,0.0,4
O003091,C01755,2024-06-19,Clothing,4,144.77,0.0,3
O003092,C03034,2024-07-04,Clothing,6,231.96,0.0,4
O003093,C01579,2024-03-10,Sports,8,334.74,0.0,2
O003094,C00026,2024-09-01,Beauty,3,101.53,0.0,4
O003095,C02210,2024-06-07,Home,3,43.21,12.31,5
O003096,C02903,2024-10-10,Electronics,3,115.56,0.0,4
O003097,C01130,2024-04-16,Beauty,6,181.77,0.0,6
O003098,C04997,2024-02-05,Sports,2,61.36,8.98,3
O003099,C04105,2024-12-13,Clothing,3,102.11,0.0,3
O003100,C04146,2024-07-13,Home,2,45.48,12.83,3
O003101,C00442,2024-09-24,Electronics,4,167.92,0.0,3
O003102,C03896,2024-03-16,Sports,3,21.35,9.6,3
O003103,C04798,2024-10-06,Electronics,1,40.39,10.8,5
O003104,C04850,2024-11-16,Clothing,2,104.8,0.0,3
O003105,C01829,2024-12-13,Home,2,62.48,5.33,6
O003106,C01536,2024-03-20,Electronics,5,233.0,0.0,5
O003107,C04326,2024-04-07,Sports,3,82.11,0.0,1
O003108,C00560,2024-10-08,Beauty,5,170.34,0.0,3
O003109,C01174,2024-04-27,Electronics,1,27.04,9.89,5
O003110,C01879,2024-08-10,Electronics,1,22.29,9.71,5
O003111,C02256,2024-09-08,Home,2,66.13,7.88,6
O003112,C01085,2024-03-20,Sports,2,63.54,7.29,4
O003113,C03915,2024-11-09,Clothing,2,57.92,10.82,3
O003114,C00239,2024-06-18,Sports,4,159.56,0.0,7
O003115,C02915,2024-06-05,Clothing,4,145.25,0.0,4
O003116,C02096,2024-11-29,Beauty,2,98.35,0.0,5
O003117,C01472,2024-11-23,Home,1,36.09,12.78,7
O003118,C02046,2024-01-02,Clothing,3,94.52,0.0,5
O003119,C04613,2024-07-21,Sports,3,99.35,0.0,2
O003120,C03684,2024-09-14,Sports,1,47.46,5.3,2
O003121,C00205,2024-09-07,Electronics,3,158.13,0.0,5
O003122,C03601,2024-05-25,Home,3,71.59,9.13,1
O003123,C02138,2024-11-20,Sports,5,189.73,0.0,6
O003124,C01214,2024-10-01,Sports,2,63.26,7.11,4
O003125,C03835,2024-01-19,Clothing,1,26.68,5.77,6
O003126,C03092,2024-09-08,Home,2,91.89,0.0,5
O003127,C01383,2024-10-10,Home,1,24.36,5.63,4
O003128,C03681,2024-11-26,Home,2,80.0,0.0,2
O003129,C01680,2024-02-19,Home,2,56.98,8.79,2
O003130,C00007,2024-11-06,Electronics,4,224.52,0.0,3
O003131,C01886,2024-05-16,Home,3,111.37,0.0,5
O003132,C03499,2024-08-13,Home,4,108.59,0.0,5
O003133,C00296,2024-08-08,Beauty,6,169.82,0.0,7
O003134,C00264,2024-04-22,Home,1,68.4,7.53,3
O003135,C02138,2024-05-28,Electronics,3,108.97,0.0,4
O003136,C04949,2024-02-17,Clothing,2,74.68,7.5,2
O003137,C03866,2024-02-27,Clothing,3,129.82,0.0,6
O003138,C04497,2024-07-15,Home,4,149.17,0.0,2
O003139,C04453,2024-08-12,Home,7,288.64,0.0,4
O003140,C02547,2024-05-16,Beauty,1,19.59,12.63,4
O003141,C04930,2024-07-13,Home,6,308.25,0.0,5
O003142,C04531,2024-07-24,Clothing,4,154.21,0.0,4
O003143,C00119,2024-01-18,Clothing,1,46.15,12.54,4
O003144,C02396,2024-09-24,Electronics,3,102.74,0.0,5
O003145,C03368,2024-08-02,Clothing,3,66.85,7.61,3
O003146,C01703,2024-07-24,Clothing,5,240.06,0.0,3
O003147,C00530,2024-05-03,Home,2,54.72,11.55,2
O003148,C03675,2024-01-16,Clothing,1,29.3,5.77,3
O003149,C00303,2024-06-13,Electronics,1,66.45,8.82,5
O003150,C04068,2024-05-27,Sports,2,74.34,11.37,4
O003151,C04252,2024-10-02,Electronics,2,82.33,0.0,3
O003152,C03969,2024-08-20,Sports,4,115.47,0.0,5
O003153,C00014,2024-01-25,Clothing,2,47.38,9.2,4
O003154,C02804,2024-09-24,Home,2,49.06,6.17,3
O003155,C00889,2024-12-30,Beauty,4,208.26,0.0,4
O003156,C03529,2024-10-21,Sports,4,85.12,0.0,3
O003157,C01197,2024-03-11,Sports,10,429.33,0.0,4
O003158,C04541,2024-07-18,Home,5,142.05,0.0,3
O003159,C02170,2024-02-16,Home,5,161.7,0.0,4
O003160,C03569,2024-01-25,Electronics,1,33.62,7.93,4
O003161,C02232,2024-07-31,Home,4,169.12,0.0,3
O003162,C01844,2024-02-02,Beauty,3,159.31,0.0,4
O003163,C03652,2024-08-01,Sports,2,84.4,0.0,2
O003164,C03877,2024-07-29,Electronics,4,108.24,0.0,4
O003165,C02719,2024-01-29,Beauty,1,29.9,8.15,2
O003166,C00049,2024-09-15,Beauty,3,106.61,0.0,5
O003167,C00181,2024-02-08,Clothing,2,100.84,0.0,5
O003168,C03879,2024-09-16,Clothing,6,181.07,0.0,5
O003169,C01418,2024-06-13,Sports,7,164.52,0.0,7
O003170,C03465,2024-04-04,Clothing,6,237.99,0.0,5
O003171,C03420,2024-08-07,Electronics,4,132.65,0.0,5
O003172,C00530,2024-09-24,Sports,1,41.33,7.77,1
O003173,C04680,2024-04-27,Sports,6,302.67,0.0,6
O003174,C01287,2024-03-06,Home,5,130.54,0.0,5
O003175,C02191,2024-07-11,Sports,3,103.36,0.0,5
O003176,C00707,2024-11-15,Home,3,98.18,0.0,6
O003177,C03218,2024-02-04,Electronics,2,104.37,0.0,3
O003178,C00294,2024-06-23,Electronics,1,67.1,7.23,6
O003179,C01562,2024-04-21,Clothing,3,129.34,0.0,3
O003180,C04518,2024-11-03,Clothing,3,103.16,0.0,5
O003181,C02612,2024-10-16,Clothing,4,184.56,0.0,4
O003182,C00661,2024-12-05,Sports,3,105.01,0.0,4
O003183,C03179,2024-03-20,Clothing,3,131.83,0.0,5
O003184,C03390,2024-04-20,Home,5,126.8,0.0,5
O003185,C02107,2024-04-01,Beauty,3,84.05,0.0,4
O003186,C03064,2024-07-04,Beauty,1,35.08,11.17,5
O003187,C02841,2024-02-10,Home,5,174.43,0.0,4
O003188,C03497,2024-03-27,Sports,4,88.22,0.0,6
O003189,C02579,2024-08-11,Clothing,5,193.1,0.0,4
O003190,C02052,2024-02-20,Sports,4,35.26,10.39,6
O003191,C02410,2024-05-05,Clothing,2,24.49,12.91,4
O003192,C02954,2024-05-25,Home,2,56.83,9.64,3
O003193,C00369,2024-02-10,Electronics,1,15.67,6.86,6
O003194,C00539,2024-12-20,Beauty,4,119.17,0.0,5
O003195,C02928,2024-12-28,Home,3,46.84,12.24,4
O003196,C02394,2024-01-24,Sports,1,54.63,10.07,4
O003197,C00731,2024-10-29,Clothing,2,51.73,8.72,5
O003198,C00897,2024-10-10,Clothing,3,133.37,0.0,5
O003199,C04660,2024-02-05,Electronics,3,129.97,0.0,7
O003200,C02369,2024-10-03,Beauty,3,121.89,0.0,5
O003201,C04560,2024-07-02,Sports,4,132.68,0.0,3
O003202,C02681,2024-11-20,Beauty,5,252.53,0.0,4
O003203,C02381,2024-06-02,Home,5,163.21,0.0,5
O003204,C00015,2024-06-30,Sports,4,120.84,0.0,4
O003205,C03129,2024-10-26,Clothing,5,151.17,0.0,3
O003206,C01354,2024-06-02,Home,2,105.21,0.0,5
O003207,C03136,2024-05-29,Electronics,2,71.13,6.2,2
O003208,C02278,2024-01-02,Clothing,2,83.29,0.0,4
O003209,C00011,2024-10-23,Clothing,5,105.28,0.0,2
O003210,C01657,2024-02-23,Electronics,1,45.52,10.65,2
O003211,C01248,2024-09-02,Electronics,2,74.78,12.45,7
O003212,C01661,2024-02-15,Sports,3,136.98,0.0,3
O003213,C01764,2024-03-15,Sports,1,37.35,6.41,5
O003214,C00542,2024-05-28,Beauty,3,115.45,0.0,7
O003215,C01530,2024-01-03,Clothing,1,15.95,7.25,3
O003216,C01181,2024-01-09,Clothing,2,48.8,10.03,2
O003217,C02689,2024-01-02,Home,3,131.96,0.0,5
O003218,C02618,2024-08-25,Clothing,1,58.7,9.65,1
O003219,C02755,2024-01-28,Clothing,2,56.26,9.4,7
O003220,C00929,2024-10-16,Sports,1,23.12,5.32,5
O003221,C01427,2024-06-29,Electronics,2,76.44,0.0,4
O003222,C03660,2024-11-10,Electronics,3,71.48,12.36,1
O003223,C02234,2024-09-22,Clothing,3,101.54,0.0,4
O003224,C03910,2024-03-23,Clothing,3,90.95,0.0,4
O003225,C04991,2024-12-14,Clothing,1,21.11,10.84,3
O003226,C02062,2024-09-09,Clothing,5,232.11,0.0,4
O003227,C04098,2024-09-14,Clothing,3,118.63,0.0,5
O003228,C02564,2024-02-17,Clothing,5,160.69,0.0,3
O003229,C02804,2024-05-13,Electronics,5,201.01,0.0,3
O003230,C02294,2024-10-26,Electronics,2,65.81,5.85,8
O003231,C01626,2024-07-17,Electronics,4,88.66,0.0,4
O003232,C00572,2024-10-18,Clothing,5,224.83,0.0,5
O003233,C04532,2024-05-15,Electronics,2,95.34,0.0,2
O003234,C02401,2024-03-23,Clothing,1,19.12,11.15,4
O003235,C01712,2024-09-22,Clothing,1,62.76,10.31,7
O003236,C00383,2024-12-23,Home,2,28.73,10.73,4
O003237,C01084,2024-08-06,Home,1,23.21,7.77,5
O003238,C01950,2024-12-14,Clothing,3,133.01,0.0,5
O003239,C02518,2024-01-19,Beauty,1,48.44,6.08,4
O003240,C04170,2024-01-18,Clothing,3,105.42,0.0,1
O003241,C03498,2024-06-27,Electronics,2,19.77,7.99,4
O003242,C03315,2024-01-23,Electronics,4,156.72,0.0,3
O003243,C04931,2024-11-10,Electronics,4,158.47,0.0,5
O003244,C02676,2024-08-31,Home,6,266.49,0.0,6
O003245,C03395,2024-04-16,Beauty,2,42.58,8.43,6
O003246,C01204,2024-05-10,Home,3,118.07,0.0,6
O003247,C00774,2024-01-10,Clothing,4,113.37,0.0,3
O003248,C03057,2024-07-17,Home,2,65.21,8.57,6
O003249,C02314,2024-10-31,Sports,3,121.95,0.0,5
O003250,C02598,2024-11-07,Beauty,3,83.55,0.0,7
O003251,C01404,2024-03-30,Home,2,76.81,0.0,6
O003252,C04173,2024-05-23,Home,3,81.28,0.0,3
O003253,C03062,2024-10-21,Clothing,4,39.32,7.0,4
O003254,C03326,2024-04-18,Sports,3,110.25,0.0,5
O003255,C01404,2024-12-17,Beauty,3,77.76,0.0,2
O003256,C03321,2024-07-22,Home,2,65.85,11.84,2
O003257,C00870,2024-02-13,Sports,5,244.67,0.0,1
O003258,C01084,2024-01-08,Electronics,1,58.61,9.1,4
O003259,C00974,2024-10-27,Electronics,2,77.29,0.0,4
O003260,C01226,2024-12-18,Electronics,4,84.13,0.0,6
O003261,C01803,2024-06-01,Sports,3,75.66,0.0,6
O003262,C02965,2024-01-17,Electronics,2,71.03,10.54,3
O003263,C01189,2024-12-04,Home,1,54.74,5.38,5
O003264,C03444,2024-08-24,Sports,3,137.85,0.0,4
O003265,C03935,2024-11-30,Home,4,184.5,0.0,3
O003266,C04410,2024-02-25,Clothing,6,237.49,0.0,2
O003267,C01322,2024-02-13,Beauty,3,115.87,0.0,3
O003268,C02024,2024-11-04,Sports,4,156.76,0.0,4
O003269,C04732,2024-08-28,Electronics,2,73.46,12.06,4
O003270,C04513,2024-02-08,Beauty,4,82.08,0.0,6
O003271,C00439,2024-05-09,Beauty,3,77.94,0.0,4
O003272,C00165,2024-04-07,Home,4,162.87,0.0,5
O003273,C03338,2024-10-07,Clothing,3,153.83,0.0,3
O003274,C03351,2024-03-20,Electronics,3,87.17,0.0,5
O003275,C00988,2024-10-14,Electronics,3,134.42,0.0,2
O003276,C02530,2024-11-30,Beauty,1,33.3,5.95,5
O003277,C04613,2024-08-21,Home,6,185.27,0.0,2
O003278,C04178,2024-11-29,Clothing,6,105.11,0.0,5
O003279,C04215,2024-06-17,Clothing,1,21.93,7.7,3
O003280,C03846,2024-03-19,Home,1,20.43,8.26,5
O003281,C01327,2024-03-11,Electronics,4,116.81,0.0,4
O003282,C03287,2024-09-19,Home,1,58.53,11.61,2
O003283,C00028,2024-07-18,Clothing,5,152.19,0.0,8
O003284,C02025,2024-07-29,Clothing,3,138.83,0.0,4
O003285,C04594,2024-01-18,Clothing,3,66.56,11.73,6
O003286,C00194,2024-09-29,Clothing,4,202.26,0.0,4
O003287,C00592,2024-07-28,Clothing,3,137.65,0.0,4
O003288,C02490,2024-04-26,Clothing,4,131.66,0.0,6
O003289,C01858,2024-04-13,Home,3,78.86,0.0,4
O003290,C00113,2024-03-17,Sports,4,83.19,0.0,9
O003291,C01318,2024-11-10,Electronics,2,55.86,6.83,4
O003292,C01738,2024-01-11,Electronics,3,71.86,5.71,4
O003293,C02062,2024-02-20,Sports,4,5.72,6.56,3
O003294,C01691,2024-01-07,Home,4,185.92,0.0,3
O003295,C03669,2024-02-06,Electronics,3,130.54,0.0,3
O003296,C01395,2024-09-17,Beauty,3,110.78,0.0,3
O003297,C03169,2024-03-02,Beauty,5,145.86,0.0,6
O003298,C03560,2024-07-18,Clothing,3,161.87,0.0,4
O003299,C02237,2024-11-25,Beauty,5,182.01,0.0,2
O003300,C03884,2024-03-30,Clothing,4,122.18,0.0,3
O003301,C03252,2024-03-19,Electronics,3,92.74,0.0,6
O003302,C03933,2024-02-24,Clothing,3,77.68,0.0,4
O003303,C03015,2024-08-08,Clothing,10,313.51,0.0,5
O003304,C03487,2024-04-01,Beauty,4,141.02,0.0,3
O003305,C01129,2024-03-14,Electronics,4,121.21,0.0,3
O003306,C01697,2024-02-25,Beauty,3,42.32,10.13,2
O003307,C00133,2024-08-19,Beauty,1,7.23,6.96,6
O003308,C04666,2024-06-27,Sports,5,201.78,0.0,2
O003309,C04221,2024-03-01,Sports,5,137.39,0.0,3
O003310,C03540,2024-12-25,Home,1,25.06,12.6,3
O003311,C02989,2024-04-26,Home,1,29.81,5.99,7
O003312,C04303,2024-03-18,Clothing,1,19.05,10.93,2
O003313,C03294,2024-08-23,Electronics,2,66.12,8.17,6
O003314,C00312,2024-02-02,Clothing,2,88.01,0.0,5
O003315,C02430,2024-02-24,Electronics,4,139.71,0.0,6
O003316,C01786,2024-08-30,Home,4,181.13,0.0,5
O003317,C04392,2024-09-30,Sports,4,82.72,0.0,4
O003318,C00402,2024-03-14,Clothing,3,89.53,0.0,5
O003319,C01597,2024-01-21,Clothing,3,90.48,0.0,5
O003320,C00122,2024-12-18,Clothing,5,228.7,0.0,6
O003321,C00751,2024-07-19,Clothing,5,180.91,0.0,3
O003322,C00106,2024-06-02,Clothing,1,35.07,5.31,4
O003323,C01060,2024-09-10,Beauty,3,120.56,0.0,6
O003324,C04168,2024-07-25,Sports,5,183.17,0.0,2
O003325,C04664,2024-05-28,Clothing,3,89.91,0.0,4
O003326,C03239,2024-07-01,Clothing,4,161.06,0.0,4
O003327,C01245,2024-10-28,Beauty,3,61.94,10.97,5
O003328,C00076,2024-10-23,Home,6,225.29,0.0,6
O003329,C01010,2024-09-17,Sports,1,41.22,6.24,3
O003330,C03283,2024-02-13,Sports,5,133.75,0.0,5
O003331,C02276,2024-05-23,Home,3,50.87,8.67,3
O003332,C03809,2024-08-31,Electronics,2,55.52,8.8,2
O003333,C00453,2024-01-05,Clothing,6,199.33,0.0,3
O003334,C00766,2024-03-02,Beauty,6,196.18,0.0,1
O003335,C04583,2024-12-11,Electronics,2,61.43,5.31,5
O003336,C02716,2024-01-26,Clothing,4,100.1,0.0,4
O003337,C01498,2024-11-12,Home,1,78.93,0.0,1
O003338,C03947,2024-11-20,Electronics,2,66.46,11.33,5
O003339,C03733,2024-07-02,Home,1,48.64,6.07,3
O003340,C04926,2024-11-01,Electronics,4,135.14,0.0,5
O003341,C02839,2024-02-05,Sports,1,54.96,5.85,3
O003342,C00490,2024-01-30,Home,1,44.73,8.96,4
O003343,C02424,2024-03-09,Electronics,1,56.12,7.29,4
O003344,C01936,2024-08-19,Beauty,2,85.41,0.0,5
O003345,C02750,2024-06-24,Home,3,132.68,0.0,3
O003346,C03297,2024-10-04,Home,1,48.29,9.7,3
O003347,C04571,2024-02-02,Sports,6,284.09,0.0,3
O003348,C03692,2024-03-09,Home,5,172.39,0.0,6
O003349,C01104,2024-12-17,Sports,1,51.81,8.85,3
O003350,C01600,2024-09-11,Clothing,1,32.93,6.17,5
O003351,C03282,2024-02-19,Home,2,66.96,11.47,6
O003352,C03161,2024-01-23,Beauty,3,98.25,0.0,2
O003353,C03946,2024-09-10,Clothing,3,76.92,0.0,4
O003354,C00226,2024-06-12,Sports,3,123.33,0.0,2
O003355,C04804,2024-09-29,Clothing,2,68.72,9.97,4
O003356,C01715,2024-06-29,Home,5,257.33,0.0,3
O003357,C04150,2024-12-12,Electronics,1,29.88,6.78,3
O003358,C02244,2024-09-06,Clothing,1,39.5,6.62,4
O003359,C02893,2024-08-24,Electronics,6,172.4,0.0,5
O003360,C02346,2024-08-19,Beauty,1,42.79,6.67,4
O003361,C00579,2024-05-01,Beauty,4,217.87,0.0,5
O003362,C01699,2024-08-29,Clothing,2,77.63,0.0,6
O003363,C04596,2024-05-13,Clothing,5,128.24,0.0,6
O003364,C02672,2024-03-11,Electronics,3,95.74,0.0,1
O003365,C04302,2024-12-11,Clothing,3,122.0,0.0,5
O003366,C02928,2024-11-05,Clothing,4,119.07,0.0,2
O003367,C00279,2024-10-05,Clothing,4,138.51,0.0,3
O003368,C01469,2024-08-06,Sports,1,5.0,9.24,3
O003369,C04773,2024-07-03,Clothing,6,188.25,0.0,3
O003370,C00941,2024-11-02,Clothing,2,53.4,8.88,6
O003371,C02319,2024-11-09,Electronics,1,48.13,12.56,5
O003372,C04537,2024-08-04,Electronics,3,100.99,0.0,3
O003373,C01784,2024-10-07,Sports,3,93.25,0.0,3
O003374,C01876,2024-10-07,Electronics,2,68.65,11.87,5
O003375,C04644,2024-05-04,Sports,3,71.51,12.11,4
O003376,C03227,2024-06-27,Home,1,42.49,11.19,2
O003377,C03729,2024-11-22,Clothing,2,61.53,9.58,1
O003378,C00986,2024-02-04,Electronics,1,28.6,5.33,3
O003379,C02820,2024-03-10,Home,4,99.98,0.0,4
O003380,C03971,2024-12-25,Sports,3,74.67,11.53,3
O003381,C02067,2024-06-26,Home,6,185.32,0.0,5
O003382,C00425,2024-02-18,Electronics,3,96.62,0.0,3
O003383,C02106,2024-03-08,Sports,3,72.72,12.68,4
O003384,C02471,2024-01-07,Clothing,1,5.0,12.72,2
O003385,C03795,2024-04-03,Clothing,3,132.67,0.0,3
O003386,C02892,2024-03-21,Home,3,62.43,5.59,5
O003387,C01684,2024-09-06,Electronics,2,85.0,0.0,3
O003388,C03174,2024-02-07,Beauty,1,19.94,10.0,5
O003389,C03148,2024-12-15,Clothing,6,174.06,0.0,5
O003390,C04062,2024-02-14,Sports,2,89.13,0.0,4
O003391,C04052,2024-12-24,Electronics,2,108.08,0.0,5
O003392,C03652,2024-05-16,Home,5,182.8,0.0,3
O003393,C04162,2024-11-06,Beauty,4,192.39,0.0,5
O003394,C04911,2024-11-03,Clothing,3,131.87,0.0,3
O003395,C01175,2024-10-31,Beauty,2,103.24,0.0,3
O003396,C02950,2024-08-16,Beauty,3,114.78,0.0,2
O003397,C01810,2024-07-01,Beauty,5,228.57,0.0,6
O003398,C00437,2024-11-21,Beauty,4,177.83,0.0,3
O003399,C04886,2024-07-22,Home,6,237.21,0.0,3
O003400,C00235,2024-04-20,Clothing,1,39.75,5.87,5
O003401,C04771,2024-03-08,Clothing,1,35.14,6.86,3
O003402,C02146,2024-12-22,Clothing,2,32.92,12.82,5
O003403,C03576,2024-02-07,Clothing,3,62.11,7.19,3
O003404,C04857,2024-07-16,Beauty,2,79.94,0.0,3
O003405,C03562,2024-10-31,Clothing,1,63.77,10.26,4
O003406,C02475,2024-04-01,Clothing,1,33.42,5.21,2
O003407,C00227,2024-09-20,Beauty,3,67.94,8.89,2
O003408,C02611,2024-08-30,Home,2,83.34,0.0,1
O003409,C02276,2024-04-25,Home,4,165.11,0.0,6
O003410,C04802,2024-04-04,Electronics,3,24.97,9.87,3
O003411,C01816,2024-07-31,Sports,3,148.31,0.0,4
O003412,C03855,2024-09-02,Home,1,5.0,6.59,3
O003413,C03996,2024-06-21,Clothing,4,132.21,0.0,4
O003414,C01411,2024-10-11,Sports,4,126.9,0.0,5
O003415,C04765,2024-03-19,Clothing,3,79.8,0.0,4
O003416,C03380,2024-10-06,Home,4,62.72,6.38,2
O003417,C01846,2024-05-28,Electronics,3,123.73,0.0,3
O003418,C01338,2024-10-05,Beauty,1,19.63,7.78,6
O003419,C00118,2024-12-16,Beauty,1,59.56,11.59,5
O003420,C01869,2024-08-13,Electronics,7,253.39,0.0,4
O003421,C02098,2024-11-18,Home,2,81.32,0.0,7
O003422,C01814,2024-04-27,Electronics,6,169.85,0.0,5
O003423,C01588,2024-03-13,Sports,4,165.83,0.0,5
O003424,C03253,2024-01-06,Electronics,6,231.8,0.0,6
O003425,C00543,2024-11-16,Clothing,2,98.15,0.0,3
O003426,C02375,2024-01-22,Sports,3,111.05,0.0,7
O003427,C01527,2024-06-27,Home,1,60.77,5.49,4
O003428,C03568,2024-07-14,Clothing,3,143.97,0.0,5
O003429,C01270,2024-04-18,Home,3,139.35,0.0,2
O003430,C00602,2024-07-03,Beauty,2,94.41,0.0,5
O003431,C03615,2024-02-24,Clothing,1,69.23,10.66,4
O003432,C02150,2024-08-16,Clothing,2,66.64,6.59,5
O003433,C03302,2024-01-19,Sports,3,70.14,8.38,4
O003434,C00388,2024-12-29,Clothing,5,156.08,0.0,4
O003435,C03681,2024-08-03,Electronics,3,99.46,0.0,7
O003436,C01603,2024-02-17,Beauty,2,40.6,5.02,1
O003437,C03283,2024-06-08,Clothing,1,29.25,7.08,7
O003438,C02697,2024-09-29,Electronics,2,68.97,11.09,7
O003439,C04435,2024-04-05,Home,6,241.82,0.0,4
O003440,C04152,2024-01-30,Clothing,4,145.52,0.0,6
O003441,C03834,2024-04-30,Clothing,1,29.39,10.22,1
O003442,C01306,2024-12-19,Home,5,257.74,0.0,1
O003443,C00717,2024-07-08,Home,3,105.89,0.0,3
O003444,C03656,2024-05-31,Clothing,4,87.4,0.0,6
O003445,C02992,2024-09-11,Home,5,229.46,0.0,1
O003446,C00314,2024-07-09,Clothing,1,43.85,5.04,4
O003447,C02281,2024-05-21,Home,5,198.67,0.0,4
O003448,C02623,2024-09-02,Clothing,2,102.56,0.0,4
O003449,C00888,2024-02-03,Electronics,2,87.82,0.0,1
O003450,C04343,2024-07-05,Clothing,4,154.57,0.0,5
O003451,C02490,2024-03-26,Beauty,1,37.1,12.52,6
O003452,C01923,2024-06-09,Home,4,94.6,0.0,8
O003453,C04030,2024-12-29,Electronics,2,77.84,0.0,1
O003454,C03064,2024-04-27,Clothing,1,50.22,5.73,1
O003455,C00161,2024-04-20,Home,3,162.69,0.0,1
O003456,C02188,2024-02-27,Beauty,6,199.31,0.0,2
O003457,C02352,2024-01-18,Clothing,5,136.34,0.0,4
O003458,C01484,2024-12-24,Beauty,3,187.56,0.0,5
O003459,C03893,2024-05-19,Home,1,5.0,5.83,1
O003460,C01738,2024-07-12,Beauty,2,35.14,6.86,2
O003461,C04221,2024-05-09,Beauty,2,72.58,5.77,4
O003462,C01909,2024-07-30,Clothing,3,38.34,7.04,3
O003463,C01371,2024-10-10,Home,3,114.96,0.0,3
O003464,C01978,2024-04-29,Sports,2,89.75,0.0,4
O003465,C03396,2024-02-11,Sports,2,73.02,10.3,2
O003466,C02455,2024-01-03,Electronics,7,222.09,0.0,4
O003467,C04260,2024-08-16,Electronics,3,82.75,0.0,5
O003468,C04958,2024-08-16,Beauty,3,114.05,0.0,3
O003469,C02288,2024-12-08,Clothing,6,288.35,0.0,3
O003470,C01237,2024-05-20,Clothing,2,75.05,0.0,3
O003471,C03175,2024-02-26,Clothing,5,206.67,0.0,5
O003472,C01207,2024-08-03,Sports,3,150.95,0.0,4
O003473,C00505,2024-05-10,Electronics,4,191.75,0.0,3
O003474,C03768,2024-04-23,Clothing,4,106.31,0.0,3
O003475,C04621,2024-07-09,Beauty,1,44.52,7.48,5
O003476,C01404,2024-08-30,Beauty,1,38.9,9.57,2
O003477,C01768,2024-10-20,Home,6,211.39,0.0,5
O003478,C03734,2024-11-10,Beauty,3,91.38,0.0,5
O003479,C00701,2024-01-28,Clothing,1,24.28,6.73,4
O003480,C03205,2024-01-26,Home,1,49.41,8.42,5
O003481,C04146,2024-03-24,Home,3,93.41,0.0,4
O003482,C03006,2024-12-12,Beauty,5,138.28,0.0,3
O003483,C04791,2024-11-16,Electronics,4,149.15,0.0,4
O003484,C04122,2024-11-25,Electronics,3,110.86,0.0,5
O003485,C04083,2024-07-20,Home,2,104.34,0.0,2
O003486,C00011,2024-03-01,Beauty,1,41.56,6.27,5
O003487,C04904,2024-07-03,Home,3,125.05,0.0,5
O003488,C02059,2024-09-02,Clothing,7,120.56,0.0,5
O003489,C03678,2024-01-01,Home,2,74.87,7.11,6
O003490,C02820,2024-08-30,Home,5,108.92,0.0,4
O003491,C00973,2024-02-01,Electronics,3,93.2,0.0,5
O003492,C03793,2024-08-22,Clothing,1,43.55,9.63,5
O003493,C02455,2024-01-17,Electronics,4,183.72,0.0,2
O003494,C00842,2024-03-29,Beauty,1,44.44,5.48,2
O003495,C04455,2024-02-21,Clothing,3,63.44,6.19,4
O003496,C00285,2024-06-12,Electronics,2,27.57,9.18,5
O003497,C02436,2024-10-29,Beauty,1,49.41,6.99,4
O003498,C02832,2024-02-01,Beauty,5,198.21,0.0,5
O003499,C04521,2024-07-16,Clothing,2,43.16,12.27,5
O003500,C01030,2024-12-16,Electronics,2,44.42,5.32,3
O003501,C04452,2024-07-19,Electronics,6,255.89,0.0,4
O003502,C02967,2024-04-16,Clothing,4,91.07,0.0,6
O003503,C00554,2024-12-01,Sports,1,23.67,6.22,5
O003504,C00268,2024-12-10,Electronics,2,113.12,0.0,7
O003505,C01241,2024-10-22,Clothing,2,105.12,0.0,5
O003506,C04160,2024-01-28,Electronics,1,28.52,7.77,3
O003507,C02490,2024-12-02,Home,1,73.33,5.51,3
O003508,C02589,2024-10-13,Beauty,11,376.75,0.0,6
O003509,C00470,2024-04-28,Electronics,3,136.78,0.0,5
O003510,C03288,2024-12-08,Clothing,5,209.27,0.0,5
O003511,C03937,2024-01-31,Clothing,3,81.28,0.0,3
O003512,C02020,2024-06-02,Clothing,5,170.97,0.0,6
O003513,C02024,2024-09-16,Beauty,3,143.92,0.0,4
O003514,C01590,2024-04-16,Electronics,4,224.93,0.0,3
O003515,C04974,2024-09-07,Home,5,197.64,0.0,4
O003516,C02061,2024-12-28,Electronics,4,100.59,0.0,7
O003517,C04318,2024-04-16,Sports,2,68.81,7.69,4
O003518,C01420,2024-04-26,Home,4,245.96,0.0,4
O003519,C00881,2024-09-01,Home,7,305.69,0.0,2
O003520,C00839,2024-03-19,Beauty,3,135.1,0.0,3
O003521,C00752,2024-08-16,Clothing,3,114.56,0.0,6
O003522,C00270,2024-01-23,Sports,3,128.3,0.0,1
O003523,C03370,2024-07-15,Electronics,1,27.28,8.97,3
O003524,C04828,2024-12-26,Beauty,1,56.58,5.39,2
O003525,C04712,2024-07-06,Clothing,10,251.64,0.0,4
O003526,C03504,2024-08-04,Electronics,1,42.98,9.74,4
O003527,C03961,2024-09-03,Home,2,37.29,11.67,4
O003528,C02076,2024-06-02,Home,4,183.62,0.0,5
O003529,C01313,2024-07-13,Beauty,3,114.14,0.0,3
O003530,C02285,2024-04-25,Electronics,1,73.95,11.86,4
O003531,C00384,2024-07-14,Electronics,2,71.84,12.83,8
O003532,C04181,2024-02-24,Electronics,3,149.85,0.0,3
O003533,C04342,2024-06-23,Clothing,6,149.29,0.0,7
O003534,C02809,2024-05-23,Home,3,101.93,0.0,4
O003535,C00804,2024-11-09,Electronics,7,265.81,0.0,2
O003536,C04336,2024-12-28,Clothing,6,202.94,0.0,6
O003537,C01097,2024-08-04,Clothing,1,66.7,6.42,5
O003538,C03743,2024-09-13,Clothing,3,93.14,0.0,5
O003539,C04484,2024-05-06,Clothing,4,160.38,0.0,3
O003540,C03720,2024-06-21,Electronics,3,130.9,0.0,5
O003541,C04772,2024-04-03,Beauty,4,127.61,0.0,6
O003542,C02697,2024-08-06,Clothing,3,91.07,0.0,3
O003543,C04267,2024-02-21,Clothing,3,75.24,0.0,3
O003544,C00809,2024-01-19,Electronics,3,113.4,0.0,1
O003545,C02152,2024-12-23,Clothing,3,151.61,0.0,4
O003546,C03294,2024-08-24,Sports,5,129.22,0.0,7
O003547,C01306,2024-06-19,Clothing,4,72.86,11.8,7
O003548,C03460,2024-10-01,Beauty,4,125.69,0.0,1
O003549,C02420,2024-10-21,Clothing,4,115.46,0.0,3
O003550,C04225,2024-12-29,Sports,2,72.41,6.5,6
O003551,C01197,2024-06-08,Clothing,2,64.79,9.02,4
O003552,C04568,2024-08-27,Clothing,1,32.36,7.71,2
O003553,C03525,2024-03-05,Beauty,3,21.29,8.24,4
O003554,C01526,2024-08-04,Home,7,348.1,0.0,1
O003555,C01600,2024-02-16,Beauty,1,40.32,9.91,6
O003556,C01045,2024-03-14,Sports,5,157.1,0.0,5
O003557,C02154,2024-06-12,Electronics,1,26.91,12.24,6
O003558,C01868,2024-07-16,Clothing,1,24.92,8.4,2
O003559,C01376,2024-11-23,Clothing,1,21.12,11.3,3
O003560,C00612,2024-05-27,Clothing,5,62.27,9.75,3
O003561,C03317,2024-03-26,Electronics,7,320.6,0.0,6
O003562,C01599,2024-01-09,Clothing,4,134.3,0.0,4
O003563,C04950,2024-09-09,Clothing,3,96.52,0.0,6
O003564,C01978,2024-08-19,Electronics,2,62.06,12.82,4
O003565,C04398,2024-09-03,Sports,3,65.76,5.86,5
O003566,C00639,2024-01-01,Beauty,2,21.63,7.21,3
O003567,C04167,2024-09-23,Home,2,81.59,0.0,4
O003568,C01923,2024-04-14,Electronics,2,68.21,11.44,5
O003569,C00646,2024-08-21,Electronics,2,29.57,10.56,4
O003570,C04270,2024-09-13,Beauty,1,8.86,12.43,3
O003571,C01999,2024-03-21,Home,3,131.78,0.0,3
O003572,C00090,2024-05-02,Beauty,3,92.31,0.0,6
O003573,C03279,2024-06-20,Electronics,7,238.8,0.0,5
O003574,C02367,2024-11-02,Clothing,3,125.99,0.0,3
O003575,C00824,2024-09-29,Clothing,5,177.73,0.0,7
O003576,C00551,2024-12-24,Home,4,163.96,0.0,3
O003577,C00060,2024-09-03,Electronics,5,231.33,0.0,1
O003578,C04223,2024-12-28,Electronics,5,137.87,0.0,4
O003579,C04179,2024-07-12,Beauty,6,83.24,0.0,4
O003580,C01244,2024-04-21,Home,1,42.18,6.47,6
O003581,C03480,2024-01-23,Clothing,2,54.58,8.84,3
O003582,C00946,2024-11-10,Clothing,3,208.26,0.0,5
O003583,C01641,2024-07-20,Clothing,3,59.21,9.76,3
O003584,C01953,2024-04-15,Clothing,1,37.28,9.79,5
O003585,C02634,2024-04-03,Clothing,1,11.95,7.83,4
O003586,C03502,2024-01-25,Sports,5,114.16,0.0,3
O003587,C00890,2024-05-24,Electronics,3,137.44,0.0,3
O003588,C00574,2024-01-19,Clothing,5,134.43,0.0,6
O003589,C00513,2024-07-28,Clothing,3,153.81,0.0,4
O003590,C04161,2024-03-22,Clothing,2,75.0,8.14,4
O003591,C01965,2024-02-15,Beauty,6,203.17,0.0,3
O003592,C04052,2024-02-04,Clothing,5,107.9,0.0,4
O003593,C02231,2024-07-20,Clothing,1,65.61,9.07,2
O003594,C02284,2024-01-23,Home,2,69.33,7.82,6
O003595,C04985,2024-12-30,Electronics,4,181.55,0.0,2
O003596,C00612,2024-10-26,Clothing,1,58.24,10.42,2
O003597,C00438,2024-09-21,Sports,3,116.16,0.0,6
O003598,C01460,2024-12-11,Sports,1,30.88,5.35,2
O003599,C00524,2024-12-14,Home,1,32.18,12.31,6
O003600,C03578,2024-07-05,Clothing,1,28.48,6.28,4
O003601,C04896,2024-10-24,Home,2,22.33,6.19,3
O003602,C03399,2024-07-08,Clothing,6,267.93,0.0,6
O003603,C02262,2024-08-27,Electronics,4,160.46,0.0,4
O003604,C01024,2024-12-14,Clothing,1,21.51,6.85,5
O003605,C01580,2024-05-06,Clothing,3,58.94,6.1,4
O003606,C00322,2024-10-17,Clothing,3,113.56,0.0,3
O003607,C03127,2024-04-20,Clothing,6,169.02,0.0,4
O003608,C02832,2024-02-12,Sports,1,16.87,5.31,1
O003609,C04276,2024-10-27,Home,3,79.58,0.0,5
O003610,C02428,2024-05-13,Clothing,1,32.21,11.34,5
O003611,C02981,2024-01-13,Beauty,3,139.24,0.0,4
O003612,C03758,2024-01-11,Sports,2,72.18,6.67,4
O003613,C00450,2024-04-11,Electronics,6,118.82,0.0,6
O003614,C01285,2024-07-15,Home,3,104.1,0.0,3
O003615,C03519,2024-02-24,Home,2,98.95,0.0,2
O003616,C01661,2024-07-01,Home,4,199.41,0.0,3
O003617,C00904,2024-01-19,Clothing,6,104.84,0.0,6
O003618,C01178,2024-12-28,Clothing,2,70.98,8.2,3
O003619,C00330,2024-09-18,Clothing,2,78.74,0.0,5
O003620,C00637,2024-01-09,Beauty,2,58.75,8.68,3
O003621,C01890,2024-05-27,Home,3,141.11,0.0,3
O003622,C01868,2024-01-25,Electronics,5,100.51,0.0,3
O003623,C02516,2024-11-01,Home,4,125.6,0.0,6
O003624,C00413,2024-03-12,Beauty,1,32.83,10.57,5
O003625,C03834,2024-11-17,Clothing,1,38.18,5.68,4
O003626,C02416,2024-02-26,Sports,5,141.8,0.0,3
O003627,C02587,2024-01-22,Electronics,1,63.7,10.47,5
O003628,C01565,2024-11-07,Beauty,3,126.17,0.0,5
O003629,C04611,2024-02-05,Clothing,4,111.37,0.0,4
O003630,C00481,2024-06-27,Home,1,11.59,7.22,3
O003631,C02276,2024-03-08,Clothing,2,47.94,7.02,7
O003632,C03841,2024-01-01,Home,4,101.21,0.0,2
O003633,C03312,2024-02-17,Clothing,5,156.78,0.0,4
O003634,C02883,2024-05-31,Electronics,2,64.36,10.97,3
O003635,C03744,2024-07-15,Clothing,4,141.15,0.0,4
O003636,C02520,2024-02-27,Clothing,1,38.62,6.98,3
O003637,C04614,2024-02-17,Beauty,2,44.73,12.27,5
O003638,C04401,2024-12-20,Sports,3,106.54,0.0,2
O003639,C00655,2024-08-21,Electronics,3,83.0,0.0,5
O003640,C01978,2024-07-06,Clothing,1,54.13,11.3,6
O003641,C00181,2024-04-23,Clothing,3,131.54,0.0,4
O003642,C04126,2024-03-30,Clothing,2,33.57,5.2,2
O003643,C03020,2024-06-17,Clothing,3,67.41,5.84,5
O003644,C00765,2024-12-28,Clothing,6,150.98,0.0,1
O003645,C04136,2024-12-26,Beauty,4,160.79,0.0,5
O003646,C02367,2024-06-25,Sports,4,231.52,0.0,3
O003647,C03299,2024-07-10,Sports,5,201.03,0.0,1
O003648,C02780,2024-05-12,Clothing,2,89.83,0.0,2
O003649,C04988,2024-06-20,Clothing,3,77.13,0.0,6
O003650,C02372,2024-01-18,Beauty,1,71.06,11.32,6
O003651,C03391,2024-09-07,Beauty,2,54.69,10.96,2
O003652,C01783,2024-04-21,Beauty,4,201.92,0.0,6
O003653,C04781,2024-02-09,Sports,4,218.67,0.0,2
O003654,C01065,2024-04-11,Electronics,6,137.03,0.0,4
O003655,C02457,2024-06-22,Clothing,4,156.25,0.0,7
O003656,C01347,2024-11-09,Sports,4,145.61,0.0,5
O003657,C02228,2024-12-06,Sports,2,67.79,6.64,5
O003658,C01183,2024-10-28,Electronics,2,113.19,0.0,5
O003659,C04133,2024-07-14,Home,2,41.54,10.58,4
O003660,C02454,2024-03-12,Sports,3,120.82,0.0,3
O003661,C00539,2024-06-30,Home,7,259.82,0.0,3
O003662,C02424,2024-08-28,Electronics,3,133.7,0.0,1
O003663,C02304,2024-10-15,Home,3,132.46,0.0,4
O003664,C00249,2024-11-18,Beauty,4,124.97,0.0,3
O003665,C04789,2024-04-22,Electronics,2,61.92,11.01,4
O003666,C01041,2024-12-05,Home,1,30.82,11.21,1
O003667,C01392,2024-06-11,Electronics,2,97.78,0.0,5
O003668,C02173,2024-02-08,Clothing,6,303.39,0.0,5
O003669,C01336,2024-08-22,Beauty,1,32.77,5.72,1
O003670,C02260,2024-03-11,Home,1,23.74,8.98,3
O003671,C00500,2024-08-06,Beauty,1,23.36,7.61,5
O003672,C00811,2024-01-05,Electronics,3,58.7,12.43,2
O003673,C04985,2024-08-28,Clothing,1,14.71,12.84,4
O003674,C03714,2024-06-13,Electronics,4,112.54,0.0,1
O003675,C03705,2024-01-01,Home,2,91.37,0.0,4
O003676,C01211,2024-07-02,Electronics,2,82.61,0.0,1
O003677,C03746,2024-01-08,Electronics,2,76.64,0.0,4
O003678,C01987,2024-04-17,Home,5,267.5,0.0,3
O003679,C01492,2024-07-03,Home,3,100.3,0.0,3
O003680,C04271,2024-10-10,Clothing,5,224.33,0.0,5
O003681,C03049,2024-06-02,Sports,4,150.76,0.0,2
O003682,C04920,2024-02-03,Clothing,1,48.63,11.01,1
O003683,C02935,2024-12-17,Beauty,3,155.72,0.0,2
O003684,C04365,2024-01-22,Clothing,1,53.03,9.69,4
O003685,C01818,2024-05-27,Beauty,2,110.36,0.0,7
O003686,C04320,2024-05-30,Sports,4,160.09,0.0,6
O003687,C01276,2024-03-07,Beauty,2,87.26,0.0,1
O003688,C03023,2024-03-18,Beauty,2,84.25,0.0,4
O003689,C02878,2024-08-19,Home,5,117.69,0.0,3
O003690,C04015,2024-02-08,Home,3,63.22,11.57,6
O003691,C04088,2024-06-13,Beauty,2,28.43,9.79,1
O003692,C01148,2024-04-08,Sports,1,7.59,6.21,2
O003693,C00238,2024-05-08,Clothing,4,149.53,0.0,4
O003694,C02123,2024-01-19,Clothing,2,65.63,7.49,5
O003695,C04596,2024-09-27,Electronics,7,146.98,0.0,4
O003696,C01546,2024-01-01,Sports,4,156.78,0.0,7
O003697,C03984,2024-10-13,Electronics,3,83.0,0.0,2
O003698,C04364,2024-06-28,Clothing,2,58.34,9.88,4
O003699,C00987,2024-09-12,Sports,1,58.9,11.55,5
O003700,C01624,2024-06-22,Sports,3,189.24,0.0,5
O003701,C03122,2024-12-07,Sports,5,225.43,0.0,1
O003702,C03727,2024-02-19,Clothing,1,43.96,5.33,4
O003703,C03902,2024-01-20,Home,6,134.49,0.0,3
O003704,C00723,2024-04-14,Clothing,1,11.32,12.82,4
O003705,C01096,2024-07-08,Beauty,1,65.82,6.5,3
O003706,C03828,2024-08-26,Clothing,6,178.89,0.0,4
O003707,C04286,2024-02-12,Sports,4,86.36,0.0,4
O003708,C00996,2024-01-05,Electronics,2,34.16,11.66,4
O003709,C04662,2024-09-04,Sports,5,241.76,0.0,6
O003710,C00993,2024-03-06,Clothing,3,81.23,0.0,1
O003711,C02784,2024-09-07,Clothing,3,139.28,0.0,3
O003712,C00156,2024-05-07,Clothing,2,89.43,0.0,2
O003713,C01896,2024-07-03,Sports,1,37.29,10.91,3
O003714,C01777,2024-07-06,Home,3,116.05,0.0,2
O003715,C04769,2024-07-01,Clothing,4,108.02,0.0,7
O003716,C02117,2024-03-11,Clothing,4,161.78,0.0,3
O003717,C02421,2024-03-06,Clothing,6,202.3,0.0,4
O003718,C00055,2024-11-24,Clothing,1,31.28,10.41,4
O003719,C00085,2024-09-06,Clothing,2,84.55,0.0,7
O003720,C02889,2024-06-03,Clothing,2,82.22,0.0,4
O003721,C04688,2024-03-19,Home,6,257.75,0.0,3
O003722,C02780,2024-01-19,Beauty,3,129.83,0.0,5
O003723,C02670,2024-09-25,Electronics,4,125.68,0.0,6
O003724,C03837,2024-02-14,Home,3,40.07,6.32,6
O003725,C01009,2024-09-18,Clothing,3,91.94,0.0,3
O003726,C02365,2024-08-09,Electronics,5,151.59,0.0,5
O003727,C03687,2024-05-08,Clothing,2,35.42,11.75,4
O003728,C04348,2024-04-15,Clothing,4,141.21,0.0,3
O003729,C02200,2024-09-07,Home,3,93.86,0.0,6
O003730,C01360,2024-04-30,Electronics,4,104.59,0.0,4
O003731,C00910,2024-08-17,Sports,2,89.0,0.0,2
O003732,C03440,2024-10-07,Clothing,3,75.44,0.0,3
O003733,C02914,2024-08-14,Beauty,1,15.55,7.69,5
O003734,C04696,2024-10-01,Clothing,5,190.44,0.0,2
O003735,C01007,2024-05-17,Sports,3,103.08,0.0,3
O003736,C03053,2024-06-21,Beauty,3,135.61,0.0,2
O003737,C01144,2024-11-22,Sports,2,68.75,9.96,4
O003738,C04399,2024-09-27,Clothing,1,34.77,7.68,2
O003739,C03221,2024-08-02,Beauty,6,230.58,0.0,5
O003740,C01225,2024-08-15,Home,2,62.77,11.51,4
O003741,C03879,2024-04-16,Home,5,129.61,0.0,7
O003742,C04496,2024-06-07,Home,5,121.09,0.0,4
O003743,C00068,2024-05-15,Clothing,1,47.18,9.31,5
O003744,C04250,2024-09-07,Clothing,7,322.37,0.0,4
O003745,C01015,2024-01-30,Sports,4,136.22,0.0,6
O003746,C00182,2024-04-07,Electronics,3,123.96,0.0,2
O003747,C04621,2024-04-06,Sports,6,174.15,0.0,5
O003748,C04116,2024-09-13,Clothing,5,134.29,0.0,3
O003749,C04947,2024-09-28,Clothing,3,90.71,0.0,3
O003750,C02946,2024-01-11,Home,2,82.55,0.0,3
O003751,C02058,2024-12-07,Electronics,1,77.52,0.0,2
O003752,C02748,2024-06-16,Electronics,3,126.42,0.0,5
O003753,C01881,2024-07-29,Sports,1,57.05,11.4,6
O003754,C03603,2024-06-20,Beauty,2,27.16,11.14,3
O003755,C00655,2024-11-21,Electronics,2,101.18,0.0,3
O003756,C03687,2024-04-29,Home,2,105.11,0.0,3
O003757,C02289,2024-07-03,Sports,2,33.63,6.03,3
O003758,C02200,2024-02-08,Sports,1,38.48,10.4,4
O003759,C02832,2024-09-13,Beauty,3,102.12,0.0,6
O003760,C03409,2024-10-05,Home,7,288.98,0.0,2
O003761,C02236,2024-08-17,Clothing,1,40.63,8.02,3
O003762,C02512,2024-04-24,Clothing,8,305.94,0.0,4
O003763,C00722,2024-10-30,Home,3,111.58,0.0,5
O003764,C03249,2024-03-31,Home,5,116.65,0.0,5
O003765,C01201,2024-11-04,Clothing,1,63.15,9.58,2
O003766,C04977,2024-03-01,Electronics,7,335.67,0.0,4
O003767,C02463,2024-04-12,Home,4,177.7,0.0,3
O003768,C04674,2024-08-02,Clothing,4,199.05,0.0,5
O003769,C00310,2024-04-11,Clothing,3,79.55,0.0,3
O003770,C01026,2024-05-22,Sports,2,61.25,12.5,6
O003771,C04413,2024-03-30,Home,3,100.37,0.0,3
O003772,C01533,2024-04-27,Sports,1,30.95,8.06,4
O003773,C03644,2024-05-18,Clothing,2,74.68,12.19,5
O003774,C00368,2024-10-29,Sports,5,155.0,0.0,8
O003775,C04651,2024-08-27,Electronics,2,83.7,0.0,2
O003776,C02653,2024-05-15,Clothing,2,96.37,0.0,4
O003777,C01250,2024-01-05,Electronics,5,175.57,0.0,7
O003778,C02984,2024-07-27,Beauty,1,50.7,10.97,2
O003779,C04576,2024-03-27,Beauty,3,151.64,0.0,5
O003780,C03029,2024-12-12,Electronics,1,10.39,9.49,4
O003781,C03135,2024-11-14,Beauty,2,15.68,5.6,2
O003782,C04096,2024-10-03,Clothing,2,44.11,12.14,5
O003783,C00940,2024-04-30,Electronics,2,86.34,0.0,6
O003784,C04110,2024-09-01,Clothing,2,22.3,6.36,2
O003785,C04238,2024-12-23,Sports,2,52.02,11.33,4
O003786,C04024,2024-03-30,Sports,1,50.16,5.4,5
O003787,C03692,2024-05-19,Electronics,4,106.0,0.0,5
O003788,C00590,2024-04-21,Clothing,3,132.4,0.0,3
O003789,C01783,2024-08-27,Home,1,24.73,7.71,4
O003790,C04569,2024-09-28,Sports,3,161.79,0.0,4
O003791,C01208,2024-05-22,Beauty,1,38.75,6.38,3
O003792,C04413,2024-07-25,Home,1,47.7,11.43,6
O003793,C04541,2024-04-28,Electronics,2,88.94,0.0,6
O003794,C02344,2024-03-24,Electronics,2,58.26,8.26,5
O003795,C00847,2024-09-07,Clothing,2,80.16,0.0,2
O003796,C02425,2024-10-04,Clothing,3,116.19,0.0,4
O003797,C04681,2024-06-11,Clothing,1,33.25,9.76,6
O003798,C00799,2024-05-21,Home,2,51.42,8.38,4
O003799,C00471,2024-12-15,Sports,6,292.92,0.0,1
O003800,C03910,2024-01-31,Clothing,4,90.98,0.0,4
O003801,C04828,2024-11-21,Clothing,4,147.52,0.0,3
O003802,C02095,2024-03-31,Electronics,3,84.02,0.0,3
O003803,C02995,2024-05-07,Beauty,3,104.3,0.0,4
O003804,C03130,2024-09-23,Sports,3,78.7,0.0,5
O003805,C01314,2024-02-05,Beauty,4,115.43,0.0,3
O003806,C02879,2024-12-01,Sports,2,81.44,0.0,3
O003807,C03516,2024-10-06,Sports,5,218.24,0.0,4
O003808,C01048,2024-07-31,Clothing,3,57.74,12.0,4
O003809,C01088,2024-08-20,Home,3,106.95,0.0,4
O003810,C03682,2024-08-15,Home,6,151.94,0.0,3
O003811,C00283,2024-10-24,Electronics,2,34.12,10.59,6
O003812,C03649,2024-08-24,Beauty,4,185.09,0.0,5
O003813,C01399,2024-01-21,Sports,3,94.58,0.0,3
O003814,C02734,2024-04-05,Clothing,1,39.83,6.73,2
O003815,C04068,2024-02-20,Home,3,79.32,0.0,3
O003816,C02358,2024-12-02,Electronics,4,192.54,0.0,3
O003817,C02936,2024-11-06,Clothing,2,83.57,0.0,3
O003818,C03819,2024-03-02,Clothing,2,57.15,10.48,5
O003819,C03239,2024-12-08,Sports,4,163.66,0.0,3
O003820,C01773,2024-06-01,Clothing,4,145.93,0.0,3
O003821,C04078,2024-08-11,Electronics,1,25.05,10.47,4
O003822,C04103,2024-05-21,Clothing,4,151.62,0.0,3
O003823,C00788,2024-02-10,Home,4,39.61,12.13,5
O003824,C03225,2024-06-14,Sports,2,69.23,8.66,5
O003825,C00043,2024-07-08,Sports,1,29.48,11.19,5
O003826,C04297,2024-10-23,Beauty,5,124.39,0.0,7
O003827,C02943,2024-02-14,Electronics,3,80.73,0.0,4
O003828,C04644,2024-07-26,Home,5,140.68,0.0,5
O003829,C04322,2024-04-05,Clothing,3,155.62,0.0,3
O003830,C03906,2024-10-01,Home,1,42.48,5.85,5
O003831,C04729,2024-10-19,Electronics,2,80.48,0.0,5
O003832,C03411,2024-08-22,Clothing,1,24.22,6.52,5
O003833,C01359,2024-12-06,Sports,3,80.05,0.0,4
O003834,C01205,2024-07-25,Clothing,3,110.92,0.0,4
O003835,C03605,2024-01-26,Clothing,7,224.83,0.0,4
O003836,C02994,2024-12-15,Sports,1,10.45,8.16,5
O003837,C02242,2024-12-25,Home,3,44.84,11.42,8
O003838,C00538,2024-07-25,Clothing,2,111.12,0.0,4
O003839,C04012,2024-05-20,Home,1,52.98,11.03,5
O003840,C03869,2024-12-12,Clothing,2,50.26,11.47,6
O003841,C04577,2024-03-27,Home,2,5.17,5.18,1
O003842,C04526,2024-04-07,Home,4,184.19,0.0,4
O003843,C03584,2024-01-23,Home,4,156.23,0.0,4
O003844,C01351,2024-09-06,Clothing,3,161.58,0.0,4
O003845,C00945,2024-12-29,Beauty,4,124.08,0.0,5
O003846,C03857,2024-09-06,Sports,4,167.45,0.0,5
O003847,C01824,2024-05-27,Home,1,36.48,12.39,4
O003848,C02626,2024-02-23,Electronics,1,13.48,8.35,7
O003849,C03899,2024-11-10,Clothing,3,51.75,7.64,6
O003850,C03488,2024-02-08,Home,3,94.61,0.0,4
O003851,C04207,2024-11-29,Sports,4,192.52,0.0,2
O003852,C04308,2024-08-05,Clothing,2,107.5,0.0,4
O003853,C00851,2024-12-12,Clothing,4,116.78,0.0,4
O003854,C02926,2024-08-24,Electronics,4,129.59,0.0,4
O003855,C00996,2024-11-20,Beauty,6,307.46,0.0,3
O003856,C04762,2024-11-19,Home,3,114.39,0.0,5
O003857,C00350,2024-12-08,Sports,3,125.68,0.0,2
O003858,C01538,2024-10-03,Sports,3,114.86,0.0,7
O003859,C02978,2024-08-12,Electronics,3,80.93,0.0,5
O003860,C02729,2024-05-23,Clothing,4,251.11,0.0,4
O003861,C04347,2024-10-14,Clothing,1,31.68,11.8,8
O003862,C02367,2024-07-29,Home,4,192.99,0.0,5
O003863,C02237,2024-06-02,Clothing,4,159.01,0.0,4
O003864,C03876,2024-09-15,Sports,4,66.78,12.61,3
O003865,C03095,2024-08-14,Home,2,74.3,9.64,4
O003866,C03602,2024-03-22,Clothing,4,201.11,0.0,3
O003867,C04175,2024-03-28,Home,1,38.7,6.47,3
O003868,C04642,2024-11-04,Sports,1,29.09,6.26,3
O003869,C00924,2024-01-04,Clothing,3,128.22,0.0,6
O003870,C00619,2024-06-21,Clothing,6,151.73,0.0,4
O003871,C04401,2024-02-01,Clothing,6,174.81,0.0,2
O003872,C03263,2024-08-21,Clothing,2,121.62,0.0,5
O003873,C03304,2024-08-13,Clothing,1,24.71,11.04,4
O003874,C02602,2024-12-04,Home,3,51.52,9.12,3
O003875,C01048,2024-07-24,Sports,2,69.91,8.09,3
O003876,C01699,2024-04-11,Clothing,2,63.68,6.63,3
O003877,C02231,2024-02-27,Clothing,3,109.01,0.0,8
O003878,C01869,2024-09-25,Sports,5,277.24,0.0,5
O003879,C02655,2024-05-29,Electronics,2,108.49,0.0,6
O003880,C00083,2024-09-08,Sports,2,67.6,7.33,4
O003881,C00093,2024-02-13,Clothing,2,80.63,0.0,3
O003882,C03157,2024-01-30,Home,2,77.65,0.0,2
O003883,C03049,2024-01-12,Clothing,4,104.5,0.0,3
O003884,C01468,2024-01-14,Clothing,4,44.23,5.82,7
O003885,C02025,2024-10-18,Clothing,4,131.33,0.0,4
O003886,C04870,2024-02-14,Electronics,3,70.22,5.85,5
O003887,C03818,2024-07-18,Sports,2,48.17,8.98,4
O003888,C02699,2024-01-24,Home,1,5.75,11.23,5
O003889,C00792,2024-09-07,Electronics,1,70.68,6.0,4
O003890,C00476,2024-04-28,Clothing,2,132.45,0.0,4
O003891,C00504,2024-03-18,Beauty,3,120.34,0.0,2
O003892,C00231,2024-08-29,Home,2,64.97,10.01,5
O003893,C01587,2024-07-21,Beauty,4,161.48,0.0,4
O003894,C01775,2024-08-24,Electronics,6,223.6,0.0,4
O003895,C03091,2024-10-20,Clothing,5,202.44,0.0,2
O003896,C02257,2024-12-13,Sports,1,52.77,11.22,4
O003897,C03971,2024-03-27,Clothing,2,51.99,6.27,4
O003898,C04227,2024-07-28,Clothing,4,110.12,0.0,4
O003899,C04839,2024-10-02,Electronics,1,35.94,9.0,3
O003900,C00384,2024-04-06,Home,2,73.4,10.95,3
O003901,C03164,2024-01-02,Beauty,2,35.96,11.78,4
O003902,C02410,2024-08-16,Clothing,1,38.66,10.15,4
O003903,C00761,2024-08-30,Electronics,8,324.02,0.0,3
O003904,C03953,2024-09-14,Home,1,31.04,8.46,1
O003905,C00943,2024-02-11,Clothing,2,94.82,0.0,7
O003906,C02696,2024-07-31,Beauty,3,54.13,6.5,5
O003907,C01297,2024-10-22,Beauty,2,81.52,0.0,3
O003908,C02403,2024-01-03,Clothing,3,91.77,0.0,4
O003909,C02148,2024-01-16,Clothing,4,178.54,0.0,3
O003910,C01640,2024-10-05,Clothing,1,50.97,12.81,4
O003911,C04397,2024-04-11,Clothing,1,30.24,5.5,5
O003912,C00609,2024-03-17,Beauty,3,69.35,9.46,3
O003913,C00882,2024-07-20,Sports,4,140.45,0.0,6
O003914,C02251,2024-02-24,Beauty,3,120.94,0.0,3
O003915,C03093,2024-07-27,Clothing,1,32.58,8.89,3
O003916,C02160,2024-11-24,Home,5,198.28,0.0,4
O003917,C02429,2024-12-19,Home,2,83.22,0.0,5
O003918,C04851,2024-03-21,Home,2,96.78,0.0,1
O003919,C03002,2024-08-31,Electronics,1,23.25,12.48,6
O003920,C04892,2024-08-22,Sports,1,33.33,5.27,4
O003921,C01995,2024-04-23,Home,4,134.05,0.0,3
O003922,C01324,2024-03-07,Clothing,5,257.6,0.0,7
O003923,C04318,2024-10-23,Home,3,92.27,0.0,3
O003924,C01012,2024-02-09,Beauty,4,154.15,0.0,5
O003925,C04039,2024-08-08,Home,1,21.24,10.58,2
O003926,C00689,2024-04-12,Home,1,51.74,11.72,4
O003927,C04069,2024-10-21,Electronics,6,253.42,0.0,2
O003928,C04214,2024-02-22,Clothing,7,225.2,0.0,6
O003929,C04270,2024-10-22,Home,2,131.56,0.0,3
O003930,C01243,2024-02-21,Beauty,10,295.34,0.0,5
O003931,C03448,2024-02-06,Home,7,357.65,0.0,4
O003932,C02045,2024-03-07,Electronics,2,120.79,0.0,5
O003933,C00441,2024-06-10,Sports,3,55.14,5.01,4
O003934,C01225,2024-07-24,Home,1,46.03,9.62,4
O003935,C02463,2024-12-06,Beauty,1,68.67,9.14,3
O003936,C04179,2024-11-17,Sports,2,67.21,8.78,3
O003937,C02753,2024-02-21,Electronics,5,167.02,0.0,5
O003938,C01753,2024-07-27,Home,4,135.62,0.0,5
O003939,C04443,2024-01-02,Home,3,79.51,0.0,5
O003940,C04630,2024-05-08,Electronics,1,7.45,9.79,5
O003941,C03003,2024-06-26,Clothing,2,55.86,10.08,4
O003942,C04547,2024-06-12,Electronics,2,59.18,5.88,5
O003943,C03217,2024-12-18,Electronics,4,142.08,0.0,3
O003944,C03360,2024-01-22,Electronics,3,113.23,0.0,3
O003945,C03943,2024-08-14,Home,5,113.71,0.0,2
O003946,C03297,2024-03-22,Home,5,212.34,0.0,4
O003947,C04310,2024-06-12,Home,6,237.07,0.0,6
O003948,C04015,2024-01-03,Home,4,142.36,0.0,6
O003949,C00900,2024-06-20,Beauty,1,10.82,10.63,4
O003950,C01190,2024-04-27,Clothing,3,118.72,0.0,5
O003951,C00653,2024-05-23,Beauty,9,237.83,0.0,3
O003952,C00983,2024-09-08,Electronics,2,72.95,11.25,2
O003953,C00576,2024-09-22,Home,3,183.96,0.0,3
O003954,C00333,2024-06-18,Beauty,1,37.11,6.32,4
O003955,C04308,2024-07-31,Sports,4,105.71,0.0,4
O003956,C00289,2024-10-07,Home,2,99.86,0.0,7
O003957,C02214,2024-08-14,Electronics,5,188.97,0.0,4
O003958,C02174,2024-09-18,Clothing,2,89.31,0.0,3
O003959,C03834,2024-09-11,Clothing,2,93.38,0.0,4
O003960,C01056,2024-01-08,Home,9,362.86,0.0,5
O003961,C04370,2024-02-10,Home,2,48.53,8.53,4
O003962,C01325,2024-09-13,Beauty,6,215.24,0.0,1
O003963,C03596,2024-05-10,Sports,2,57.62,10.53,2
O003964,C03828,2024-02-21,Beauty,5,156.53,0.0,5
O003965,C02663,2024-04-11,Home,1,21.0,11.92,5
O003966,C02324,2024-08-06,Electronics,3,64.22,10.61,6
O003967,C01883,2024-08-31,Clothing,3,149.57,0.0,6
O003968,C03064,2024-11-28,Sports,2,64.69,11.59,5
O003969,C01154,2024-10-29,Home,4,119.19,0.0,4
O003970,C03371,2024-12-04,Beauty,3,114.67,0.0,7
O003971,C00097,2024-10-01,Home,5,200.42,0.0,4
O003972,C00277,2024-03-10,Beauty,5,39.35,7.28,6
O003973,C02848,2024-02-16,Beauty,6,22.95,8.18,2
O003974,C00332,2024-04-26,Sports,1,18.29,9.22,3
O003975,C02253,2024-03-18,Electronics,3,102.04,0.0,5
O003976,C04199,2024-01-05,Sports,3,120.59,0.0,3
O003977,C03052,2024-09-10,Sports,1,62.87,9.6,5
O003978,C03697,2024-11-15,Clothing,1,34.59,7.13,6
O003979,C02408,2024-04-16,Home,1,29.47,6.21,3
O003980,C03203,2024-08-31,Electronics,1,55.7,12.3,3
O003981,C02087,2024-06-21,Sports,2,51.82,8.75,1
O003982,C00307,2024-02-05,Electronics,2,84.56,0.0,4
O003983,C00884,2024-06-21,Clothing,3,83.0,0.0,5
O003984,C04290,2024-06-28,Home,3,109.43,0.0,5
O003985,C03590,2024-09-23,Sports,1,13.0,6.03,5
O003986,C03642,2024-09-11,Sports,4,180.74,0.0,4
O003987,C04345,2024-11-15,Sports,1,30.5,7.67,4
O003988,C02163,2024-11-16,Beauty,4,173.48,0.0,4
O003989,C03148,2024-03-13,Home,2,93.79,0.0,4
O003990,C02784,2024-02-26,Clothing,2,68.37,6.38,5
O003991,C03142,2024-03-06,Home,1,31.66,7.37,1
O003992,C04604,2024-05-11,Electronics,5,179.43,0.0,5
O003993,C00155,2024-09-16,Clothing,3,122.21,0.0,5
O003994,C03631,2024-05-03,Beauty,4,139.59,0.0,2
O003995,C00461,2024-04-01,Home,2,32.43,8.54,2
O003996,C01397,2024-09-30,Home,2,98.02,0.0,6
O003997,C00791,2024-05-20,Electronics,1,5.0,10.23,6
O003998,C03710,2024-08-19,Clothing,5,187.76,0.0,5
O003999,C01868,2024-03-10,Sports,4,209.48,0.0,2
O004000,C01689,2024-06-23,Sports,3,172.27,0.0,6
O004001,C00577,2024-12-24,Home,3,115.98,0.0,5
O004002,C03765,2024-03-26,Home,4,173.07,0.0,5
O004003,C02544,2024-09-09,Electronics,3,117.68,0.0,1
O004004,C00362,2024-01-30,Beauty,3,67.23,6.29,5
O004005,C00457,2024-06-03,Clothing,6,393.75,0.0,6
O004006,C03250,2024-07-18,Clothing,4,74.74,12.09,4
O004007,C04225,2024-12-28,Clothing,6,245.95,0.0,3
O004008,C03562,2024-06-04,Clothing,4,130.78,0.0,4
O004009,C03111,2024-09-01,Sports,4,132.61,0.0,4
O004010,C03530,2024-01-20,Electronics,2,89.36,0.0,3
O004011,C04908,2024-07-21,Electronics,4,132.79,0.0,5
O004012,C04969,2024-11-29,Clothing,3,71.35,10.58,1
O004013,C00350,2024-05-31,Home,1,10.37,10.78,3
O004014,C02693,2024-03-17,Clothing,2,37.01,6.09,4
O004015,C04548,2024-11-23,Sports,2,83.37,0.0,3
O004016,C04084,2024-06-20,Electronics,8,269.21,0.0,2
O004017,C00109,2024-11-24,Clothing,1,50.59,7.46,4
O004018,C01232,2024-09-06,Home,5,125.38,0.0,6
O004019,C00577,2024-07-04,Home,4,160.19,0.0,3
O004020,C00241,2024-12-27,Beauty,2,59.89,6.39,8
O004021,C02639,2024-05-07,Clothing,1,55.58,12.63,4
O004022,C02042,2024-12-28,Clothing,6,182.43,0.0,5
O004023,C00371,2024-01-11,Beauty,1,40.35,7.6,4
O004024,C02153,2024-12-01,Beauty,4,128.69,0.0,3
O004025,C00098,2024-08-29,Clothing,1,49.31,9.4,3
O004026,C04192,2024-06-29,Sports,2,99.22,0.0,3
O004027,C01949,2024-09-21,Electronics,5,122.2,0.0,4
O004028,C01496,2024-07-13,Clothing,2,85.89,0.0,4
O004029,C02094,2024-09-02,Home,2,62.43,8.93,5
O004030,C02938,2024-04-09,Clothing,3,142.1,0.0,3
O004031,C02079,2024-02-21,Clothing,5,119.88,0.0,2
O004032,C02456,2024-03-15,Home,7,224.83,0.0,6
O004033,C03447,2024-05-12,Electronics,6,246.61,0.0,5
O004034,C01406,2024-09-12,Sports,4,145.98,0.0,3
O004035,C04812,2024-07-27,Electronics,1,45.62,11.74,2
O004036,C02692,2024-05-22,Beauty,4,99.15,0.0,4
O004037,C02746,2024-03-08,Beauty,2,52.83,8.47,2
O004038,C00973,2024-02-23,Home,5,208.99,0.0,2
O004039,C02749,2024-09-23,Electronics,5,143.57,0.0,7
O004040,C01513,2024-08-29,Electronics,2,67.33,10.76,5
O004041,C02924,2024-02-16,Home,1,56.1,10.7,2
O004042,C00809,2024-04-24,Electronics,3,75.26,0.0,4
O004043,C04695,2024-07-14,Beauty,2,63.92,11.43,3
O004044,C04231,2024-10-20,Clothing,1,45.29,10.95,4
O004045,C00328,2024-05-09,Electronics,1,49.98,8.25,1
O004046,C04295,2024-02-14,Clothing,4,83.13,0.0,6
O004047,C00683,2024-06-03,Home,1,24.12,5.71,5
O004048,C03332,2024-11-12,Sports,3,120.04,0.0,3
O004049,C00124,2024-03-22,Electronics,3,65.6,10.8,4
O004050,C00754,2024-09-23,Electronics,7,285.59,0.0,1
O004051,C01607,2024-06-05,Home,3,92.22,0.0,5
O004052,C03579,2024-01-25,Clothing,3,94.04,0.0,5
O004053,C04667,2024-11-29,Clothing,4,199.84,0.0,3
O004054,C01469,2024-06-30,Clothing,3,84.74,0.0,2
O004055,C02846,2024-06-22,Home,3,103.29,0.0,8
O004056,C02939,2024-10-23,Home,3,122.07,0.0,5
O004057,C01927,2024-02-10,Clothing,3,102.02,0.0,4
O004058,C02428,2024-12-22,Sports,2,48.92,10.81,4
O004059,C00165,2024-10-14,Home,1,48.75,11.84,5
O004060,C01510,2024-02-18,Beauty,1,5.01,12.04,5
O004061,C04711,2024-09-18,Electronics,1,34.85,7.06,4
O004062,C04093,2024-08-31,Electronics,1,30.31,9.15,5
O004063,C02811,2024-02-26,Clothing,2,30.84,6.17,1
O004064,C01201,2024-01-06,Clothing,6,214.1,0.0,3
O004065,C03282,2024-02-16,Home,5,121.95,0.0,2
O004066,C00619,2024-03-03,Beauty,3,38.27,11.57,1
O004067,C02713,2024-03-07,Clothing,7,175.42,0.0,3
O004068,C04955,2024-07-01,Home,4,167.96,0.0,5
O004069,C03724,2024-06-10,Clothing,4,116.08,0.0,5
O004070,C01687,2024-10-23,Sports,2,46.68,7.6,3
O004071,C01607,2024-04-14,Clothing,4,193.62,0.0,2
O004072,C04733,2024-09-19,Clothing,5,193.0,0.0,4
O004073,C03933,2024-02-26,Clothing,2,43.27,6.51,4
O004074,C03893,2024-01-16,Clothing,3,152.08,0.0,6
O004075,C03804,2024-02-28,Sports,4,94.15,0.0,4
O004076,C04311,2024-06-14,Electronics,2,87.61,0.0,4
O004077,C01354,2024-09-06,Electronics,6,180.67,0.0,5
O004078,C04240,2024-02-03,Home,4,123.91,0.0,5
O004079,C00619,2024-02-15,Beauty,3,80.96,0.0,4
O004080,C00354,2024-10-25,Sports,3,102.27,0.0,6
O004081,C00281,2024-02-16,Clothing,2,73.69,6.86,6
O004082,C03378,2024-09-08,Home,2,70.51,8.67,4
O004083,C04933,2024-06-14,Clothing,3,133.06,0.0,3
O004084,C03551,2024-11-12,Clothing,4,97.16,0.0,4
O004085,C01960,2024-05-11,Beauty,3,126.45,0.0,4
O004086,C00390,2024-03-10,Electronics,5,160.11,0.0,4
O004087,C03868,2024-02-29,Electronics,1,21.99,11.52,4
O004088,C04361,2024-07-23,Clothing,7,184.17,0.0,3
O004089,C02054,2024-08-25,Clothing,1,45.84,6.63,4
O004090,C00168,2024-12-09,Home,6,265.48,0.0,2
O004091,C04946,2024-12-13,Beauty,3,104.11,0.0,4
O004092,C02167,2024-11-28,Sports,3,85.81,0.0,5
O004093,C04270,2024-04-15,Beauty,1,28.93,12.67,3
O004094,C03007,2024-07-02,Electronics,4,119.94,0.0,4
O004095,C00187,2024-12-03,Electronics,5,264.96,0.0,6
O004096,C04047,2024-01-07,Sports,4,162.08,0.0,1
O004097,C02941,2024-01-31,Beauty,2,114.89,0.0,4
O004098,C01298,2024-08-03,Electronics,4,94.7,0.0,5
O004099,C02646,2024-12-06,Electronics,4,75.67,0.0,4
O004100,C01217,2024-10-30,Sports,2,95.2,0.0,3
O004101,C04628,2024-10-24,Sports,5,166.25,0.0,2
O004102,C03000,2024-12-11,Electronics,2,33.6,5.77,2
O004103,C01206,2024-10-12,Beauty,8,455.23,0.0,4
O004104,C00228,2024-05-05,Electronics,2,45.39,12.08,5
O004105,C02614,2024-02-20,Beauty,1,82.04,0.0,5
O004106,C04710,2024-07-08,Electronics,5,106.0,0.0,6
O004107,C02137,2024-02-20,Beauty,5,207.0,0.0,5
O004108,C03732,2024-12-30,Electronics,2,73.04,6.69,4
O004109,C00250,2024-08-19,Beauty,4,97.13,0.0,4
O004110,C02273,2024-06-26,Beauty,5,237.86,0.0,2
O004111,C02951,2024-06-06,Beauty,2,74.59,11.03,3
O004112,C03019,2024-05-26,Home,2,62.64,6.57,5
O004113,C04769,2024-11-01,Beauty,2,66.17,12.28,3
O004114,C02216,2024-09-07,Clothing,4,71.28,10.91,2
O004115,C02158,2024-12-04,Clothing,2,41.52,8.35,2
O004116,C01797,2024-12-07,Electronics,3,26.25,7.38,2
O004117,C03245,2024-05-11,Clothing,1,10.98,6.96,4
O004118,C00297,2024-08-24,Clothing,2,53.09,10.52,3
O004119,C01928,2024-01-12,Sports,3,130.31,0.0,3
O004120,C02257,2024-05-22,Clothing,6,153.3,0.0,3
O004121,C01458,2024-04-27,Beauty,3,67.58,12.73,4
O004122,C03547,2024-03-01,Clothing,3,118.38,0.0,3
O004123,C03128,2024-06-29,Beauty,3,98.7,0.0,5
O004124,C02309,2024-11-08,Beauty,2,83.88,0.0,3
O004125,C03665,2024-09-21,Clothing,2,79.19,0.0,4
O004126,C01590,2024-01-29,Electronics,6,283.04,0.0,3
O004127,C00096,2024-09-19,Sports,6,234.15,0.0,6
O004128,C03933,2024-07-18,Electronics,3,103.08,0.0,4
O004129,C01360,2024-04-14,Beauty,3,174.24,0.0,4
O004130,C01740,2024-03-19,Sports,4,226.95,0.0,5
O004131,C03795,2024-05-23,Clothing,4,121.9,0.0,4
O004132,C01353,2024-07-17,Electronics,5,194.93,0.0,2
O004133,C04925,2024-04-15,Clothing,2,68.99,7.14,2
O004134,C01543,2024-12-04,Electronics,1,81.63,0.0,4
O004135,C02668,2024-03-29,Sports,4,157.07,0.0,6
O004136,C00831,2024-11-27,Clothing,1,8.9,12.98,4
O004137,C01606,2024-09-22,Home,3,154.75,0.0,3
O004138,C04646,2024-09-07,Electronics,3,129.6,0.0,4
O004139,C02748,2024-05-31,Beauty,5,212.8,0.0,5
O004140,C03811,2024-11-01,Clothing,2,104.77,0.0,4
O004141,C04659,2024-07-14,Clothing,4,143.15,0.0,4
O004142,C00222,2024-05-05,Clothing,3,130.72,0.0,3
O004143,C03952,2024-02-12,Sports,2,78.26,0.0,4
O004144,C00531,2024-06-21,Electronics,4,134.93,0.0,5
O004145,C04127,2024-02-23,Sports,3,83.7,0.0,1
O004146,C01382,2024-09-09,Home,2,93.65,0.0,4
O004147,C04118,2024-10-25,Home,1,20.62,11.0,3
O004148,C00754,2024-07-14,Clothing,1,52.89,7.02,8
O004149,C04310,2024-10-19,Clothing,1,38.08,10.26,2
O004150,C04808,2024-08-04,Home,4,123.75,0.0,5
O004151,C01189,2024-06-17,Clothing,2,76.99,0.0,3
O004152,C00409,2024-08-09,Home,1,5.0,12.33,4
O004153,C02486,2024-05-07,Home,2,54.31,11.34,2
O004154,C00797,2024-12-14,Electronics,1,55.15,6.99,4
O004155,C00861,2024-01-16,Home,7,275.43,0.0,4
O004156,C04172,2024-02-06,Electronics,3,140.83,0.0,2
O004157,C00366,2024-10-22,Beauty,1,32.12,12.97,4
O004158,C01515,2024-11-15,Beauty,2,35.58,12.1,6
O004159,C04937,2024-08-12,Electronics,1,36.66,11.77,3
O004160,C02935,2024-04-23,Home,6,264.83,0.0,6
O004161,C01584,2024-01-22,Electronics,2,75.02,0.0,4
O004162,C00499,2024-10-25,Sports,8,351.07,0.0,5
O004163,C03242,2024-03-02,Clothing,1,30.6,8.65,5
O004164,C01370,2024-06-30,Clothing,1,24.55,8.3,3
O004165,C01252,2024-10-11,Beauty,1,43.74,10.21,5
O004166,C00699,2024-01-16,Sports,1,50.23,10.9,4
O004167,C02728,2024-10-03,Sports,3,160.45,0.0,3
O004168,C02251,2024-05-16,Beauty,2,75.95,0.0,5
O004169,C02494,2024-10-09,Clothing,5,320.01,0.0,3
O004170,C00132,2024-05-06,Sports,2,40.39,5.13,4
O004171,C00091,2024-03-26,Home,3,65.06,6.25,4
O004172,C03895,2024-07-25,Clothing,2,23.58,10.18,1
O004173,C03198,2024-12-28,Electronics,6,159.95,0.0,5
O004174,C00472,2024-05-30,Electronics,6,287.28,0.0,2
O004175,C01266,2024-02-20,Clothing,4,124.35,0.0,5
O004176,C04598,2024-08-18,Electronics,7,335.81,0.0,1
O004177,C02809,2024-03-20,Electronics,1,65.65,5.85,5
O004178,C04483,2024-05-10,Clothing,4,177.04,0.0,5
O004179,C01112,2024-05-15,Clothing,5,155.29,0.0,5
O004180,C00598,2024-12-11,Electronics,2,62.01,5.85,2
O004181,C00908,2024-06-18,Clothing,3,120.8,0.0,3
O004182,C02915,2024-06-11,Electronics,2,78.12,0.0,6
O004183,C03217,2024-07-17,Clothing,4,103.82,0.0,5
O004184,C01355,2024-08-14,Clothing,1,47.58,8.66,6
O004185,C03947,2024-02-17,Sports,5,263.72,0.0,2
O004186,C03236,2024-11-05,Home,2,56.29,5.17,4
O004187,C02705,2024-09-09,Sports,1,22.86,10.66,4
O004188,C02390,2024-04-12,Home,1,50.81,5.47,4
O004189,C04076,2024-02-05,Home,2,52.29,6.44,5
O004190,C03651,2024-01-06,Clothing,1,62.91,10.86,3
O004191,C00464,2024-07-17,Clothing,6,215.85,0.0,5
O004192,C03939,2024-01-12,Beauty,4,173.49,0.0,4
O004193,C01073,2024-04-12,Beauty,2,67.9,12.32,1
O004194,C00474,2024-07-05,Home,3,141.08,0.0,4
O004195,C04984,2024-11-16,Clothing,4,166.35,0.0,5
O004196,C00939,2024-06-26,Sports,2,92.31,0.0,3
O004197,C01311,2024-06-19,Sports,3,82.95,0.0,4
O004198,C02341,2024-06-25,Sports,2,81.58,0.0,5
O004199,C03521,2024-03-29,Beauty,2,65.47,7.29,4
O004200,C04057,2024-07-22,Clothing,3,72.97,8.12,2
O004201,C01087,2024-12-12,Beauty,3,108.7,0.0,2
O004202,C04664,2024-12-08,Clothing,3,92.75,0.0,6
O004203,C03530,2024-07-29,Home,2,100.74,0.0,3
O004204,C04970,2024-07-31,Sports,1,50.36,9.02,2
O004205,C00260,2024-01-21,Clothing,4,68.46,12.02,4
O004206,C01657,2024-03-28,Clothing,1,54.6,11.81,2
O004207,C02956,2024-01-13,Beauty,5,202.82,0.0,4
O004208,C04280,2024-04-29,Electronics,5,273.4,0.0,4
O004209,C03120,2024-06-26,Clothing,1,17.24,8.14,5
O004210,C00592,2024-05-08,Clothing,2,86.01,0.0,4
O004211,C01433,2024-02-20,Home,2,84.2,0.0,1
O004212,C02488,2024-02-11,Electronics,2,85.54,0.0,2
O004213,C00229,2024-11-13,Sports,3,129.1,0.0,2
O004214,C02780,2024-04-04,Home,2,68.22,12.01,4
O004215,C01369,2024-08-29,Home,4,115.19,0.0,6
O004216,C01625,2024-12-21,Clothing,4,157.98,0.0,4
O004217,C03980,2024-03-01,Home,1,31.2,12.79,6
O004218,C00740,2024-12-14,Electronics,3,129.91,0.0,5
O004219,C03175,2024-08-15,Home,3,45.01,11.39,5
O004220,C02648,2024-10-03,Sports,2,75.66,0.0,5
O004221,C02071,2024-01-18,Clothing,5,177.22,0.0,1
O004222,C04572,2024-08-31,Home,3,109.22,0.0,8
O004223,C04994,2024-11-06,Electronics,4,122.63,0.0,3
O004224,C02035,2024-11-19,Sports,3,108.46,0.0,5
O004225,C04381,2024-02-16,Beauty,3,76.62,0.0,1
O004226,C01186,2024-11-05,Sports,6,334.4,0.0,4
O004227,C00590,2024-01-18,Home,1,46.98,6.18,5
O004228,C04218,2024-07-19,Clothing,4,132.94,0.0,3
O004229,C01136,2024-09-09,Sports,4,222.15,0.0,7
O004230,C03421,2024-07-10,Beauty,1,67.65,5.48,4
O004231,C02559,2024-02-18,Electronics,1,41.76,10.31,5
O004232,C00002,2024-04-03,Beauty,1,5.0,12.95,4
O004233,C00892,2024-08-24,Electronics,3,105.6,0.0,4
O004234,C04895,2024-08-09,Home,2,71.23,12.38,4
O004235,C04725,2024-06-15,Clothing,3,160.17,0.0,6
O004236,C04557,2024-09-10,Sports,1,5.08,6.63,4
O004237,C03000,2024-02-26,Clothing,4,162.46,0.0,3
O004238,C03554,2024-01-06,Clothing,8,196.42,0.0,6
O004239,C03658,2024-08-25,Clothing,7,212.04,0.0,4
O004240,C00972,2024-08-08,Sports,3,87.13,0.0,4
O004241,C04150,2024-08-11,Clothing,4,105.78,0.0,4
O004242,C03743,2024-03-18,Clothing,2,16.47,8.06,2
O004243,C04205,2024-01-20,Sports,3,91.47,0.0,5
O004244,C00280,2024-11-01,Sports,2,90.5,0.0,5
O004245,C01699,2024-09-21,Home,2,69.7,7.53,2
O004246,C02888,2024-07-22,Electronics,8,280.52,0.0,3
O004247,C02885,2024-05-21,Electronics,3,120.52,0.0,2
O004248,C03286,2024-10-30,Home,1,42.96,6.63,7
O004249,C03580,2024-03-20,Clothing,5,160.26,0.0,5
O004250,C02252,2024-07-28,Home,2,68.42,7.42,3
O004251,C04641,2024-09-12,Electronics,2,59.51,5.65,4
O004252,C02357,2024-11-07,Home,3,120.9,0.0,4
O004253,C04624,2024-02-09,Home,9,376.97,0.0,4
O004254,C01932,2024-12-18,Sports,2,62.98,6.95,5
O004255,C03415,2024-07-20,Clothing,3,41.0,7.99,4
O004256,C01009,2024-03-26,Home,5,230.82,0.0,5
O004257,C04713,2024-02-12,Electronics,1,5.0,12.08,4
O004258,C02079,2024-08-23,Sports,3,123.79,0.0,4
O004259,C04196,2024-03-10,Clothing,3,108.47,0.0,8
O004260,C02715,2024-12-21,Beauty,3,80.38,0.0,5
O004261,C01339,2024-05-10,Sports,2,67.33,9.76,8
O004262,C04591,2024-05-11,Home,2,51.24,8.06,4
O004263,C03690,2024-09-04,Electronics,6,297.87,0.0,5
O004264,C00742,2024-06-03,Clothing,4,158.32,0.0,6
O004265,C00734,2024-08-17,Home,1,41.65,8.32,5
O004266,C01807,2024-03-29,Clothing,4,76.72,0.0,6
O004267,C02379,2024-08-16,Beauty,6,120.27,0.0,3
O004268,C03266,2024-01-27,Sports,4,158.39,0.0,6
O004269,C01754,2024-12-26,Electronics,2,82.95,0.0,4
O004270,C01025,2024-12-21,Home,2,117.12,0.0,2
O004271,C01483,2024-08-25,Clothing,4,72.56,9.13,3
O004272,C02566,2024-06-23,Clothing,2,67.38,11.1,4
O004273,C03555,2024-11-11,Clothing,5,240.56,0.0,6
O004274,C01780,2024-10-18,Home,4,96.6,0.0,6
O004275,C03717,2024-03-01,Clothing,4,166.2,0.0,3
O004276,C04819,2024-06-18,Sports,3,110.4,0.0,4
O004277,C02117,2024-09-19,Beauty,1,49.56,7.48,3
O004278,C04567,2024-11-01,Electronics,2,120.71,0.0,4
O004279,C02540,2024-04-25,Clothing,4,140.75,0.0,5
O004280,C02966,2024-06-23,Home,3,154.74,0.0,2
O004281,C02761,2024-08-08,Sports,4,152.22,0.0,4
O004282,C02455,2024-05-07,Clothing,1,39.56,5.09,3
O004283,C03755,2024-01-05,Clothing,5,125.43,0.0,4
O004284,C01946,2024-11-21,Home,1,48.79,12.32,6
O004285,C03369,2024-07-04,Clothing,5,142.4,0.0,4
O004286,C02630,2024-06-20,Clothing,2,124.24,0.0,3
O004287,C00529,2024-07-17,Home,2,75.98,0.0,3
O004288,C04233,2024-08-18,Electronics,2,17.61,10.27,5
O004289,C01472,2024-10-14,Clothing,2,78.63,0.0,4
O004290,C02036,2024-11-30,Beauty,2,35.93,10.91,5
O004291,C04035,2024-04-24,Home,1,16.75,9.48,3
O004292,C01368,2024-11-28,Electronics,3,67.54,12.29,7
O004293,C01720,2024-11-25,Electronics,5,168.96,0.0,5
O004294,C01042,2024-11-08,Electronics,3,69.86,7.02,1
O004295,C03488,2024-01-11,Electronics,4,113.08,0.0,5
O004296,C00560,2024-04-13,Beauty,1,14.95,11.79,4
O004297,C01565,2024-06-23,Clothing,2,50.38,5.98,3
O004298,C03225,2024-04-29,Electronics,5,138.12,0.0,4
O004299,C01801,2024-08-24,Clothing,1,8.07,10.6,3
O004300,C03271,2024-08-23,Sports,1,40.45,6.46,4
O004301,C01812,2024-10-31,Clothing,3,156.95,0.0,3
O004302,C03082,2024-02-07,Electronics,1,22.36,6.58,6
O004303,C04263,2024-09-28,Clothing,4,116.07,0.0,5
O004304,C00147,2024-12-09,Home,5,238.55,0.0,6
O004305,C03829,2024-09-07,Clothing,1,31.18,9.84,2
O004306,C04541,2024-11-29,Sports,3,107.63,0.0,2
O004307,C02118,2024-01-27,Sports,3,128.24,0.0,4
O004308,C02664,2024-11-25,Beauty,3,118.23,0.0,4
O004309,C00319,2024-05-02,Clothing,5,83.98,0.0,3
O004310,C03970,2024-06-04,Electronics,1,77.9,0.0,5
O004311,C04132,2024-08-04,Beauty,5,223.3,0.0,3
O004312,C00255,2024-07-12,Electronics,6,193.41,0.0,6
O004313,C01337,2024-10-27,Beauty,3,114.9,0.0,4
O004314,C00335,2024-06-09,Beauty,4,104.69,0.0,3
O004315,C03092,2024-05-07,Beauty,4,124.23,0.0,3
O004316,C04394,2024-11-11,Electronics,4,179.76,0.0,4
O004317,C01045,2024-06-26,Clothing,4,112.9,0.0,1
O004318,C04574,2024-05-05,Electronics,3,130.79,0.0,4
O004319,C01792,2024-06-22,Home,2,83.23,0.0,3
O004320,C02520,2024-02-04,Beauty,2,84.3,0.0,3
O004321,C00962,2024-08-26,Beauty,4,155.4,0.0,3
O004322,C03750,2024-02-10,Sports,3,36.58,5.64,4
O004323,C04566,2024-07-04,Electronics,3,113.89,0.0,3
O004324,C02815,2024-07-01,Sports,2,59.37,11.81,5
O004325,C00590,2024-09-17,Electronics,7,312.6,0.0,6
O004326,C01989,2024-02-03,Electronics,3,123.27,0.0,6
O004327,C02840,2024-07-05,Home,7,157.41,0.0,5
O004328,C03866,2024-11-02,Electronics,2,30.58,7.77,2
O004329,C02434,2024-05-16,Electronics,1,46.2,9.52,7
O004330,C02990,2024-07-20,Electronics,4,136.05,0.0,4
O004331,C03949,2024-05-22,Home,1,66.15,12.79,3
O004332,C04542,2024-04-18,Beauty,3,24.81,11.88,1
O004333,C01961,2024-06-05,Home,5,125.54,0.0,4
O004334,C04195,2024-09-11,Electronics,2,75.26,0.0,5
O004335,C00655,2024-06-29,Home,6,311.84,0.0,4
O004336,C01079,2024-12-06,Clothing,1,51.55,8.24,5
O004337,C03075,2024-08-06,Beauty,3,125.58,0.0,3
O004338,C01356,2024-01-28,Clothing,3,103.56,0.0,5
O004339,C01459,2024-05-30,Clothing,2,105.78,0.0,4
O004340,C03283,2024-12-24,Sports,1,27.69,5.77,6
O004341,C04913,2024-04-09,Electronics,4,154.82,0.0,6
O004342,C04757,2024-01-03,Sports,4,116.7,0.0,5
O004343,C04696,2024-02-02,Beauty,3,115.5,0.0,7
O004344,C00920,2024-07-17,Sports,7,287.66,0.0,3
O004345,C01747,2024-03-09,Electronics,1,16.25,10.1,6
O004346,C01759,2024-03-30,Clothing,5,216.75,0.0,4
O004347,C01832,2024-01-17,Electronics,1,44.29,9.06,2
O004348,C01172,2024-12-02,Clothing,3,109.12,0.0,6
O004349,C03279,2024-11-18,Electronics,3,96.18,0.0,5
O004350,C00360,2024-11-18,Home,6,238.63,0.0,5
O004351,C03811,2024-02-03,Sports,3,114.82,0.0,5
O004352,C01441,2024-09-20,Home,6,108.08,0.0,6
O004353,C02920,2024-10-27,Sports,5,227.79,0.0,5
O004354,C01720,2024-02-29,Clothing,1,5.0,11.91,4
O004355,C03254,2024-07-02,Electronics,1,5.0,10.27,4
O004356,C00556,2024-11-21,Clothing,2,103.18,0.0,5
O004357,C01234,2024-12-22,Home,1,47.99,6.39,2
O004358,C03921,2024-12-30,Electronics,6,276.07,0.0,3
O004359,C04040,2024-07-17,Sports,5,151.1,0.0,2
O004360,C02298,2024-08-28,Electronics,6,300.52,0.0,6
O004361,C01536,2024-08-19,Home,1,46.18,7.2,1
O004362,C04059,2024-07-29,Electronics,2,61.1,7.28,1
O004363,C03303,2024-02-21,Clothing,1,50.18,7.74,6
O004364,C00910,2024-04-28,Clothing,2,81.78,0.0,3
O004365,C01962,2024-11-25,Electronics,3,103.81,0.0,4
O004366,C00012,2024-08-02,Home,5,164.07,0.0,3
O004367,C00980,2024-11-17,Electronics,3,52.58,9.57,6
O004368,C00273,2024-05-28,Clothing,5,201.03,0.0,3
O004369,C04584,2024-06-24,Clothing,2,72.63,12.77,4
O004370,C01998,2024-09-25,Clothing,4,122.97,0.0,2
O004371,C04634,2024-11-15,Home,2,74.14,11.86,3
O004372,C01689,2024-01-05,Home,4,179.01,0.0,6
O004373,C01596,2024-04-25,Home,1,19.58,5.12,6
O004374,C03243,2024-07-21,Home,1,31.76,12.69,2
O004375,C04684,2024-02-06,Sports,2,71.71,7.97,8
O004376,C01716,2024-02-23,Sports,3,89.26,0.0,2
O004377,C04339,2024-10-14,Clothing,3,102.46,0.0,6
O004378,C01202,2024-10-10,Clothing,3,86.73,0.0,2
O004379,C02846,2024-03-26,Sports,6,187.74,0.0,3
O004380,C00257,2024-02-14,Clothing,2,38.86,11.67,7
O004381,C00310,2024-10-10,Clothing,4,153.85,0.0,3
O004382,C02564,2024-11-16,Home,3,83.36,0.0,3
O004383,C03418,2024-03-10,Home,1,39.77,5.22,4
O004384,C01089,2024-02-11,Electronics,2,44.65,9.4,1
O004385,C04732,2024-09-28,Home,2,75.32,0.0,2
O004386,C04893,2024-05-20,Sports,1,11.06,12.27,5
O004387,C01177,2024-02-28,Clothing,1,45.66,5.29,1
O004388,C03098,2024-08-27,Electronics,6,252.64,0.0,3
O004389,C03231,2024-02-16,Clothing,2,56.66,7.4,6
O004390,C01725,2024-06-15,Electronics,3,65.48,10.33,2
O004391,C02629,2024-04-19,Clothing,1,33.59,8.53,5
O004392,C04175,2024-05-05,Electronics,7,199.86,0.0,4
O004393,C03300,2024-10-25,Home,3,100.79,0.0,5
O004394,C01351,2024-04-18,Clothing,2,70.97,10.71,6
O004395,C00620,2024-06-13,Home,2,54.26,6.4,2
O004396,C02549,2024-09-15,Beauty,3,101.71,0.0,3
O004397,C01379,2024-03-16,Home,4,111.04,0.0,4
O004398,C04059,2024-01-07,Beauty,2,63.64,7.46,5
O004399,C00978,2024-07-04,Sports,4,164.68,0.0,1
O004400,C01538,2024-10-02,Electronics,3,96.57,0.0,6
O004401,C03773,2024-03-19,Clothing,4,77.45,0.0,6
O004402,C03579,2024-03-05,Electronics,5,166.66,0.0,4
O004403,C02534,2024-04-24,Clothing,2,36.96,11.88,4
O004404,C00478,2024-07-20,Electronics,3,103.01,0.0,2
O004405,C03655,2024-05-21,Clothing,2,77.39,0.0,1
O004406,C01895,2024-04-07,Beauty,3,91.8,0.0,4
O004407,C02381,2024-10-31,Clothing,2,61.0,9.96,2
O004408,C01633,2024-08-04,Home,3,57.93,10.19,4
O004409,C02041,2024-03-14,Clothing,4,141.05,0.0,5
O004410,C01566,2024-10-19,Clothing,8,246.6,0.0,6
O004411,C04126,2024-05-13,Beauty,1,5.0,10.65,4
O004412,C04823,2024-09-18,Clothing,3,93.58,0.0,2
O004413,C04269,2024-10-10,Electronics,3,67.13,11.21,5
O004414,C02840,2024-04-11,Electronics,3,93.9,0.0,6
O004415,C00468,2024-07-24,Home,2,130.42,0.0,5
O004416,C03548,2024-05-20,Electronics,6,247.71,0.0,6
O004417,C01976,2024-01-13,Clothing,1,38.88,7.76,4
O004418,C03389,2024-09-05,Sports,3,125.25,0.0,4
O004419,C04221,2024-05-02,Beauty,5,139.53,0.0,1
O004420,C02744,2024-01-10,Electronics,5,332.22,0.0,4
O004421,C02575,2024-03-20,Clothing,3,113.63,0.0,6
O004422,C01420,2024-06-15,Beauty,3,149.36,0.0,1
O004423,C01878,2024-04-08,Home,3,64.37,8.75,5
O004424,C01027,2024-07-25,Clothing,4,144.33,0.0,5
O004425,C04632,2024-05-30,Electronics,2,51.04,12.25,8
O004426,C00601,2024-02-06,Beauty,1,31.45,5.6,1
O004427,C03593,2024-09-20,Clothing,6,283.73,0.0,6
O004428,C00988,2024-12-07,Clothing,3,77.48,0.0,5
O004429,C00606,2024-01-05,Clothing,5,138.07,0.0,4
O004430,C02748,2024-08-13,Clothing,4,88.13,0.0,6
O004431,C00139,2024-01-27,Electronics,3,141.89,0.0,4
O004432,C02058,2024-05-03,Electronics,3,80.16,0.0,2
O004433,C03587,2024-10-25,Sports,2,68.43,5.94,3
O004434,C04226,2024-02-04,Home,2,76.38,0.0,3
O004435,C04497,2024-08-24,Sports,2,35.2,5.63,3
O004436,C01245,2024-11-06,Clothing,2,99.99,0.0,2
O004437,C00642,2024-11-12,Electronics,2,67.97,6.81,7
O004438,C00437,2024-10-29,Sports,3,62.16,8.82,8
O004439,C01424,2024-04-11,Clothing,5,151.26,0.0,5
O004440,C01137,2024-03-17,Electronics,3,73.05,9.1,4
O004441,C03722,2024-11-07,Home,2,103.13,0.0,2
O004442,C03290,2024-03-22,Clothing,5,243.94,0.0,3
O004443,C00058,2024-05-25,Electronics,4,134.26,0.0,4
O004444,C01137,2024-07-11,Beauty,5,221.53,0.0,5
O004445,C00700,2024-08-11,Electronics,7,198.88,0.0,2
O004446,C01146,2024-02-22,Home,3,124.19,0.0,3
O004447,C02456,2024-12-10,Clothing,2,70.84,6.71,3
O004448,C01109,2024-03-25,Beauty,2,70.79,7.14,9
O004449,C04496,2024-05-08,Home,4,99.5,0.0,2
O004450,C00108,2024-07-29,Electronics,3,35.56,9.82,2
O004451,C01985,2024-12-17,Electronics,2,83.72,0.0,5
O004452,C04248,2024-09-20,Sports,3,100.7,0.0,3
O004453,C00906,2024-07-01,Sports,9,276.45,0.0,4
O004454,C04946,2024-09-28,Home,1,29.02,10.09,5
O004455,C01993,2024-08-14,Sports,5,243.27,0.0,6
O004456,C04123,2024-11-17,Clothing,7,99.63,0.0,4
O004457,C04215,2024-01-12,Electronics,4,251.23,0.0,1
O004458,C04819,2024-04-02,Sports,1,48.21,10.57,5
O004459,C02148,2024-11-25,Beauty,2,54.32,10.87,1
O004460,C04099,2024-07-08,Electronics,3,150.6,0.0,2
O004461,C00806,2024-03-26,Clothing,9,463.65,0.0,7
O004462,C01993,2024-12-19,Home,2,21.0,5.28,2
O004463,C03601,2024-10-03,Clothing,1,17.52,6.23,3
O004464,C04400,2024-10-19,Sports,1,53.16,6.62,4
O004465,C04273,2024-09-17,Sports,1,16.92,12.72,4
O004466,C04011,2024-07-16,Clothing,1,8.17,9.43,5
O004467,C00084,2024-11-18,Electronics,7,219.98,0.0,3
O004468,C04359,2024-01-10,Beauty,2,13.65,12.84,4
O004469,C03321,2024-03-28,Electronics,2,74.5,6.26,7
O004470,C02506,2024-12-05,Beauty,3,136.56,0.0,3
O004471,C02457,2024-11-13,Home,2,81.51,0.0,5
O004472,C03063,2024-02-06,Clothing,5,265.48,0.0,2
O004473,C03853,2024-08-10,Clothing,2,77.13,0.0,4
O004474,C04898,2024-06-23,Beauty,3,87.82,0.0,3
O004475,C04991,2024-07-27,Beauty,2,51.45,10.86,4
O004476,C04969,2024-02-18,Sports,2,15.46,9.04,6
O004477,C00388,2024-01-24,Beauty,4,69.1,9.15,4
O004478,C02004,2024-12-03,Home,2,50.52,7.52,4
O004479,C01032,2024-04-15,Electronics,2,51.27,12.24,4
O004480,C01541,2024-11-06,Electronics,8,273.15,0.0,4
O004481,C00450,2024-09-19,Clothing,4,137.47,0.0,2
O004482,C03548,2024-07-24,Home,4,133.89,0.0,6
O004483,C04438,2024-06-17,Clothing,4,181.92,0.0,4
O004484,C01097,2024-06-06,Beauty,2,81.86,0.0,4
O004485,C00860,2024-08-28,Clothing,6,199.43,0.0,5
O004486,C00302,2024-05-02,Beauty,1,12.32,11.27,3
O004487,C02020,2024-01-20,Beauty,5,221.69,0.0,6
O004488,C00881,2024-02-25,Clothing,2,55.94,11.55,9
O004489,C02282,2024-10-06,Home,1,9.23,7.49,2
O004490,C04162,2024-04-17,Sports,1,41.19,5.49,3
O004491,C00230,2024-05-19,Clothing,4,195.08,0.0,6
O004492,C00922,2024-03-31,Clothing,2,97.08,0.0,5
O004493,C01833,2024-09-27,Electronics,2,25.29,12.42,4
O004494,C00051,2024-11-24,Sports,4,152.04,0.0,4
O004495,C03679,2024-07-28,Beauty,1,42.38,7.98,3
O004496,C04483,2024-06-24,Clothing,2,88.95,0.0,6
O004497,C03782,2024-03-01,Clothing,4,121.13,0.0,7
O004498,C00753,2024-10-10,Clothing,2,34.5,10.63,4
O004499,C01479,2024-01-03,Electronics,3,113.82,0.0,1
O004500,C02089,2024-09-28,Electronics,3,65.71,12.55,3
O004501,C02994,2024-06-12,Sports,4,87.27,0.0,5
O004502,C03796,2024-01-09,Sports,3,79.15,0.0,6
O004503,C03341,2024-01-12,Sports,3,88.24,0.0,4
O004504,C02344,2024-03-14,Home,2,83.08,0.0,5
O004505,C01239,2024-08-25,Home,3,175.29,0.0,5
O004506,C04521,2024-10-26,Clothing,4,132.36,0.0,6
O004507,C02237,2024-04-17,Clothing,3,42.8,11.17,5
O004508,C04257,2024-01-13,Clothing,3,58.1,12.34,4
O004509,C02429,2024-08-21,Beauty,2,59.4,7.12,3
O004510,C04340,2024-09-01,Electronics,4,146.79,0.0,1
O004511,C00183,2024-11-16,Clothing,4,249.46,0.0,6
O004512,C00544,2024-04-01,Clothing,5,75.6,0.0,3
O004513,C02827,2024-12-25,Home,3,158.53,0.0,7
O004514,C00093,2024-07-16,Clothing,4,182.47,0.0,4
O004515,C02416,2024-04-25,Beauty,2,91.87,0.0,1
O004516,C04255,2024-05-10,Clothing,1,26.61,6.63,5
O004517,C02446,2024-12-30,Clothing,2,46.53,12.03,3
O004518,C04534,2024-06-01,Clothing,3,40.26,10.1,2
O004519,C04402,2024-04-30,Home,2,60.61,7.14,4
O004520,C03033,2024-04-17,Home,3,142.39,0.0,3
O004521,C01974,2024-01-16,Sports,8,275.43,0.0,4
O004522,C03290,2024-10-25,Electronics,4,115.49,0.0,1
O004523,C02377,2024-02-25,Clothing,1,27.83,10.01,4
O004524,C04439,2024-04-12,Electronics,3,123.57,0.0,4
O004525,C03235,2024-07-26,Home,5,142.13,0.0,8
O004526,C01134,2024-05-30,Clothing,4,143.83,0.0,3
O004527,C03639,2024-09-18,Electronics,8,271.2,0.0,3
O004528,C02398,2024-02-12,Home,1,18.35,8.94,4
O004529,C02774,2024-10-26,Sports,2,74.33,8.38,4
O004530,C04461,2024-04-27,Sports,3,141.34,0.0,5
O004531,C01921,2024-12-01,Beauty,4,198.74,0.0,4
O004532,C02063,2024-10-05,Clothing,2,82.44,0.0,2
O004533,C02201,2024-05-23,Electronics,3,57.37,5.95,6
O004534,C04628,2024-08-15,Home,3,90.04,0.0,4
O004535,C03015,2024-07-22,Sports,2,27.35,11.39,3
O004536,C03472,2024-08-16,Clothing,3,75.99,0.0,3
O004537,C04951,2024-09-21,Electronics,1,40.94,7.49,4
O004538,C00469,2024-05-16,Clothing,1,46.04,8.74,6
O004539,C01345,2024-08-27,Sports,2,43.89,7.8,2
O004540,C00879,2024-07-04,Home,2,96.4,0.0,7
O004541,C04463,2024-11-10,Beauty,5,108.45,0.0,5
O004542,C03910,2024-05-30,Home,2,86.63,0.0,4
O004543,C03808,2024-11-20,Clothing,6,288.44,0.0,4
O004544,C04737,2024-10-17,Clothing,1,62.38,8.0,5
O004545,C04958,2024-12-18,Home,3,109.27,0.0,5
O004546,C02942,2024-04-19,Home,4,148.95,0.0,3
O004547,C03346,2024-02-09,Beauty,3,71.68,12.18,7
O004548,C00589,2024-05-21,Home,2,97.7,0.0,5
O004549,C03884,2024-12-05,Clothing,1,45.44,11.99,3
O004550,C01330,2024-01-13,Electronics,3,52.8,7.8,4
O004551,C00092,2024-02-22,Clothing,2,56.16,12.06,3
O004552,C00458,2024-03-20,Home,3,130.17,0.0,2
O004553,C03342,2024-08-20,Electronics,2,62.95,12.33,4
O004554,C01885,2024-12-16,Beauty,1,46.39,5.03,3
O004555,C03122,2024-02-08,Beauty,3,138.24,0.0,4
O004556,C02040,2024-08-14,Electronics,2,50.96,10.67,5
O004557,C01404,2024-12-05,Sports,2,63.69,11.23,5
O004558,C03704,2024-04-30,Beauty,5,152.7,0.0,2
O004559,C04483,2024-03-05,Home,4,156.67,0.0,4
O004560,C01982,2024-10-22,Electronics,3,76.8,0.0,2
O004561,C01793,2024-07-23,Clothing,4,168.67,0.0,2
O004562,C04467,2024-05-14,Clothing,2,47.09,10.9,2
O004563,C02232,2024-02-14,Clothing,3,130.39,0.0,2
O004564,C00772,2024-10-04,Beauty,2,64.4,5.26,3
O004565,C00205,2024-05-14,Clothing,1,52.68,9.95,1
O004566,C02220,2024-02-21,Sports,1,49.9,12.95,4
O004567,C04921,2024-08-16,Clothing,4,89.92,0.0,3
O004568,C00222,2024-12-21,Sports,1,19.55,6.78,3
O004569,C01192,2024-03-08,Electronics,2,36.52,10.57,4
O004570,C03316,2024-07-16,Home,1,71.7,8.31,4
O004571,C03290,2024-03-07,Beauty,3,98.79,0.0,6
O004572,C01599,2024-01-03,Home,3,108.49,0.0,3
O004573,C01909,2024-02-27,Home,2,36.37,10.35,3
O004574,C04263,2024-09-12,Home,6,205.04,0.0,2
O004575,C01543,2024-12-21,Beauty,5,90.12,0.0,4
O004576,C00142,2024-09-21,Clothing,2,92.8,0.0,6
O004577,C00090,2024-01-16,Beauty,5,148.01,0.0,2
O004578,C03986,2024-09-24,Home,2,53.0,10.52,5
O004579,C04407,2024-04-11,Beauty,5,190.09,0.0,5
O004580,C02264,2024-10-13,Clothing,7,293.57,0.0,5
O004581,C03513,2024-08-09,Electronics,5,212.96,0.0,5
O004582,C03707,2024-01-21,Clothing,4,113.24,0.0,3
O004583,C01210,2024-01-21,Electronics,3,99.18,0.0,3
O004584,C04979,2024-04-01,Home,3,133.18,0.0,7
O004585,C03225,2024-10-10,Electronics,2,80.18,0.0,3
O004586,C04857,2024-05-12,Clothing,1,38.71,6.46,4
O004587,C01360,2024-11-22,Beauty,3,108.65,0.0,4
O004588,C01539,2024-11-24,Sports,3,165.32,0.0,4
O004589,C00149,2024-06-23,Clothing,3,95.41,0.0,6
O004590,C04811,2024-07-31,Electronics,1,66.5,7.09,1
O004591,C01426,2024-05-27,Home,2,39.12,9.96,1
O004592,C01718,2024-08-19,Clothing,1,23.69,10.53,3
O004593,C01355,2024-06-13,Electronics,1,71.3,6.75,3
O004594,C02406,2024-11-09,Sports,2,123.62,0.0,3
O004595,C02636,2024-05-24,Sports,4,132.36,0.0,4
O004596,C02364,2024-10-24,Clothing,3,47.68,10.48,2
O004597,C02933,2024-08-10,Home,4,84.81,0.0,5
O004598,C03108,2024-12-18,Beauty,7,285.75,0.0,6
O004599,C01502,2024-03-02,Sports,4,147.24,0.0,5
O004600,C01452,2024-04-05,Home,3,109.26,0.0,3
O004601,C00450,2024-04-21,Clothing,2,55.99,10.28,6
O004602,C01836,2024-03-27,Beauty,5,16.36,5.89,4
O004603,C04186,2024-09-11,Clothing,3,119.34,0.0,5
O004604,C02589,2024-04-22,Clothing,1,46.83,10.48,3
O004605,C04272,2024-09-10,Home,2,66.92,9.41,2
O004606,C01444,2024-12-13,Electronics,2,86.32,0.0,4
O004607,C02949,2024-11-17,Home,1,29.05,8.39,7
O004608,C03936,2024-02-01,Home,5,160.66,0.0,4
O004609,C03710,2024-03-04,Beauty,1,56.93,6.69,6
O004610,C03243,2024-06-02,Beauty,2,64.44,8.54,5
O004611,C01290,2024-01-05,Home,1,28.34,10.3,3
O004612,C00504,2024-11-25,Home,2,87.17,0.0,4
O004613,C03098,2024-07-28,Sports,2,95.25,0.0,5
O004614,C02148,2024-04-01,Beauty,1,58.81,7.27,6
O004615,C01466,2024-08-09,Beauty,4,73.51,12.33,4
O004616,C04521,2024-07-08,Electronics,3,125.74,0.0,1
O004617,C01898,2024-02-29,Electronics,8,247.94,0.0,5
O004618,C03717,2024-07-23,Sports,6,312.71,0.0,5
O004619,C00651,2024-07-30,Clothing,4,121.98,0.0,5
O004620,C03263,2024-09-14,Clothing,2,58.59,6.8,1
O004621,C01211,2024-03-29,Beauty,5,207.63,0.0,3
O004622,C02188,2024-08-23,Home,4,181.02,0.0,1
O004623,C03821,2024-12-28,Beauty,3,93.11,0.0,3
O004624,C00369,2024-11-27,Clothing,4,112.77,0.0,5
O004625,C02345,2024-07-14,Clothing,3,86.29,0.0,5
O004626,C03272,2024-11-27,Beauty,1,36.81,12.07,4
O004627,C02844,2024-07-01,Beauty,4,144.89,0.0,6
O004628,C03451,2024-09-07,Clothing,3,27.72,12.58,5
O004629,C03152,2024-08-11,Sports,4,66.14,9.21,6
O004630,C03519,2024-06-19,Home,3,128.91,0.0,5
O004631,C04355,2024-07-16,Home,3,57.24,10.02,5
O004632,C01637,2024-09-05,Clothing,1,28.74,7.42,3
O004633,C03861,2024-06-29,Sports,1,17.78,10.92,2
O004634,C01145,2024-10-03,Home,4,98.59,0.0,3
O004635,C03127,2024-10-01,Clothing,3,131.92,0.0,4
O004636,C00018,2024-06-09,Beauty,1,29.51,11.17,4
O004637,C01657,2024-09-04,Electronics,3,107.67,0.0,5
O004638,C04206,2024-11-14,Home,3,117.52,0.0,6
O004639,C04427,2024-07-06,Beauty,5,150.0,0.0,6
O004640,C01597,2024-01-19,Sports,2,25.4,7.15,2
O004641,C00946,2024-08-31,Electronics,4,50.98,10.37,5
O004642,C01288,2024-04-22,Electronics,1,33.75,12.88,4
O004643,C00268,2024-10-04,Electronics,3,96.43,0.0,2
O004644,C00435,2024-02-20,Clothing,4,146.62,0.0,2
O004645,C02036,2024-12-09,Sports,3,106.32,0.0,2
O004646,C02498,2024-05-02,Clothing,2,32.23,10.22,2
O004647,C03209,2024-08-25,Home,1,21.86,11.03,3
O004648,C01614,2024-11-14,Beauty,6,142.29,0.0,5
O004649,C00719,2024-03-02,Clothing,2,10.07,5.11,3
O004650,C03979,2024-03-14,Clothing,4,124.02,0.0,2
O004651,C02232,2024-09-01,Electronics,3,97.79,0.0,2
O004652,C03673,2024-02-01,Electronics,4,192.83,0.0,3
O004653,C00741,2024-06-01,Beauty,2,79.39,0.0,4
O004654,C00805,2024-05-23,Sports,3,193.16,0.0,2
O004655,C04513,2024-01-15,Home,2,70.75,9.83,3
O004656,C04978,2024-10-30,Home,8,132.69,0.0,4
O004657,C04887,2024-09-30,Clothing,4,288.36,0.0,6
O004658,C03772,2024-09-01,Sports,3,90.1,0.0,4
O004659,C01727,2024-10-05,Beauty,3,95.64,0.0,3
O004660,C03513,2024-02-24,Sports,5,215.45,0.0,8
O004661,C01099,2024-02-11,Clothing,1,62.11,11.62,2
O004662,C02622,2024-12-24,Clothing,2,78.41,0.0,5
O004663,C03806,2024-02-21,Electronics,4,141.19,0.0,3
O004664,C03011,2024-01-11,Home,3,51.21,7.87,2
O004665,C02984,2024-11-06,Electronics,2,67.71,6.46,1
O004666,C03705,2024-03-28,Sports,1,5.0,8.01,5
O004667,C03384,2024-08-14,Electronics,2,66.72,12.79,2
O004668,C01845,2024-04-23,Clothing,2,77.27,0.0,5
O004669,C03925,2024-01-25,Clothing,3,157.97,0.0,4
O004670,C03100,2024-04-01,Home,4,143.24,0.0,4
O004671,C04522,2024-03-27,Electronics,4,142.84,0.0,6
O004672,C04979,2024-03-21,Sports,3,79.52,0.0,6
O004673,C04882,2024-09-06,Electronics,2,67.23,11.36,5
O004674,C00535,2024-09-06,Clothing,5,116.39,0.0,5
O004675,C00285,2024-07-28,Home,4,145.4,0.0,4
O004676,C02670,2024-01-09,Clothing,2,94.74,0.0,2
O004677,C03787,2024-04-08,Home,1,29.03,9.28,6
O004678,C01130,2024-02-05,Electronics,2,96.63,0.0,4
O004679,C00504,2024-02-26,Clothing,3,85.45,0.0,5
O004680,C04142,2024-03-03,Clothing,3,168.18,0.0,4
O004681,C00537,2024-12-03,Clothing,3,45.97,9.06,5
O004682,C00062,2024-10-02,Home,7,428.58,0.0,4
O004683,C02384,2024-07-31,Beauty,2,111.86,0.0,5
O004684,C00211,2024-10-29,Electronics,1,32.83,5.82,5
O004685,C02448,2024-01-20,Clothing,3,70.79,12.3,3
O004686,C04805,2024-09-03,Beauty,1,13.46,11.94,4
O004687,C02395,2024-01-06,Clothing,3,118.07,0.0,5
O004688,C03270,2024-03-13,Beauty,1,47.69,7.17,1
O004689,C00377,2024-04-16,Electronics,2,91.9,0.0,3
O004690,C01186,2024-04-02,Beauty,2,67.51,6.17,4
O004691,C03280,2024-10-11,Home,4,126.89,0.0,3
O004692,C03499,2024-12-21,Home,2,70.41,11.52,4
O004693,C02848,2024-08-06,Clothing,2,86.5,0.0,2
O004694,C00787,2024-02-18,Clothing,4,101.24,0.0,4
O004695,C00733,2024-12-29,Beauty,4,120.45,0.0,1
O004696,C03869,2024-10-21,Beauty,4,94.41,0.0,3
O004697,C02700,2024-10-14,Electronics,4,143.11,0.0,4
O004698,C04618,2024-06-25,Home,4,183.71,0.0,2
O004699,C02159,2024-10-25,Home,1,9.24,9.4,4
O004700,C03621,2024-04-17,Clothing,3,143.8,0.0,4
O004701,C03665,2024-10-10,Electronics,3,119.11,0.0,5
O004702,C02656,2024-10-27,Sports,1,40.9,9.29,1
O004703,C01079,2024-03-05,Home,3,74.19,7.96,5
O004704,C03295,2024-11-01,Electronics,4,121.3,0.0,5
O004705,C03647,2024-02-23,Beauty,3,100.88,0.0,5
O004706,C04620,2024-11-02,Electronics,4,185.69,0.0,3
O004707,C02194,2024-10-25,Electronics,4,96.83,0.0,3
O004708,C02312,2024-11-15,Home,4,149.23,0.0,3
O004709,C04564,2024-01-30,Clothing,1,26.45,12.48,4
O004710,C01585,2024-09-02,Clothing,5,231.41,0.0,3
O004711,C03007,2024-07-28,Beauty,2,50.64,10.97,2
O004712,C04045,2024-08-08,Clothing,7,216.55,0.0,3
O004713,C01211,2024-06-18,Beauty,1,16.58,11.19,5
O004714,C03415,2024-12-08,Beauty,2,78.48,0.0,2
O004715,C01987,2024-08-01,Clothing,2,95.62,0.0,5
O004716,C03171,2024-11-17,Beauty,1,32.09,6.54,2
O004717,C02727,2024-03-09,Clothing,3,132.38,0.0,7
O004718,C01749,2024-08-21,Sports,5,143.18,0.0,6
O004719,C00758,2024-01-15,Home,1,33.39,10.7,7
O004720,C01178,2024-05-13,Electronics,4,121.35,0.0,3
O004721,C00919,2024-07-24,Home,4,136.36,0.0,4
O004722,C01120,2024-01-24,Clothing,3,128.86,0.0,3
O004723,C00706,2024-03-25,Electronics,3,94.97,0.0,3
O004724,C04930,2024-05-21,Sports,1,37.54,7.76,5
O004725,C03431,2024-05-19,Home,2,78.43,0.0,3
O004726,C02862,2024-11-19,Home,4,166.71,0.0,4
O004727,C04495,2024-05-01,Sports,1,23.36,9.17,4
O004728,C01808,2024-10-26,Electronics,5,76.33,0.0,2
O004729,C01400,2024-12-06,Clothing,5,236.44,0.0,5
O004730,C02650,2024-06-27,Sports,2,93.52,0.0,6
O004731,C04424,2024-07-26,Electronics,1,17.04,11.32,7
O004732,C01296,2024-06-14,Sports,5,268.79,0.0,3
O004733,C01621,2024-02-10,Clothing,1,47.39,6.45,2
O004734,C02443,2024-05-01,Clothing,1,5.0,7.56,2
O004735,C02596,2024-02-13,Home,1,11.42,8.34,4
O004736,C04173,2024-03-15,Electronics,7,126.26,0.0,8
O004737,C01073,2024-12-13,Clothing,2,88.92,0.0,4
O004738,C04076,2024-09-28,Home,2,46.56,10.3,5
O004739,C01450,2024-06-14,Sports,5,156.0,0.0,3
O004740,C03943,2024-09-06,Clothing,2,89.54,0.0,3
O004741,C01772,2024-03-26,Clothing,6,233.89,0.0,2
O004742,C01018,2024-05-16,Clothing,4,140.67,0.0,5
O004743,C03693,2024-11-28,Clothing,4,99.07,0.0,3
O004744,C04225,2024-02-08,Clothing,3,140.03,0.0,4
O004745,C00519,2024-03-27,Sports,4,143.31,0.0,6
O004746,C02352,2024-06-03,Home,5,129.28,0.0,2
O004747,C01136,2024-06-08,Home,1,50.2,8.51,3
O004748,C02773,2024-03-04,Clothing,3,140.06,0.0,5
O004749,C00912,2024-08-10,Electronics,2,81.5,0.0,4
O004750,C00816,2024-12-27,Home,1,18.54,5.21,2
O004751,C00974,2024-12-11,Electronics,1,31.2,5.59,4
O004752,C01963,2024-05-25,Clothing,2,30.3,5.57,6
O004753,C02867,2024-07-22,Clothing,2,36.05,6.02,4
O004754,C02411,2024-03-07,Sports,4,150.52,0.0,3
O004755,C03103,2024-01-05,Clothing,3,156.35,0.0,3
O004756,C01801,2024-02-28,Sports,2,54.96,7.58,5
O004757,C00809,2024-03-16,Clothing,2,35.36,5.83,6
O004758,C00570,2024-09-16,Beauty,5,148.11,0.0,6
O004759,C00970,2024-09-04,Electronics,3,124.35,0.0,3
O004760,C04080,2024-01-16,Electronics,1,29.19,10.04,7
O004761,C01880,2024-03-15,Sports,3,111.49,0.0,4
O004762,C03320,2024-12-21,Clothing,2,63.01,12.13,5
O004763,C04706,2024-06-24,Clothing,3,105.41,0.0,5
O004764,C00388,2024-11-17,Home,3,75.46,0.0,6
O004765,C04855,2024-05-15,Clothing,2,86.02,0.0,7
O004766,C02490,2024-10-03,Beauty,2,22.85,12.94,6
O004767,C00516,2024-10-08,Clothing,2,52.67,6.63,5
O004768,C03845,2024-06-16,Sports,4,124.26,0.0,6
O004769,C02891,2024-01-30,Home,2,130.07,0.0,2
O004770,C04141,2024-11-17,Home,3,35.22,5.57,1
O004771,C01443,2024-12-01,Home,1,41.44,6.39,3
O004772,C00723,2024-09-25,Clothing,3,119.9,0.0,2
O004773,C00756,2024-01-01,Clothing,5,246.1,0.0,4
O004774,C02251,2024-06-19,Home,2,81.9,0.0,5
O004775,C01909,2024-05-08,Clothing,1,37.64,8.45,4
O004776,C02587,2024-06-16,Sports,3,80.55,0.0,4
O004777,C00386,2024-03-01,Clothing,3,171.54,0.0,6
O004778,C03016,2024-04-26,Clothing,5,225.62,0.0,4
O004779,C04456,2024-11-17,Electronics,4,64.32,9.33,4
O004780,C04088,2024-05-02,Beauty,2,98.87,0.0,5
O004781,C01492,2024-09-16,Home,3,62.08,7.73,3
O004782,C01968,2024-08-13,Clothing,3,99.78,0.0,4
O004783,C04301,2024-10-18,Clothing,3,162.58,0.0,1
O004784,C03319,2024-12-17,Electronics,2,38.46,8.43,2
O004785,C03039,2024-07-04,Clothing,4,139.57,0.0,6
O004786,C01073,2024-03-25,Beauty,3,136.26,0.0,6
O004787,C04462,2024-08-05,Electronics,4,107.51,0.0,2
O004788,C02301,2024-05-22,Clothing,5,307.03,0.0,3
O004789,C00769,2024-03-30,Electronics,3,101.29,0.0,6
O004790,C02680,2024-12-06,Home,3,207.7,0.0,4
O004791,C00987,2024-09-24,Electronics,1,44.95,12.56,4
O004792,C04513,2024-03-16,Clothing,3,166.06,0.0,5
O004793,C03107,2024-03-09,Home,4,121.89,0.0,7
O004794,C02360,2024-10-24,Clothing,8,315.09,0.0,4
O004795,C00197,2024-06-08,Clothing,4,176.7,0.0,2
O004796,C03045,2024-01-08,Home,3,120.87,0.0,4
O004797,C02308,2024-08-06,Electronics,5,91.68,0.0,6
O004798,C01390,2024-11-05,Home,5,174.49,0.0,6
O004799,C03559,2024-03-28,Electronics,1,27.97,10.29,1
O004800,C02582,2024-05-20,Electronics,1,41.17,8.66,5
O004801,C02072,2024-01-29,Clothing,4,152.37,0.0,5
O004802,C02991,2024-01-13,Electronics,5,166.87,0.0,3
O004803,C01670,2024-11-09,Clothing,1,47.2,12.95,7
O004804,C01418,2024-03-03,Electronics,6,239.22,0.0,4
O004805,C02727,2024-12-08,Home,5,211.96,0.0,5
O004806,C04133,2024-06-23,Sports,2,65.0,8.64,4
O004807,C02870,2024-08-03,Clothing,4,169.06,0.0,4
O004808,C01587,2024-08-22,Clothing,2,116.5,0.0,4
O004809,C04668,2024-03-27,Home,3,69.81,7.37,6
O004810,C04403,2024-03-14,Home,3,132.46,0.0,3
O004811,C04401,2024-10-20,Clothing,1,35.46,10.77,5
O004812,C02227,2024-03-09,Clothing,5,144.42,0.0,5
O004813,C03737,2024-03-09,Home,3,106.02,0.0,2
O004814,C00932,2024-08-10,Home,2,62.87,10.24,5
O004815,C01543,2024-10-11,Clothing,5,216.53,0.0,4
O004816,C01993,2024-05-01,Electronics,1,42.4,7.28,3
O004817,C03707,2024-09-19,Clothing,1,36.88,8.32,7
O004818,C04060,2024-08-08,Electronics,3,103.04,0.0,6
O004819,C03550,2024-11-06,Beauty,3,73.65,7.61,5
O004820,C03145,2024-06-12,Sports,3,77.41,0.0,1
O004821,C04893,2024-09-19,Home,4,44.18,11.2,3
O004822,C01535,2024-04-01,Beauty,2,61.78,6.93,4
O004823,C03137,2024-09-22,Home,4,151.31,0.0,4
O004824,C04843,2024-12-01,Clothing,6,187.95,0.0,4
O004825,C02675,2024-03-14,Electronics,4,108.71,0.0,3
O004826,C04549,2024-11-09,Sports,2,74.28,12.1,3
O004827,C04927,2024-03-30,Sports,1,57.14,10.78,3
O004828,C04854,2024-12-19,Electronics,1,76.33,0.0,3
O004829,C00861,2024-10-22,Beauty,3,85.26,0.0,4
O004830,C01553,2024-05-08,Beauty,4,118.06,0.0,2
O004831,C04915,2024-02-18,Beauty,4,195.52,0.0,2
O004832,C01393,2024-03-26,Home,2,74.84,5.09,5
O004833,C01880,2024-05-23,Home,3,143.86,0.0,5
O004834,C00381,2024-05-14,Clothing,3,100.92,0.0,1
O004835,C00649,2024-04-24,Beauty,2,75.19,0.0,3
O004836,C04342,2024-10-03,Clothing,2,84.18,0.0,5
O004837,C03622,2024-03-06,Beauty,3,81.9,0.0,4
O004838,C04661,2024-07-05,Home,8,202.5,0.0,6
O004839,C03418,2024-12-10,Home,7,74.2,8.26,5
O004840,C00821,2024-07-19,Home,3,82.25,0.0,5
O004841,C00472,2024-05-17,Sports,3,111.23,0.0,6
O004842,C02017,2024-02-21,Electronics,4,144.34,0.0,6
O004843,C00122,2024-07-31,Sports,3,146.04,0.0,4
O004844,C04877,2024-06-06,Home,3,108.56,0.0,6
O004845,C02796,2024-10-16,Clothing,2,54.81,5.91,7
O004846,C04217,2024-12-15,Clothing,2,63.91,10.26,4
O004847,C02187,2024-07-24,Beauty,5,190.45,0.0,3
O004848,C02135,2024-12-07,Electronics,3,130.26,0.0,1
O004849,C02178,2024-11-16,Home,1,51.77,5.15,5
O004850,C02300,2024-11-11,Sports,3,133.74,0.0,3
O004851,C01384,2024-05-15,Home,3,77.96,0.0,6
O004852,C03502,2024-03-15,Clothing,1,14.84,8.68,4
O004853,C04143,2024-03-09,Sports,4,77.31,0.0,4
O004854,C01969,2024-10-27,Electronics,3,181.29,0.0,5
O004855,C03663,2024-02-18,Beauty,5,102.0,0.0,1
O004856,C01834,2024-07-20,Beauty,3,112.43,0.0,5
O004857,C03948,2024-03-02,Electronics,4,128.07,0.0,4
O004858,C02473,2024-06-15,Clothing,4,147.9,0.0,4
O004859,C04827,2024-07-23,Home,3,98.33,0.0,2
O004860,C04207,2024-05-28,Electronics,1,5.0,11.74,4
O004861,C01251,2024-04-30,Clothing,5,169.59,0.0,3
O004862,C03111,2024-11-04,Home,2,70.49,10.32,5
O004863,C00135,2024-04-06,Electronics,1,46.91,12.95,4
O004864,C00610,2024-02-22,Electronics,1,26.58,9.93,3
O004865,C01058,2024-01-09,Sports,1,23.81,6.79,4
O004866,C03035,2024-11-26,Clothing,8,240.55,0.0,5
O004867,C01989,2024-09-07,Electronics,4,189.0,0.0,3
O004868,C03775,2024-12-25,Electronics,2,87.53,0.0,7
O004869,C02247,2024-12-14,Electronics,5,190.44,0.0,1
O004870,C04656,2024-05-03,Sports,4,218.63,0.0,4
O004871,C00259,2024-05-01,Electronics,4,210.47,0.0,5
O004872,C03901,2024-07-17,Clothing,2,55.65,10.72,4
O004873,C00916,2024-11-12,Electronics,2,40.38,5.91,1
O004874,C03943,2024-04-04,Clothing,1,34.74,12.24,5
O004875,C00238,2024-01-30,Sports,1,26.25,5.95,3
O004876,C03356,2024-04-01,Clothing,4,185.11,0.0,3
O004877,C00688,2024-03-24,Clothing,9,295.64,0.0,3
O004878,C01159,2024-01-15,Home,4,112.13,0.0,4
O004879,C02130,2024-05-22,Home,6,280.05,0.0,5
O004880,C00595,2024-11-04,Home,2,107.14,0.0,6
O004881,C02702,2024-07-27,Home,2,89.4,0.0,2
O004882,C01751,2024-01-23,Home,2,71.07,12.31,3
O004883,C00403,2024-11-21,Beauty,3,61.25,8.68,1
O004884,C00822,2024-12-30,Clothing,5,240.0,0.0,4
O004885,C03839,2024-05-23,Clothing,3,81.14,0.0,3
O004886,C02236,2024-03-27,Electronics,2,57.36,5.3,6
O004887,C02541,2024-07-11,Electronics,3,102.95,0.0,5
O004888,C02303,2024-06-21,Sports,1,5.0,12.03,6
O004889,C01698,2024-09-19,Beauty,2,54.68,7.92,6
O004890,C03929,2024-10-21,Clothing,3,132.42,0.0,4
O004891,C01614,2024-12-25,Clothing,5,244.25,0.0,5
O004892,C04581,2024-02-19,Electronics,1,46.91,9.17,4
O004893,C03680,2024-02-17,Electronics,1,15.13,7.82,1
O004894,C03553,2024-02-18,Clothing,5,155.4,0.0,3
O004895,C02228,2024-06-16,Home,2,96.63,0.0,2
O004896,C03679,2024-06-15,Clothing,1,65.1,9.07,7
O004897,C04997,2024-03-22,Sports,1,46.85,8.74,1
O004898,C01465,2024-03-03,Electronics,1,9.59,8.22,3
O004899,C04740,2024-08-15,Sports,4,248.38,0.0,5
O004900,C04883,2024-08-01,Electronics,3,91.37,0.0,6
O004901,C03101,2024-05-09,Home,6,356.06,0.0,1
O004902,C04114,2024-06-02,Beauty,7,370.93,0.0,7
O004903,C01957,2024-08-29,Beauty,3,103.87,0.0,5
O004904,C04094,2024-04-05,Sports,3,131.64,0.0,4
O004905,C04852,2024-08-19,Clothing,2,37.05,12.33,3
O004906,C00687,2024-08-25,Home,2,61.84,6.15,5
O004907,C02037,2024-01-18,Clothing,2,89.37,0.0,3
O004908,C03580,2024-12-09,Home,3,107.37,0.0,4
O004909,C00601,2024-11-19,Electronics,4,83.36,0.0,4
O004910,C01044,2024-09-02,Beauty,4,67.32,10.45,6
O004911,C01380,2024-02-29,Beauty,2,62.21,6.49,4
O004912,C04529,2024-05-09,Clothing,1,42.92,6.35,7
O004913,C01042,2024-12-15,Clothing,3,159.19,0.0,6
O004914,C01574,2024-02-18,Electronics,4,127.97,0.0,5
O004915,C04472,2024-06-14,Home,4,141.1,0.0,4
O004916,C01364,2024-06-16,Beauty,1,66.43,9.01,4
O004917,C01011,2024-09-09,Clothing,5,94.57,0.0,5
O004918,C04812,2024-12-01,Sports,6,236.0,0.0,4
O004919,C01257,2024-11-04,Electronics,3,86.46,0.0,6
O004920,C01128,2024-03-04,Clothing,1,42.58,6.05,4
O004921,C01024,2024-02-02,Clothing,6,205.77,0.0,2
O004922,C03695,2024-02-27,Home,3,148.32,0.0,3
O004923,C02785,2024-11-01,Electronics,1,28.17,7.69,2
O004924,C04317,2024-03-04,Home,3,69.19,5.83,3
O004925,C01050,2024-05-04,Home,3,55.85,8.16,4
O004926,C02302,2024-03-01,Beauty,3,103.63,0.0,2
O004927,C04922,2024-09-05,Clothing,2,33.92,7.44,7
O004928,C01155,2024-05-17,Sports,5,139.15,0.0,3
O004929,C00030,2024-03-06,Clothing,5,153.86,0.0,1
O004930,C00787,2024-06-27,Home,4,163.82,0.0,6
O004931,C04106,2024-10-12,Clothing,2,54.47,12.52,5
O004932,C03161,2024-10-07,Sports,2,73.34,11.87,3
O004933,C01171,2024-06-19,Clothing,3,86.71,0.0,2
O004934,C03199,2024-08-30,Clothing,4,178.32,0.0,6
O004935,C02746,2024-04-29,Home,3,120.26,0.0,5
O004936,C01365,2024-12-09,Home,2,41.05,7.03,2
O004937,C01542,2024-07-10,Electronics,3,123.16,0.0,3
O004938,C04147,2024-07-05,Clothing,3,114.5,0.0,7
O004939,C04494,2024-08-14,Clothing,3,159.12,0.0,5
O004940,C00314,2024-09-22,Sports,2,29.02,5.3,4
O004941,C02696,2024-07-10,Beauty,2,109.92,0.0,3
O004942,C04610,2024-08-27,Sports,2,91.67,0.0,5
O004943,C00530,2024-04-03,Clothing,2,67.26,12.73,5
O004944,C04956,2024-05-05,Clothing,3,102.82,0.0,4
O004945,C02467,2024-04-08,Clothing,6,201.01,0.0,3
O004946,C02242,2024-12-09,Beauty,3,73.4,10.09,3
O004947,C00312,2024-08-30,Sports,3,116.74,0.0,4
O004948,C00996,2024-01-20,Electronics,5,176.1,0.0,3
O004949,C02524,2024-04-26,Electronics,5,254.74,0.0,6
O004950,C02632,2024-12-24,Beauty,3,99.0,0.0,3
O004951,C00264,2024-04-08,Clothing,5,302.82,0.0,2
O004952,C03853,2024-11-25,Home,6,203.96,0.0,2
O004953,C00021,2024-06-03,Clothing,1,25.7,6.4,6
O004954,C02525,2024-11-02,Clothing,1,25.98,10.97,2
O004955,C04645,2024-07-03,Clothing,2,71.55,8.21,4
O004956,C01197,2024-11-30,Clothing,3,98.08,0.0,4
O004957,C03134,2024-01-03,Clothing,2,81.53,0.0,5
O004958,C00206,2024-06-05,Clothing,6,140.93,0.0,4
O004959,C01637,2024-06-23,Sports,5,65.89,8.22,5
O004960,C00631,2024-12-01,Electronics,3,125.4,0.0,3
O004961,C02227,2024-03-09,Home,1,16.77,10.41,4
O004962,C02390,2024-01-21,Beauty,1,25.57,11.92,1
O004963,C04536,2024-10-24,Beauty,3,128.85,0.0,4
O004964,C01099,2024-04-27,Sports,4,96.87,0.0,5
O004965,C00290,2024-10-03,Electronics,1,31.68,5.25,2
O004966,C02605,2024-05-09,Beauty,2,97.66,0.0,5
O004967,C00208,2024-07-24,Clothing,8,304.1,0.0,4
O004968,C03815,2024-07-15,Home,1,68.71,5.36,4
O004969,C00272,2024-05-14,Sports,5,218.4,0.0,5
O004970,C03679,2024-07-21,Electronics,2,78.62,0.0,4
O004971,C00415,2024-02-04,Sports,2,96.75,0.0,5
O004972,C03469,2024-01-30,Sports,4,88.97,0.0,3
O004973,C04480,2024-11-06,Beauty,3,55.67,7.06,6
O004974,C01285,2024-09-13,Sports,3,111.75,0.0,2
O004975,C04987,2024-06-30,Home,1,40.79,10.92,4
O004976,C01663,2024-07-26,Clothing,6,134.19,0.0,5
O004977,C04015,2024-05-08,Beauty,6,94.07,0.0,5
O004978,C01042,2024-03-03,Beauty,4,171.7,0.0,7
O004979,C04091,2024-12-07,Electronics,6,5.0,8.78,4
O004980,C02295,2024-03-17,Sports,2,41.87,9.25,3
O004981,C03714,2024-01-15,Electronics,2,103.74,0.0,1
O004982,C02462,2024-11-20,Beauty,1,45.53,11.1,3
O004983,C01344,2024-02-28,Clothing,3,71.26,11.11,2
O004984,C02763,2024-05-30,Beauty,1,6.85,12.12,4
O004985,C02229,2024-04-17,Clothing,1,62.03,10.78,5
O004986,C03368,2024-04-16,Home,5,182.83,0.0,5
O004987,C00944,2024-05-18,Home,4,64.32,12.75,5
O004988,C04989,2024-10-06,Sports,3,92.07,0.0,6
O004989,C04157,2024-03-12,Sports,1,14.37,10.76,4
O004990,C04060,2024-04-20,Electronics,3,124.28,0.0,5
O004991,C00166,2024-08-13,Clothing,5,193.89,0.0,6
O004992,C01906,2024-04-15,Home,1,53.61,8.26,4
O004993,C03057,2024-06-07,Beauty,6,216.05,0.0,1
O004994,C01324,2024-05-29,Home,2,59.67,7.17,2
O004995,C04751,2024-01-14,Clothing,3,79.9,0.0,5
O004996,C00351,2024-01-05,Clothing,8,452.0,0.0,1
O004997,C02311,2024-05-06,Clothing,4,50.88,6.8,5
O004998,C03310,2024-09-29,Clothing,5,157.7,0.0,3
O004999,C00932,2024-12-03,Beauty,4,211.48,0.0,6
O005000,C03839,2024-07-29,Beauty,4,116.48,0.0,2
O005001,C01114,2024-11-22,Clothing,2,93.22,0.0,4
O005002,C02187,2024-12-11,Home,4,164.14,0.0,2
O005003,C01990,2024-08-04,Electronics,2,119.03,0.0,3
O005004,C01386,2024-03-19,Clothing,2,76.53,0.0,2
O005005,C03485,2024-04-02,Electronics,3,81.47,0.0,3
O005006,C01117,2024-08-25,Sports,2,71.1,8.26,5
O005007,C00134,2024-08-21,Home,2,40.74,6.29,6
O005008,C03952,2024-06-25,Clothing,1,73.07,8.09,5
O005009,C01228,2024-09-11,Clothing,3,97.08,0.0,4
O005010,C03110,2024-11-16,Beauty,5,101.45,0.0,4
O005011,C02505,2024-05-11,Electronics,4,140.57,0.0,4
O005012,C03606,2024-09-21,Electronics,3,118.78,0.0,4
O005013,C01882,2024-10-18,Home,5,273.53,0.0,6
O005014,C04534,2024-06-27,Home,1,62.17,12.47,4
O005015,C00680,2024-12-09,Home,2,72.92,11.21,4
O005016,C02695,2024-05-25,Electronics,6,91.51,0.0,6
O005017,C02670,2024-05-22,Beauty,2,79.8,0.0,4
O005018,C01248,2024-01-20,Beauty,1,55.74,7.19,1
O005019,C01192,2024-02-27,Home,7,117.64,0.0,5
O005020,C01131,2024-10-22,Clothing,2,68.18,12.19,4
O005021,C01404,2024-03-06,Sports,3,112.82,0.0,4
O005022,C02072,2024-12-10,Clothing,3,123.58,0.0,6
O005023,C01331,2024-01-13,Beauty,5,187.98,0.0,5
O005024,C01382,2024-03-02,Beauty,4,134.67,0.0,3
O005025,C00370,2024-02-15,Clothing,1,53.19,6.31,5
O005026,C03795,2024-04-02,Sports,3,119.58,0.0,7
O005027,C02491,2024-08-10,Beauty,1,30.46,5.77,8
O005028,C01177,2024-01-23,Beauty,2,71.39,12.49,2
O005029,C00376,2024-12-22,Sports,3,68.45,7.68,3
O005030,C02761,2024-03-07,Clothing,1,16.83,7.97,3
O005031,C03291,2024-04-23,Electronics,3,83.37,0.0,7
O005032,C01944,2024-07-24,Sports,3,124.55,0.0,5
O005033,C00958,2024-03-06,Beauty,3,111.37,0.0,4
O005034,C00811,2024-02-19,Home,3,149.46,0.0,4
O005035,C04923,2024-05-20,Beauty,5,159.65,0.0,4
O005036,C01534,2024-09-14,Home,5,214.91,0.0,3
O005037,C04431,2024-02-03,Electronics,2,34.07,10.03,3
O005038,C00410,2024-10-22,Clothing,2,69.51,7.02,5
O005039,C00054,2024-09-09,Home,5,173.2,0.0,3
O005040,C04797,2024-03-09,Beauty,4,198.79,0.0,5
O005041,C01099,2024-07-07,Clothing,6,265.14,0.0,5
O005042,C02397,2024-06-01,Electronics,3,46.84,7.24,2
O005043,C00975,2024-07-21,Electronics,1,40.06,7.03,3
O005044,C04489,2024-03-17,Clothing,2,55.79,9.63,4
O005045,C04650,2024-07-09,Home,1,17.26,6.07,4
O005046,C02895,2024-01-28,Beauty,3,153.85,0.0,2
O005047,C03280,2024-07-31,Clothing,4,149.19,0.0,7
O005048,C04922,2024-02-25,Clothing,6,188.26,0.0,4
O005049,C04840,2024-04-21,Sports,1,66.29,8.06,3
O005050,C02225,2024-08-30,Electronics,6,149.26,0.0,2
O005051,C02559,2024-06-02,Electronics,6,246.66,0.0,6
O005052,C03691,2024-06-03,Home,2,65.25,9.92,5
O005053,C00139,2024-10-08,Sports,5,138.29,0.0,4
O005054,C03174,2024-09-27,Electronics,4,152.95,0.0,5
O005055,C02521,2024-02-19,Clothing,5,65.27,6.41,4
O005056,C04638,2024-03-08,Clothing,2,114.72,0.0,2
O005057,C02242,2024-05-11,Beauty,4,179.41,0.0,3
O005058,C03828,2024-06-06,Clothing,6,246.05,0.0,1
O005059,C01338,2024-11-28,Home,4,114.69,0.0,6
O005060,C04090,2024-09-21,Home,3,69.98,11.53,4
O005061,C02853,2024-06-18,Home,1,60.36,8.71,3
O005062,C02295,2024-09-26,Beauty,1,48.59,9.71,5
O005063,C02678,2024-08-07,Clothing,2,31.56,6.58,3
O005064,C00073,2024-02-09,Clothing,1,49.41,8.1,4
O005065,C02879,2024-10-15,Beauty,3,81.7,0.0,2
O005066,C02142,2024-03-19,Clothing,7,282.6,0.0,4
O005067,C04531,2024-08-26,Home,1,38.19,8.11,4
O005068,C01807,2024-02-29,Sports,6,304.67,0.0,5
O005069,C02046,2024-11-15,Home,5,99.34,0.0,3
O005070,C03503,2024-11-13,Beauty,1,45.67,7.05,2
O005071,C04553,2024-11-30,Sports,3,68.36,11.06,3
O005072,C03502,2024-08-24,Beauty,3,161.44,0.0,3
O005073,C02277,2024-03-16,Electronics,3,19.0,6.5,1
O005074,C02078,2024-11-01,Clothing,1,35.35,11.48,4
O005075,C01649,2024-02-08,Home,6,229.91,0.0,3
O005076,C00335,2024-07-17,Beauty,2,86.8,0.0,6
O005077,C04756,2024-04-14,Electronics,6,156.2,0.0,4
O005078,C04665,2024-03-10,Sports,2,74.41,6.47,3
O005079,C04273,2024-10-08,Home,3,120.38,0.0,2
O005080,C02872,2024-02-27,Home,1,40.2,9.43,4
O005081,C02616,2024-11-24,Home,2,38.79,7.49,2
O005082,C04873,2024-06-27,Beauty,5,186.53,0.0,5
O005083,C04173,2024-11-03,Electronics,3,141.29,0.0,2
O005084,C00933,2024-08-09,Clothing,3,144.13,0.0,5
O005085,C00636,2024-05-23,Home,4,159.03,0.0,7
O005086,C03230,2024-10-30,Clothing,2,50.82,7.17,7
O005087,C01191,2024-01-27,Clothing,1,48.35,10.74,5
O005088,C00012,2024-06-09,Home,3,67.43,5.39,4
O005089,C04003,2024-05-30,Electronics,4,161.68,0.0,3
O005090,C04927,2024-06-21,Clothing,7,142.17,0.0,5
O005091,C01450,2024-07-29,Electronics,4,101.86,0.0,7
O005092,C00449,2024-12-21,Clothing,3,109.32,0.0,1
O005093,C02497,2024-01-22,Sports,1,45.16,9.53,2
O005094,C00427,2024-10-24,Electronics,4,108.53,0.0,3
O005095,C00916,2024-12-30,Sports,1,23.35,7.1,4
O005096,C03170,2024-02-02,Home,8,299.0,0.0,7
O005097,C04727,2024-04-18,Electronics,2,74.39,11.78,4
O005098,C04322,2024-02-16,Electronics,3,44.2,6.86,4
O005099,C00447,2024-04-05,Clothing,6,202.15,0.0,3
O005100,C01911,2024-05-04,Home,4,135.78,0.0,3
O005101,C03736,2024-11-30,Home,1,42.48,9.07,7
O005102,C02251,2024-10-21,Clothing,3,86.5,0.0,1
O005103,C04771,2024-10-28,Beauty,1,50.92,11.27,2
O005104,C02682,2024-11-23,Electronics,1,59.1,5.03,7
O005105,C01402,2024-11-02,Clothing,7,336.1,0.0,4
O005106,C03408,2024-01-25,Clothing,2,28.21,7.86,5
O005107,C01044,2024-03-22,Electronics,1,41.5,6.65,3
O005108,C03019,2024-02-27,Clothing,1,5.86,9.36,6
O005109,C00392,2024-01-26,Beauty,2,66.55,10.51,3
O005110,C04820,2024-10-23,Clothing,1,38.76,9.7,2
O005111,C01286,2024-02-13,Clothing,3,98.47,0.0,2
O005112,C04110,2024-03-25,Clothing,2,80.32,0.0,6
O005113,C02435,2024-01-22,Home,4,131.35,0.0,4
O005114,C00642,2024-08-13,Home,1,55.6,10.49,2
O005115,C01046,2024-02-06,Clothing,1,37.19,10.33,4
O005116,C04321,2024-04-10,Beauty,3,156.57,0.0,2
O005117,C04038,2024-05-21,Electronics,4,64.92,12.66,5
O005118,C03048,2024-01-04,Electronics,4,162.56,0.0,4
O005119,C01158,2024-01-24,Home,2,80.04,0.0,4
O005120,C03250,2024-07-09,Electronics,1,62.45,5.08,4
O005121,C03628,2024-11-16,Clothing,3,121.3,0.0,3
O005122,C01544,2024-11-17,Clothing,2,51.42,10.78,5
O005123,C00792,2024-09-25,Clothing,2,101.16,0.0,3
O005124,C00437,2024-01-27,Sports,1,23.83,5.1,1
O005125,C03515,2024-03-21,Clothing,6,168.87,0.0,6
O005126,C04677,2024-04-30,Clothing,1,5.0,9.19,6
O005127,C04783,2024-12-30,Home,2,82.75,0.0,5
O005128,C04461,2024-03-09,Sports,3,93.62,0.0,6
O005129,C03960,2024-11-08,Electronics,4,182.54,0.0,5
O005130,C04365,2024-03-12,Electronics,3,114.71,0.0,4
O005131,C01717,2024-09-02,Home,2,74.05,7.67,3
O005132,C03637,2024-09-02,Clothing,3,96.81,0.0,2
O005133,C03365,2024-09-09,Clothing,6,129.12,0.0,6
O005134,C04174,2024-12-29,Beauty,4,176.52,0.0,2
O005135,C00189,2024-03-13,Home,3,108.52,0.0,2
O005136,C02719,2024-09-30,Electronics,5,217.28,0.0,2
O005137,C02406,2024-01-16,Beauty,2,78.98,0.0,3
O005138,C03931,2024-06-27,Clothing,1,40.02,9.38,2
O005139,C03166,2024-12-17,Sports,5,243.63,0.0,2
O005140,C00903,2024-02-09,Sports,2,41.9,8.28,6
O005141,C00341,2024-02-08,Clothing,5,106.47,0.0,3
O005142,C02882,2024-02-25,Clothing,1,31.36,12.46,6
O005143,C04507,2024-08-20,Beauty,8,220.1,0.0,5
O005144,C04994,2024-02-23,Sports,1,19.29,6.05,5
O005145,C00644,2024-06-20,Electronics,8,219.4,0.0,4
O005146,C00021,2024-10-28,Clothing,4,150.03,0.0,4
O005147,C03073,2024-07-07,Sports,5,189.77,0.0,6
O005148,C00678,2024-02-12,Home,1,39.58,7.21,1
O005149,C01100,2024-01-04,Clothing,1,70.56,5.91,7
O005150,C02651,2024-09-17,Clothing,2,80.99,0.0,4
O005151,C03470,2024-02-27,Electronics,1,43.13,9.23,7
O005152,C04184,2024-02-06,Sports,2,63.53,10.94,5
O005153,C02065,2024-08-22,Clothing,2,36.09,8.12,2
O005154,C03401,2024-09-21,Clothing,6,178.41,0.0,3
O005155,C02872,2024-01-15,Clothing,7,308.84,0.0,5
O005156,C02431,2024-03-28,Beauty,2,37.77,11.63,5
O005157,C02688,2024-04-08,Clothing,1,41.3,11.37,4
O005158,C01417,2024-04-14,Sports,3,108.52,0.0,2
O005159,C04406,2024-08-04,Electronics,2,81.81,0.0,5
O005160,C00492,2024-07-09,Sports,2,49.21,10.21,2
O005161,C00760,2024-08-02,Clothing,2,97.37,0.0,5
O005162,C03502,2024-07-16,Electronics,2,60.08,9.3,5
O005163,C00001,2024-04-14,Beauty,2,57.93,10.43,1
O005164,C02089,2024-01-27,Clothing,4,198.13,0.0,6
O005165,C03657,2024-06-30,Sports,5,157.19,0.0,5
O005166,C04768,2024-03-23,Beauty,2,70.11,8.78,5
O005167,C00212,2024-06-07,Sports,1,46.6,12.59,4
O005168,C03723,2024-08-17,Electronics,1,38.02,12.59,2
O005169,C03518,2024-08-22,Electronics,5,102.53,0.0,3
O005170,C01966,2024-10-14,Sports,1,52.58,8.39,5
O005171,C00304,2024-01-18,Electronics,6,279.3,0.0,5
O005172,C04787,2024-10-10,Beauty,4,162.89,0.0,5
O005173,C03773,2024-03-11,Beauty,6,197.83,0.0,1
O005174,C01782,2024-08-02,Beauty,3,111.29,0.0,2
O005175,C03226,2024-04-26,Beauty,2,54.58,10.9,9
O005176,C04712,2024-04-09,Sports,4,199.6,0.0,4
O005177,C04619,2024-03-28,Home,2,29.91,11.3,5
O005178,C02073,2024-12-13,Sports,4,75.1,0.0,5
O005179,C00808,2024-06-01,Home,5,198.62,0.0,4
O005180,C04121,2024-10-21,Clothing,3,88.51,0.0,4
O005181,C01777,2024-06-25,Clothing,3,115.85,0.0,4
O005182,C03191,2024-05-11,Home,1,57.14,7.39,5
O005183,C04043,2024-11-03,Sports,1,53.11,6.69,2
O005184,C04204,2024-05-01,Clothing,5,157.92,0.0,5
O005185,C01354,2024-07-29,Clothing,4,215.78,0.0,5
O005186,C00180,2024-03-08,Electronics,1,32.51,6.68,4
O005187,C00881,2024-02-26,Electronics,5,113.22,0.0,2
O005188,C01831,2024-01-13,Beauty,1,34.93,9.33,2
O005189,C04699,2024-07-11,Home,5,175.31,0.0,4
O005190,C04003,2024-03-03,Beauty,3,126.01,0.0,2
O005191,C02801,2024-11-22,Home,3,97.37,0.0,5
O005192,C04264,2024-06-01,Clothing,8,244.87,0.0,3
O005193,C00223,2024-01-23,Sports,4,131.75,0.0,2
O005194,C04565,2024-01-30,Clothing,2,47.68,6.58,5
O005195,C04374,2024-07-07,Electronics,1,51.4,9.36,5
O005196,C02238,2024-11-05,Beauty,4,107.94,0.0,6
O005197,C02579,2024-04-18,Sports,4,173.18,0.0,5
O005198,C01779,2024-12-18,Sports,4,131.57,0.0,3
O005199,C00621,2024-02-29,Home,1,16.51,9.29,4
O005200,C01214,2024-03-06,Beauty,5,183.61,0.0,2
O005201,C04055,2024-06-14,Home,5,166.64,0.0,3
O005202,C04314,2024-05-20,Clothing,4,158.45,0.0,5
O005203,C04264,2024-02-21,Sports,3,128.65,0.0,4
O005204,C02828,2024-06-28,Home,3,131.6,0.0,5
O005205,C02241,2024-02-01,Clothing,2,71.5,12.48,2
O005206,C01363,2024-08-01,Clothing,6,167.48,0.0,1
O005207,C02839,2024-09-21,Sports,1,28.69,12.19,4
O005208,C02503,2024-01-17,Clothing,7,309.37,0.0,3
O005209,C02241,2024-05-05,Sports,4,92.97,0.0,4
O005210,C00093,2024-03-22,Home,4,142.16,0.0,5
O005211,C01239,2024-02-09,Electronics,3,123.18,0.0,5
O005212,C04609,2024-04-13,Home,2,34.29,6.43,3
O005213,C03471,2024-08-06,Clothing,2,47.58,11.1,5
O005214,C03236,2024-06-30,Clothing,2,96.08,0.0,3
O005215,C04202,2024-06-04,Clothing,5,166.33,0.0,4
O005216,C02765,2024-06-26,Home,8,418.92,0.0,5
O005217,C03605,2024-01-18,Sports,2,68.84,10.36,2
O005218,C02836,2024-05-20,Electronics,4,172.41,0.0,6
O005219,C03902,2024-06-09,Clothing,5,252.58,0.0,1
O005220,C03235,2024-08-01,Electronics,1,53.21,9.56,4
O005221,C03629,2024-08-09,Clothing,5,237.35,0.0,7
O005222,C01769,2024-09-18,Sports,5,157.38,0.0,3
O005223,C03510,2024-02-14,Beauty,2,28.82,7.81,3
O005224,C02902,2024-07-05,Sports,2,95.21,0.0,4
O005225,C01542,2024-12-19,Sports,1,18.55,6.04,2
O005226,C02092,2024-08-28,Clothing,4,132.01,0.0,4
O005227,C02651,2024-08-12,Home,4,88.57,0.0,5
O005228,C01732,2024-11-29,Home,4,115.5,0.0,4
O005229,C00092,2024-02-17,Electronics,4,173.48,0.0,1
O005230,C04855,2024-04-20,Home,2,42.77,8.58,5
O005231,C00731,2024-03-23,Home,4,162.64,0.0,3
O005232,C04433,2024-04-13,Beauty,3,85.04,0.0,8
O005233,C03815,2024-03-14,Electronics,2,82.06,0.0,6
O005234,C00700,2024-02-24,Clothing,2,12.81,5.91,4
O005235,C03015,2024-11-12,Sports,2,38.9,6.67,5
O005236,C02312,2024-01-02,Clothing,3,126.43,0.0,3
O005237,C02017,2024-08-29,Home,1,20.95,7.16,5
O005238,C03491,2024-09-14,Home,4,129.02,0.0,5
O005239,C00978,2024-11-27,Home,4,179.15,0.0,6
O005240,C04211,2024-01-10,Home,7,305.15,0.0,2
O005241,C01259,2024-03-16,Home,5,99.94,0.0,4
O005242,C03856,2024-09-14,Beauty,2,103.39,0.0,7
O005243,C01298,2024-04-30,Home,6,165.07,0.0,7
O005244,C01979,2024-11-16,Clothing,8,420.65,0.0,3
O005245,C04130,2024-08-02,Clothing,5,286.04,0.0,2
O005246,C01733,2024-09-01,Electronics,1,67.1,5.5,4
O005247,C02943,2024-12-02,Sports,1,43.02,11.57,3
O005248,C02510,2024-06-28,Home,5,158.16,0.0,5
O005249,C00449,2024-12-06,Home,2,48.09,7.41,5
O005250,C01238,2024-10-26,Home,1,19.85,9.68,3
O005251,C04501,2024-10-16,Beauty,2,71.54,9.29,3
O005252,C00333,2024-03-13,Electronics,4,85.83,0.0,3
O005253,C04324,2024-07-27,Sports,3,73.19,6.59,3
O005254,C00166,2024-08-28,Clothing,1,24.52,6.67,4
O005255,C04681,2024-12-27,Sports,5,135.3,0.0,4
O005256,C04833,2024-06-21,Electronics,7,139.19,0.0,2
O005257,C04694,2024-01-05,Beauty,5,221.35,0.0,5
O005258,C04689,2024-08-04,Home,2,117.48,0.0,2
O005259,C04028,2024-08-01,Clothing,1,66.83,9.38,4
O005260,C02775,2024-11-20,Electronics,2,45.06,7.4,3
O005261,C01700,2024-11-05,Electronics,3,74.2,8.59,6
O005262,C01414,2024-02-07,Electronics,1,53.89,11.91,5
O005263,C01447,2024-03-01,Beauty,5,208.07,0.0,3
O005264,C03483,2024-04-04,Clothing,7,323.11,0.0,6
O005265,C04745,2024-08-20,Electronics,3,110.78,0.0,6
O005266,C01688,2024-10-03,Home,1,40.01,12.78,2
O005267,C00447,2024-02-05,Beauty,1,54.16,5.65,4
O005268,C03475,2024-01-01,Home,5,68.24,12.75,4
O005269,C00097,2024-05-29,Electronics,2,44.85,10.51,3
O005270,C02427,2024-08-02,Electronics,3,70.29,12.17,2
O005271,C02718,2024-02-15,Clothing,5,164.4,0.0,5
O005272,C03258,2024-03-05,Clothing,4,175.81,0.0,5
O005273,C04727,2024-01-06,Beauty,3,70.96,12.29,3
O005274,C00503,2024-03-21,Electronics,2,82.73,0.0,3
O005275,C04384,2024-07-07,Electronics,2,64.72,7.09,3
O005276,C04465,2024-05-30,Sports,2,90.53,0.0,3
O005277,C00065,2024-05-27,Sports,1,43.47,9.64,5
O005278,C04258,2024-01-28,Sports,2,88.0,0.0,3
O005279,C00662,2024-06-13,Clothing,3,76.31,0.0,4
O005280,C03490,2024-05-14,Clothing,8,297.93,0.0,3
O005281,C00481,2024-09-10,Home,4,141.24,0.0,4
O005282,C04663,2024-10-31,Sports,2,59.08,12.1,1
O005283,C03262,2024-07-30,Home,4,116.95,0.0,5
O005284,C00406,2024-10-06,Electronics,1,60.14,5.42,2
O005285,C04861,2024-03-20,Beauty,3,125.36,0.0,2
O005286,C03561,2024-09-25,Home,1,39.72,5.82,5
O005287,C03384,2024-12-13,Clothing,2,63.07,8.18,2
O005288,C03668,2024-01-15,Electronics,6,244.14,0.0,4
O005289,C04962,2024-03-27,Sports,2,79.19,0.0,5
O005290,C01118,2024-08-10,Home,6,144.99,0.0,4
O005291,C02438,2024-11-20,Beauty,7,269.22,0.0,4
O005292,C03483,2024-03-31,Electronics,4,147.23,0.0,3
O005293,C03710,2024-11-11,Electronics,4,170.01,0.0,4
O005294,C03441,2024-09-22,Electronics,1,39.25,10.93,6
O005295,C00742,2024-11-02,Electronics,3,126.96,0.0,3
O005296,C03240,2024-11-15,Home,3,151.01,0.0,3
O005297,C02922,2024-04-15,Electronics,4,103.37,0.0,3
O005298,C01832,2024-09-09,Sports,5,155.05,0.0,7
O005299,C04139,2024-07-17,Sports,3,73.82,9.68,3
O005300,C00911,2024-02-25,Clothing,4,93.29,0.0,3
O005301,C04013,2024-08-26,Clothing,10,227.05,0.0,1
O005302,C04703,2024-12-12,Clothing,4,160.6,0.0,5
O005303,C01419,2024-12-06,Clothing,2,58.93,11.67,7
O005304,C04815,2024-12-28,Clothing,2,80.41,0.0,3
O005305,C04310,2024-08-05,Clothing,1,48.69,11.43,2
O005306,C04039,2024-07-30,Clothing,1,47.66,7.26,2
O005307,C03640,2024-07-07,Clothing,3,134.28,0.0,7
O005308,C03446,2024-11-30,Beauty,2,63.16,8.04,1
O005309,C00132,2024-12-30,Electronics,4,183.33,0.0,2
O005310,C02057,2024-04-11,Electronics,3,142.77,0.0,7
O005311,C00153,2024-05-22,Electronics,5,127.29,0.0,6
O005312,C02479,2024-10-11,Electronics,2,89.95,0.0,2
O005313,C00483,2024-03-10,Electronics,9,329.21,0.0,4
O005314,C00305,2024-12-01,Clothing,6,181.61,0.0,7
O005315,C02520,2024-03-05,Clothing,4,73.02,9.12,3
O005316,C00993,2024-07-16,Beauty,3,103.74,0.0,5
O005317,C02238,2024-01-16,Home,2,60.18,9.35,4
O005318,C02560,2024-11-05,Home,3,83.85,0.0,1
O005319,C04439,2024-12-18,Sports,2,43.43,10.63,6
O005320,C00715,2024-09-19,Home,2,80.54,0.0,4
O005321,C01710,2024-02-29,Home,3,106.51,0.0,2
O005322,C01058,2024-01-10,Sports,4,176.47,0.0,6
O005323,C00471,2024-11-04,Sports,3,99.03,0.0,1
O005324,C03466,2024-01-08,Sports,3,133.76,0.0,4
O005325,C00741,2024-12-06,Clothing,1,5.0,6.41,3
O005326,C03567,2024-03-30,Sports,4,184.55,0.0,4
O005327,C00513,2024-02-06,Electronics,4,100.13,0.0,4
O005328,C03394,2024-03-24,Electronics,2,58.52,9.13,4
O005329,C03286,2024-08-21,Home,4,210.22,0.0,5
O005330,C03838,2024-09-06,Clothing,4,168.79,0.0,6
O005331,C02193,2024-08-27,Home,2,75.84,0.0,3
O005332,C04655,2024-04-13,Beauty,2,40.18,5.54,3
O005333,C04888,2024-07-29,Electronics,2,63.37,12.52,3
O005334,C00360,2024-08-12,Clothing,4,188.33,0.0,4
O005335,C00285,2024-10-05,Electronics,3,114.43,0.0,5
O005336,C03317,2024-06-14,Home,4,56.97,7.38,7
O005337,C03278,2024-10-27,Electronics,3,160.17,0.0,3
O005338,C02632,2024-02-15,Sports,5,150.87,0.0,4
O005339,C01758,2024-01-02,Electronics,3,152.97,0.0,5
O005340,C02775,2024-06-24,Beauty,4,117.87,0.0,5
O005341,C01523,2024-09-29,Electronics,1,46.06,6.29,5
O005342,C01246,2024-04-27,Sports,2,75.42,0.0,7
O005343,C01413,2024-09-28,Clothing,1,31.9,8.4,5
O005344,C04839,2024-06-21,Sports,6,187.61,0.0,5
O005345,C01417,2024-10-30,Clothing,4,103.51,0.0,3
O005346,C00358,2024-05-31,Clothing,1,45.47,6.84,5
O005347,C03466,2024-12-16,Clothing,1,46.12,5.71,2
O005348,C04136,2024-07-11,Electronics,5,211.6,0.0,4
O005349,C02950,2024-04-01,Electronics,2,54.32,6.09,3
O005350,C03142,2024-06-09,Clothing,2,73.85,10.05,4
O005351,C02877,2024-04-15,Electronics,4,161.56,0.0,5
O005352,C04554,2024-08-16,Electronics,4,102.33,0.0,3
O005353,C00197,2024-04-12,Home,2,111.71,0.0,2
O005354,C01875,2024-05-11,Electronics,3,82.44,0.0,4
O005355,C00938,2024-09-13,Sports,5,94.68,0.0,6
O005356,C02195,2024-10-15,Beauty,1,22.44,8.17,7
O005357,C03531,2024-04-10,Clothing,3,61.85,5.11,5
O005358,C04126,2024-10-27,Clothing,7,245.5,0.0,4
O005359,C00390,2024-01-21,Beauty,1,11.88,11.64,3
O005360,C02927,2024-09-05,Home,5,215.52,0.0,2
O005361,C00347,2024-07-10,Sports,2,74.61,12.86,6
O005362,C02845,2024-03-13,Home,1,14.32,6.82,4
O005363,C00119,2024-11-08,Electronics,1,59.94,7.18,4
O005364,C04616,2024-06-16,Sports,3,185.97,0.0,7
O005365,C01239,2024-03-02,Home,2,91.76,0.0,5
O005366,C02781,2024-06-19,Electronics,3,143.84,0.0,6
O005367,C02128,2024-04-30,Clothing,4,227.39,0.0,4
O005368,C02467,2024-08-03,Home,2,110.68,0.0,5
O005369,C00584,2024-06-22,Home,2,68.71,10.44,5
O005370,C02760,2024-01-24,Beauty,2,94.25,0.0,4
O005371,C01709,2024-05-17,Home,1,43.98,11.27,5
O005372,C02705,2024-04-08,Clothing,3,99.5,0.0,4
O005373,C04838,2024-11-19,Home,4,133.79,0.0,4
O005374,C00672,2024-02-26,Clothing,6,223.56,0.0,4
O005375,C01772,2024-09-03,Clothing,6,134.45,0.0,3
O005376,C01686,2024-06-20,Clothing,5,133.69,0.0,6
O005377,C02078,2024-07-19,Clothing,4,127.26,0.0,2
O005378,C02486,2024-11-26,Beauty,3,73.32,12.31,4
O005379,C01697,2024-04-16,Electronics,4,134.04,0.0,4
O005380,C03602,2024-02-17,Electronics,3,66.75,11.24,1
O005381,C04159,2024-11-28,Electronics,4,76.83,0.0,3
O005382,C01454,2024-10-12,Sports,2,29.1,8.63,7
O005383,C03207,2024-02-15,Beauty,2,79.9,0.0,5
O005384,C04253,2024-04-29,Sports,1,42.45,6.09,5
O005385,C02991,2024-02-29,Clothing,1,48.99,5.37,6
O005386,C04873,2024-05-26,Home,2,47.47,5.12,5
O005387,C02302,2024-04-13,Clothing,3,93.58,0.0,6
O005388,C03259,2024-03-08,Beauty,1,39.62,12.16,5
O005389,C01351,2024-06-10,Home,2,38.15,6.81,3
O005390,C04102,2024-08-02,Sports,2,73.29,5.61,6
O005391,C03950,2024-04-27,Beauty,1,27.42,9.23,3
O005392,C01280,2024-08-24,Clothing,4,132.61,0.0,3
O005393,C00821,2024-08-05,Clothing,5,177.38,0.0,4
O005394,C01344,2024-05-03,Beauty,2,95.31,0.0,3
O005395,C02296,2024-04-26,Beauty,4,105.18,0.0,3
O005396,C00004,2024-09-19,Electronics,5,222.92,0.0,4
O005397,C02561,2024-12-03,Electronics,3,104.0,0.0,3
O005398,C02554,2024-06-18,Electronics,1,37.03,10.14,5
O005399,C00031,2024-07-14,Clothing,1,30.27,6.87,4
O005400,C01653,2024-11-04,Clothing,4,130.25,0.0,2
O005401,C01299,2024-05-29,Clothing,6,251.24,0.0,5
O005402,C04805,2024-09-02,Home,1,29.33,12.03,4
O005403,C00886,2024-10-08,Electronics,4,176.23,0.0,5
O005404,C01201,2024-07-09,Clothing,4,99.44,0.0,5
O005405,C03359,2024-06-22,Sports,5,207.99,0.0,4
O005406,C01980,2024-03-21,Home,3,97.82,0.0,9
O005407,C04844,2024-06-20,Clothing,2,79.06,0.0,5
O005408,C04039,2024-06-12,Electronics,1,49.94,5.44,5
O005409,C02127,2024-10-23,Sports,6,296.85,0.0,2
O005410,C02291,2024-04-20,Sports,2,64.72,12.03,3
O005411,C03895,2024-07-25,Home,4,157.87,0.0,5
O005412,C04597,2024-12-03,Clothing,1,52.07,9.69,3
O005413,C00205,2024-03-10,Electronics,3,116.59,0.0,6
O005414,C01484,2024-04-07,Sports,1,34.12,10.59,3
O005415,C02771,2024-01-05,Sports,3,100.79,0.0,2
O005416,C04429,2024-07-03,Home,3,123.1,0.0,1
O005417,C02651,2024-07-22,Clothing,3,86.98,0.0,6
O005418,C04262,2024-01-12,Home,3,157.36,0.0,5
O005419,C02209,2024-08-26,Home,4,111.49,0.0,5
O005420,C00006,2024-11-26,Clothing,2,61.51,11.82,3
O005421,C00532,2024-10-06,Beauty,2,34.97,9.2,1
O005422,C02093,2024-04-24,Beauty,5,199.05,0.0,3
O005423,C04553,2024-07-28,Sports,1,61.79,11.09,3
O005424,C00227,2024-11-14,Home,4,95.72,0.0,2
O005425,C02100,2024-05-12,Clothing,3,82.91,0.0,3
O005426,C04567,2024-08-10,Electronics,2,77.24,0.0,2
O005427,C00897,2024-12-10,Home,2,73.92,6.79,4
O005428,C01321,2024-06-29,Electronics,2,135.52,0.0,2
O005429,C02662,2024-01-28,Clothing,3,64.51,10.64,3
O005430,C02560,2024-07-11,Sports,2,51.47,5.72,5
O005431,C01665,2024-10-27,Sports,3,132.54,0.0,4
O005432,C01526,2024-09-12,Clothing,1,5.0,12.96,4
O005433,C03751,2024-04-20,Electronics,3,107.41,0.0,3
O005434,C03655,2024-07-12,Beauty,4,110.8,0.0,3
O005435,C02568,2024-05-03,Clothing,4,76.86,0.0,3
O005436,C04770,2024-03-31,Electronics,7,288.31,0.0,3
O005437,C01097,2024-05-15,Electronics,2,83.27,0.0,5
O005438,C03099,2024-10-09,Clothing,1,36.27,12.43,6
O005439,C03241,2024-08-16,Clothing,6,154.38,0.0,4
O005440,C02823,2024-05-24,Sports,3,130.1,0.0,2
O005441,C02928,2024-08-29,Beauty,1,50.07,12.3,5
O005442,C04994,2024-01-31,Beauty,2,76.49,0.0,5
O005443,C03615,2024-09-17,Clothing,2,46.16,8.56,4
O005444,C00848,2024-02-29,Beauty,4,152.14,0.0,5
O005445,C03617,2024-03-29,Beauty,1,42.72,7.83,5
O005446,C02705,2024-04-10,Electronics,4,143.28,0.0,7
O005447,C03894,2024-10-24,Clothing,3,69.5,6.08,2
O005448,C03382,2024-10-05,Electronics,1,26.97,5.03,3
O005449,C03072,2024-04-30,Electronics,3,94.5,0.0,4
O005450,C02995,2024-08-30,Sports,6,82.57,0.0,4
O005451,C04743,2024-12-30,Clothing,4,167.9,0.0,5
O005452,C04534,2024-03-17,Clothing,2,55.04,10.06,2
O005453,C01501,2024-09-29,Beauty,2,36.77,6.25,5
O005454,C02443,2024-02-27,Beauty,1,56.86,10.21,5
O005455,C01726,2024-09-03,Beauty,4,175.03,0.0,4
O005456,C01566,2024-04-05,Electronics,3,83.9,0.0,4
O005457,C01744,2024-02-14,Beauty,4,235.81,0.0,7
O005458,C00326,2024-10-17,Home,5,228.24,0.0,3
O005459,C04418,2024-09-14,Home,5,175.68,0.0,2
O005460,C02231,2024-10-29,Beauty,2,116.38,0.0,3
O005461,C02667,2024-09-15,Home,2,35.72,11.51,5
O005462,C01210,2024-09-02,Home,4,78.85,0.0,6
O005463,C04362,2024-08-27,Beauty,6,155.79,0.0,5
O005464,C00842,2024-05-07,Electronics,6,105.7,0.0,5
O005465,C04425,2024-07-20,Clothing,1,24.47,8.0,3
O005466,C03902,2024-10-02,Beauty,2,125.33,0.0,5
O005467,C03437,2024-07-25,Beauty,5,142.17,0.0,4
O005468,C04779,2024-02-09,Beauty,1,41.47,9.18,6
O005469,C02072,2024-12-30,Sports,5,191.0,0.0,4
O005470,C01285,2024-11-16,Electronics,3,90.16,0.0,5
O005471,C01379,2024-12-11,Electronics,2,105.23,0.0,6
O005472,C02659,2024-11-14,Electronics,4,118.77,0.0,6
O005473,C03562,2024-02-25,Electronics,4,119.74,0.0,4
O005474,C01888,2024-06-08,Electronics,3,98.14,0.0,5
O005475,C04013,2024-11-17,Electronics,3,111.81,0.0,3
O005476,C01979,2024-04-05,Beauty,1,32.65,12.77,4
O005477,C04728,2024-04-25,Clothing,5,140.48,0.0,1
O005478,C04417,2024-07-30,Clothing,1,25.33,9.61,5
O005479,C04299,2024-03-27,Beauty,2,91.22,0.0,5
O005480,C03162,2024-11-02,Clothing,1,38.83,6.63,4
O005481,C02225,2024-09-24,Electronics,1,50.35,9.12,5
O005482,C04723,2024-02-13,Beauty,5,141.36,0.0,2
O005483,C02080,2024-03-23,Beauty,2,34.3,8.95,3
O005484,C04823,2024-07-29,Sports,2,117.71,0.0,3
O005485,C00954,2024-12-11,Sports,6,123.01,0.0,1
O005486,C02868,2024-01-09,Clothing,3,142.13,0.0,6
O005487,C02291,2024-06-05,Home,1,53.96,5.05,5
O005488,C00070,2024-12-13,Beauty,3,124.68,0.0,3
O005489,C01095,2024-07-07,Clothing,3,115.35,0.0,4
O005490,C04254,2024-11-15,Clothing,2,62.69,5.67,6
O005491,C00549,2024-05-10,Beauty,1,31.34,6.83,4
O005492,C01840,2024-08-02,Electronics,2,48.81,10.8,6
O005493,C01952,2024-04-24,Clothing,4,148.47,0.0,2
O005494,C01059,2024-05-02,Sports,3,90.18,0.0,4
O005495,C03552,2024-12-23,Electronics,5,274.7,0.0,4
O005496,C02508,2024-11-28,Beauty,5,141.16,0.0,3
O005497,C03908,2024-11-14,Home,2,94.73,0.0,6
O005498,C04982,2024-12-29,Clothing,4,151.04,0.0,3
O005499,C03491,2024-07-10,Home,2,45.4,10.38,3
O005500,C04607,2024-05-27,Electronics,4,158.74,0.0,1
O005501,C04464,2024-01-28,Beauty,2,117.27,0.0,4
O005502,C02960,2024-05-03,Home,3,58.37,5.21,4
O005503,C00883,2024-03-17,Sports,2,41.77,9.23,2
O005504,C02626,2024-03-15,Home,4,73.51,11.65,6
O005505,C04765,2024-12-23,Beauty,1,55.35,9.6,2
O005506,C02154,2024-07-04,Electronics,1,20.36,6.24,5
O005507,C04762,2024-02-08,Electronics,1,29.8,6.63,4
O005508,C03567,2024-08-21,Clothing,2,72.99,8.96,4
O005509,C00260,2024-09-04,Beauty,2,68.1,5.96,6
O005510,C01509,2024-11-24,Beauty,6,226.57,0.0,6
O005511,C00313,2024-05-10,Beauty,6,241.65,0.0,5
O005512,C02679,2024-01-05,Electronics,5,154.24,0.0,5
O005513,C01845,2024-12-13,Clothing,7,271.24,0.0,5
O005514,C02585,2024-09-15,Beauty,2,88.09,0.0,4
O005515,C04015,2024-09-01,Sports,6,175.09,0.0,3
O005516,C03252,2024-12-15,Beauty,1,45.99,10.87,1
O005517,C01534,2024-03-18,Home,4,216.52,0.0,3
O005518,C04770,2024-12-01,Sports,6,161.56,0.0,4
O005519,C01424,2024-04-24,Home,7,257.74,0.0,1
O005520,C02021,2024-01-04,Beauty,2,48.38,11.49,3
O005521,C01692,2024-05-10,Clothing,3,115.96,0.0,3
O005522,C01729,2024-08-14,Beauty,3,134.01,0.0,3
O005523,C00328,2024-05-07,Electronics,3,87.7,0.0,7
O005524,C01589,2024-01-09,Electronics,3,70.36,9.82,7
O005525,C03754,2024-11-19,Electronics,1,57.14,8.95,5
O005526,C02895,2024-04-27,Home,5,132.36,0.0,7
O005527,C00098,2024-12-09,Clothing,4,142.49,0.0,4
O005528,C04755,2024-07-06,Clothing,3,104.55,0.0,6
O005529,C02348,2024-05-18,Electronics,3,142.79,0.0,5
O005530,C01098,2024-05-04,Clothing,1,32.85,5.28,4
O005531,C04735,2024-08-10,Electronics,8,256.89,0.0,4
O005532,C00085,2024-11-23,Sports,3,126.74,0.0,5
O005533,C01278,2024-11-01,Electronics,3,92.78,0.0,4
O005534,C02712,2024-09-15,Home,1,37.83,7.82,2
O005535,C00519,2024-03-07,Beauty,4,179.06,0.0,3
O005536,C03524,2024-03-25,Home,3,128.77,0.0,5
O005537,C00184,2024-03-02,Electronics,6,123.0,0.0,5
O005538,C00973,2024-01-14,Clothing,3,67.36,6.17,2
O005539,C03386,2024-05-01,Sports,3,157.33,0.0,6
O005540,C02389,2024-10-05,Clothing,1,32.25,12.82,5
O005541,C04323,2024-05-02,Home,6,249.47,0.0,4
O005542,C04933,2024-03-17,Home,1,28.86,9.39,6
O005543,C03828,2024-09-28,Electronics,2,105.8,0.0,3
O005544,C02312,2024-05-25,Sports,4,156.01,0.0,6
O005545,C02498,2024-09-25,Beauty,6,115.86,0.0,1
O005546,C03480,2024-02-25,Home,4,174.67,0.0,3
O005547,C04266,2024-08-05,Clothing,5,232.22,0.0,4
O005548,C00566,2024-06-21,Clothing,2,74.45,6.85,3
O005549,C01936,2024-02-09,Clothing,4,116.94,0.0,3
O005550,C00827,2024-12-24,Sports,1,57.6,9.38,5
O005551,C04702,2024-06-07,Beauty,2,79.61,0.0,6
O005552,C03118,2024-12-25,Sports,2,77.43,0.0,4
O005553,C00350,2024-02-01,Sports,3,99.37,0.0,4
O005554,C00099,2024-09-04,Home,2,69.84,8.81,6
O005555,C01770,2024-05-08,Beauty,2,32.73,8.71,4
O005556,C01805,2024-10-17,Beauty,3,74.99,5.54,4
O005557,C01061,2024-02-05,Home,2,47.01,5.65,2
O005558,C03510,2024-12-13,Electronics,2,120.83,0.0,4
O005559,C03057,2024-03-06,Electronics,4,203.35,0.0,6
O005560,C04171,2024-10-11,Clothing,6,329.44,0.0,4
O005561,C02106,2024-06-05,Clothing,4,118.82,0.0,4
O005562,C03091,2024-02-12,Home,1,5.0,7.06,5
O005563,C00402,2024-10-01,Clothing,3,96.94,0.0,5
O005564,C00188,2024-04-30,Clothing,3,99.51,0.0,2
O005565,C03985,2024-07-10,Clothing,2,59.61,9.36,4
O005566,C00139,2024-12-19,Electronics,7,300.92,0.0,8
O005567,C00143,2024-01-31,Clothing,1,77.6,0.0,4
O005568,C04204,2024-12-22,Clothing,2,105.56,0.0,5
O005569,C00221,2024-01-19,Electronics,5,143.86,0.0,2
O005570,C04241,2024-10-11,Beauty,2,59.43,7.68,2
O005571,C04606,2024-03-13,Home,2,97.88,0.0,3
O005572,C02424,2024-03-16,Clothing,1,35.55,12.95,2
O005573,C04101,2024-07-06,Clothing,1,29.54,10.12,1
O005574,C04029,2024-06-27,Clothing,7,148.82,0.0,2
O005575,C00388,2024-12-03,Sports,2,38.59,5.62,3
O005576,C03839,2024-11-01,Clothing,3,158.93,0.0,4
O005577,C03032,2024-05-16,Home,3,9.68,9.48,1
O005578,C00560,2024-06-10,Sports,8,188.01,0.0,5
O005579,C01840,2024-10-16,Beauty,1,50.44,9.55,6
O005580,C03235,2024-02-16,Sports,1,44.5,12.7,6
O005581,C01772,2024-01-24,Clothing,1,14.55,7.07,2
O005582,C00365,2024-12-01,Clothing,2,88.83,0.0,1
O005583,C00417,2024-10-10,Home,3,137.57,0.0,6
O005584,C01636,2024-06-22,Clothing,1,39.61,5.48,6
O005585,C02069,2024-11-02,Home,4,152.4,0.0,5
O005586,C00517,2024-09-18,Sports,1,49.15,12.97,1
O005587,C04032,2024-08-17,Beauty,4,127.96,0.0,4
O005588,C01221,2024-07-09,Home,5,203.52,0.0,2
O005589,C00661,2024-04-27,Electronics,4,180.97,0.0,3
O005590,C03417,2024-02-22,Home,6,190.22,0.0,4
O005591,C00330,2024-07-10,Electronics,2,88.93,0.0,2
O005592,C00378,2024-02-29,Clothing,2,100.16,0.0,3
O005593,C03283,2024-01-11,Electronics,4,86.73,0.0,5
O005594,C00160,2024-09-16,Clothing,3,130.18,0.0,6
O005595,C04754,2024-09-26,Sports,5,174.77,0.0,7
O005596,C01264,2024-05-20,Clothing,4,149.43,0.0,5
O005597,C04175,2024-05-22,Beauty,6,185.94,0.0,5
O005598,C02200,2024-04-22,Beauty,2,38.64,9.17,5
O005599,C02565,2024-09-20,Clothing,6,108.98,0.0,4
O005600,C02431,2024-12-09,Home,3,71.59,10.55,3
O005601,C04789,2024-01-11,Electronics,4,101.87,0.0,5
O005602,C02038,2024-04-08,Home,2,80.64,0.0,7
O005603,C02400,2024-01-23,Sports,3,123.19,0.0,4
O005604,C01225,2024-08-26,Electronics,4,171.19,0.0,5
O005605,C01989,2024-04-18,Clothing,3,114.53,0.0,5
O005606,C00866,2024-09-19,Electronics,2,66.3,5.32,3
O005607,C00391,2024-11-20,Sports,4,185.85,0.0,4
O005608,C01409,2024-06-08,Clothing,1,32.62,8.32,4
O005609,C04916,2024-08-07,Clothing,4,181.6,0.0,6
O005610,C04031,2024-06-20,Home,1,22.04,10.24,4
O005611,C04436,2024-04-03,Sports,5,128.05,0.0,5
O005612,C01555,2024-05-01,Clothing,3,124.1,0.0,3
O005613,C04048,2024-10-26,Beauty,3,109.11,0.0,3
O005614,C00132,2024-07-15,Electronics,1,25.78,8.59,5
O005615,C03680,2024-02-20,Sports,1,32.06,6.86,6
O005616,C03077,2024-11-12,Sports,2,62.2,7.64,5
O005617,C04473,2024-11-02,Beauty,1,34.99,6.3,3
O005618,C04736,2024-01-20,Electronics,3,91.65,0.0,3
O005619,C01522,2024-01-30,Electronics,1,17.06,7.93,5
O005620,C03270,2024-10-26,Beauty,1,75.34,0.0,4
O005621,C00441,2024-03-26,Home,2,123.34,0.0,1
O005622,C01742,2024-08-17,Electronics,2,55.28,9.32,2
O005623,C01204,2024-06-05,Home,1,44.57,5.91,4
O005624,C00241,2024-06-29,Electronics,2,67.62,8.47,6
O005625,C03392,2024-04-21,Sports,4,250.4,0.0,4
O005626,C03722,2024-05-18,Beauty,6,189.17,0.0,2
O005627,C04119,2024-01-10,Clothing,6,202.21,0.0,1
O005628,C01204,2024-10-17,Sports,1,66.53,10.94,5
O005629,C01888,2024-08-25,Beauty,5,151.47,0.0,3
O005630,C04271,2024-05-11,Clothing,2,30.14,11.0,5
O005631,C00198,2024-11-25,Sports,4,219.36,0.0,3
O005632,C03526,2024-07-03,Beauty,3,75.59,0.0,5
O005633,C04195,2024-10-21,Electronics,2,91.64,0.0,6
O005634,C00745,2024-07-26,Sports,3,66.1,12.36,7
O005635,C00453,2024-09-06,Home,2,139.78,0.0,3
O005636,C03263,2024-12-15,Electronics,7,350.53,0.0,1
O005637,C03022,2024-11-18,Clothing,5,163.54,0.0,3
O005638,C00499,2024-03-29,Clothing,5,152.09,0.0,3
O005639,C03688,2024-12-23,Clothing,1,19.07,12.93,3
O005640,C03263,2024-12-27,Sports,5,205.28,0.0,3
O005641,C00141,2024-02-05,Beauty,7,197.43,0.0,5
O005642,C01715,2024-01-04,Electronics,3,131.73,0.0,2
O005643,C02821,2024-08-21,Beauty,1,5.0,6.97,5
O005644,C02223,2024-11-25,Beauty,4,123.53,0.0,4
O005645,C02468,2024-09-25,Beauty,4,97.38,0.0,4
O005646,C00676,2024-03-10,Home,2,52.68,12.21,4
O005647,C03506,2024-01-07,Clothing,1,36.58,11.51,4
O005648,C03603,2024-06-04,Electronics,3,104.42,0.0,7
O005649,C00918,2024-10-19,Electronics,5,241.3,0.0,3
O005650,C01823,2024-10-12,Beauty,2,52.91,9.29,3
O005651,C03823,2024-12-25,Clothing,2,62.77,8.7,3
O005652,C02604,2024-03-14,Electronics,3,129.15,0.0,6
O005653,C04804,2024-01-12,Beauty,1,46.53,9.87,5
O005654,C01731,2024-12-02,Home,4,114.43,0.0,1
O005655,C03429,2024-04-21,Home,3,40.99,7.47,4
O005656,C04657,2024-01-30,Sports,2,86.14,0.0,5
O005657,C04155,2024-02-05,Home,3,180.39,0.0,2
O005658,C03719,2024-12-09,Beauty,3,136.02,0.0,6
O005659,C01625,2024-08-17,Clothing,2,68.27,8.01,4
O005660,C01807,2024-10-03,Sports,6,231.07,0.0,6
O005661,C04359,2024-04-15,Beauty,3,122.0,0.0,4
O005662,C01455,2024-10-14,Sports,6,274.4,0.0,2
O005663,C00354,2024-09-06,Clothing,4,106.11,0.0,3
O005664,C02934,2024-03-03,Clothing,2,12.58,8.04,3
O005665,C00941,2024-02-13,Beauty,1,30.06,9.45,1
O005666,C03946,2024-05-28,Clothing,5,135.8,0.0,6
O005667,C04143,2024-02-15,Clothing,4,125.05,0.0,7
O005668,C04849,2024-06-23,Beauty,8,373.31,0.0,6
O005669,C00230,2024-06-02,Clothing,4,171.28,0.0,4
O005670,C03483,2024-09-17,Beauty,2,110.14,0.0,4
O005671,C04853,2024-05-12,Electronics,2,95.53,0.0,5
O005672,C04858,2024-10-13,Home,5,184.77,0.0,7
O005673,C00238,2024-06-04,Home,3,123.6,0.0,5
O005674,C03773,2024-11-28,Home,1,63.37,8.45,1
O005675,C04174,2024-08-28,Electronics,1,27.68,6.29,4
O005676,C02782,2024-11-26,Clothing,5,179.23,0.0,2
O005677,C02607,2024-05-06,Clothing,1,20.52,8.9,6
O005678,C01985,2024-07-11,Clothing,5,172.81,0.0,4
O005679,C03096,2024-09-25,Clothing,4,190.93,0.0,4
O005680,C01053,2024-05-01,Beauty,1,44.23,6.02,2
O005681,C00351,2024-05-25,Sports,4,115.03,0.0,3
O005682,C00913,2024-05-31,Sports,4,123.92,0.0,5
O005683,C04446,2024-06-05,Electronics,5,187.18,0.0,3
O005684,C01305,2024-06-04,Clothing,2,44.3,12.21,4
O005685,C02524,2024-04-11,Clothing,4,110.65,0.0,3
O005686,C00292,2024-12-05,Electronics,2,60.56,9.74,3
O005687,C01213,2024-09-08,Beauty,2,42.86,12.55,4
O005688,C00468,2024-09-23,Electronics,4,136.78,0.0,3
O005689,C03278,2024-11-02,Electronics,2,42.9,5.13,4
O005690,C02526,2024-02-28,Home,2,56.3,5.66,3
O005691,C03576,2024-12-05,Clothing,1,27.96,12.28,5
O005692,C03200,2024-04-14,Clothing,3,132.01,0.0,2
O005693,C04326,2024-09-25,Clothing,2,55.28,5.47,2
O005694,C01065,2024-02-16,Clothing,1,28.36,12.34,4
O005695,C04889,2024-03-28,Beauty,6,170.77,0.0,4
O005696,C03464,2024-06-19,Home,1,38.98,7.92,4
O005697,C04920,2024-05-31,Clothing,2,123.59,0.0,5
O005698,C01694,2024-06-24,Clothing,1,20.71,8.17,5
O005699,C04932,2024-11-14,Beauty,3,117.09,0.0,3
O005700,C02395,2024-05-24,Clothing,4,158.4,0.0,2
O005701,C02058,2024-11-20,Home,2,40.23,12.45,4
O005702,C00087,2024-11-05,Clothing,4,196.98,0.0,4
O005703,C02593,2024-08-09,Clothing,1,27.37,9.11,5
O005704,C04043,2024-01-15,Beauty,3,149.42,0.0,5
O005705,C02921,2024-05-17,Home,1,12.03,12.76,4
O005706,C00004,2024-09-06,Sports,1,18.17,7.88,2
O005707,C03095,2024-05-29,Clothing,2,52.91,12.48,4
O005708,C01522,2024-12-16,Electronics,3,90.46,0.0,3
O005709,C02949,2024-09-25,Sports,2,64.56,12.21,5
O005710,C03858,2024-03-21,Clothing,2,63.33,7.14,3
O005711,C01978,2024-03-05,Home,3,134.81,0.0,2
O005712,C01475,2024-05-21,Home,1,12.84,8.39,3
O005713,C01131,2024-10-26,Clothing,4,120.43,0.0,3
O005714,C00881,2024-09-03,Electronics,4,173.51,0.0,2
O005715,C01402,2024-07-11,Home,4,116.11,0.0,2
O005716,C01976,2024-10-09,Clothing,3,94.44,0.0,6
O005717,C01751,2024-09-10,Electronics,1,46.48,9.98,4
O005718,C00002,2024-06-21,Electronics,3,132.81,0.0,3
O005719,C01145,2024-11-08,Clothing,1,25.47,11.47,4
O005720,C01639,2024-10-04,Clothing,5,117.35,0.0,1
O005721,C00149,2024-10-16,Clothing,4,183.59,0.0,2
O005722,C04248,2024-11-01,Home,11,273.37,0.0,2
O005723,C02354,2024-11-05,Clothing,3,161.83,0.0,2
O005724,C02044,2024-07-04,Clothing,1,14.94,5.41,4
O005725,C01703,2024-12-21,Home,3,106.08,0.0,4
O005726,C02930,2024-08-11,Home,4,130.44,0.0,4
O005727,C04571,2024-03-02,Beauty,3,104.33,0.0,2
O005728,C01388,2024-03-24,Clothing,2,33.67,10.01,3
O005729,C04903,2024-01-27,Clothing,2,52.32,11.69,5
O005730,C01664,2024-11-15,Home,3,104.39,0.0,3
O005731,C02081,2024-05-10,Beauty,3,130.49,0.0,5
O005732,C01997,2024-05-06,Clothing,5,225.77,0.0,4
O005733,C03693,2024-01-11,Sports,8,296.81,0.0,3
O005734,C03231,2024-10-06,Home,4,12.29,6.07,3
O005735,C01251,2024-10-11,Clothing,4,166.88,0.0,3
O005736,C04463,2024-07-15,Sports,6,250.39,0.0,2
O005737,C02037,2024-08-12,Home,1,38.69,7.03,3
O005738,C00538,2024-09-20,Clothing,2,56.95,12.29,4
O005739,C01555,2024-10-01,Home,2,24.56,12.26,4
O005740,C02153,2024-03-08,Home,1,44.98,8.83,6
O005741,C00791,2024-08-20,Beauty,4,178.24,0.0,5
O005742,C01949,2024-04-08,Clothing,2,58.27,6.41,4
O005743,C04144,2024-08-09,Clothing,2,99.8,0.0,4
O005744,C04756,2024-05-03,Home,2,92.86,0.0,4
O005745,C01436,2024-10-30,Electronics,3,71.28,8.61,2
O005746,C03250,2024-04-11,Beauty,3,51.14,12.95,4
O005747,C02849,2024-11-15,Electronics,5,121.31,0.0,4
O005748,C00114,2024-09-20,Sports,3,129.88,0.0,5
O005749,C02344,2024-12-30,Sports,4,82.01,0.0,4
O005750,C04534,2024-08-17,Electronics,5,149.19,0.0,5
O005751,C00162,2024-05-02,Clothing,1,60.7,10.5,4
O005752,C03913,2024-08-14,Electronics,1,48.52,9.46,5
O005753,C00504,2024-08-15,Sports,2,76.95,0.0,3
O005754,C02635,2024-06-01,Clothing,4,96.63,0.0,1
O005755,C02506,2024-11-04,Home,5,76.06,0.0,5
O005756,C01395,2024-10-31,Beauty,2,93.23,0.0,5
O005757,C01510,2024-11-23,Sports,6,274.91,0.0,5
O005758,C02320,2024-05-28,Sports,1,28.32,10.24,2
O005759,C03251,2024-11-02,Electronics,5,124.36,0.0,4
O005760,C00480,2024-01-09,Electronics,3,84.03,0.0,1
O005761,C04255,2024-11-15,Clothing,1,32.91,6.79,4
O005762,C00755,2024-08-11,Clothing,5,173.46,0.0,6
O005763,C04000,2024-01-23,Electronics,3,101.78,0.0,5
O005764,C01837,2024-07-10,Home,1,35.14,10.42,1
O005765,C00204,2024-08-14,Clothing,6,232.11,0.0,3
O005766,C02843,2024-02-23,Clothing,3,143.83,0.0,5
O005767,C03350,2024-04-01,Sports,1,50.45,11.49,2
O005768,C03215,2024-01-15,Beauty,1,38.33,9.23,6
O005769,C03592,2024-11-03,Electronics,2,126.85,0.0,5
O005770,C04608,2024-06-27,Clothing,2,83.71,0.0,6
O005771,C04212,2024-01-04,Beauty,2,98.88,0.0,5
O005772,C00392,2024-04-10,Home,5,204.01,0.0,5
O005773,C03415,2024-05-09,Electronics,2,19.37,12.22,4
O005774,C03445,2024-01-07,Sports,3,165.77,0.0,7
O005775,C02774,2024-07-02,Clothing,6,213.59,0.0,2
O005776,C02417,2024-11-26,Home,3,103.61,0.0,3
O005777,C01239,2024-11-27,Home,3,68.44,12.65,4
O005778,C02949,2024-02-04,Clothing,4,134.33,0.0,4
O005779,C00741,2024-08-19,Clothing,2,110.75,0.0,3
O005780,C03884,2024-06-02,Clothing,3,98.9,0.0,5
O005781,C04133,2024-03-04,Sports,4,118.55,0.0,6
O005782,C02844,2024-09-03,Electronics,5,120.89,0.0,3
O005783,C01536,2024-02-25,Clothing,4,107.71,0.0,3
O005784,C00369,2024-08-16,Home,3,114.4,0.0,5
O005785,C02272,2024-11-06,Beauty,2,86.74,0.0,6
O005786,C01958,2024-09-09,Sports,2,63.81,5.35,1
O005787,C04910,2024-10-19,Clothing,2,68.89,9.0,2
O005788,C01099,2024-02-21,Clothing,5,130.44,0.0,3
O005789,C02772,2024-01-15,Clothing,3,71.42,10.98,3
O005790,C01392,2024-12-07,Home,3,121.7,0.0,5
O005791,C01648,2024-12-05,Home,6,241.78,0.0,6
O005792,C02032,2024-12-28,Clothing,1,12.14,9.73,1
O005793,C01679,2024-06-28,Beauty,2,62.85,11.2,6
O005794,C02147,2024-03-17,Sports,2,88.0,0.0,4
O005795,C02825,2024-08-02,Home,3,112.71,0.0,3
O005796,C03297,2024-08-10,Clothing,4,93.48,0.0,3
O005797,C04171,2024-06-02,Clothing,5,197.14,0.0,5
O005798,C03782,2024-02-14,Clothing,6,208.55,0.0,5
O005799,C02232,2024-12-17,Sports,3,100.49,0.0,6
O005800,C03365,2024-01-21,Beauty,4,174.12,0.0,1
O005801,C03129,2024-03-21,Beauty,3,124.89,0.0,2
O005802,C01273,2024-02-22,Electronics,4,179.35,0.0,5
O005803,C01980,2024-06-05,Clothing,4,185.77,0.0,2
O005804,C03698,2024-05-26,Beauty,4,153.55,0.0,5
O005805,C02188,2024-06-30,Beauty,2,135.28,0.0,3
O005806,C02407,2024-03-18,Beauty,5,213.75,0.0,5
O005807,C01577,2024-04-28,Clothing,3,102.96,0.0,6
O005808,C03480,2024-12-24,Clothing,2,58.07,6.04,3
O005809,C03546,2024-12-08,Sports,5,227.04,0.0,5
O005810,C01470,2024-04-14,Clothing,3,98.63,0.0,6
O005811,C00980,2024-01-02,Sports,2,89.88,0.0,2
O005812,C01256,2024-04-24,Clothing,3,92.71,0.0,5
O005813,C03689,2024-02-01,Beauty,4,129.84,0.0,5
O005814,C01642,2024-12-23,Beauty,4,59.38,6.92,3
O005815,C00300,2024-03-02,Electronics,3,149.46,0.0,6
O005816,C04522,2024-04-06,Clothing,7,230.22,0.0,1
O005817,C03043,2024-05-14,Beauty,4,93.6,0.0,2
O005818,C00401,2024-04-07,Beauty,3,125.61,0.0,1
O005819,C01281,2024-08-02,Clothing,1,12.68,7.21,4
O005820,C04837,2024-03-24,Clothing,1,10.69,6.4,4
O005821,C00862,2024-06-05,Electronics,2,69.78,9.42,4
O005822,C04590,2024-04-16,Clothing,6,221.53,0.0,4
O005823,C02574,2024-12-22,Sports,2,110.73,0.0,4
O005824,C02785,2024-05-10,Beauty,1,84.16,0.0,5
O005825,C04186,2024-01-22,Beauty,3,64.51,5.67,4
O005826,C04160,2024-03-24,Electronics,2,30.7,11.48,9
O005827,C01112,2024-03-29,Home,4,176.61,0.0,2
O005828,C01057,2024-08-13,Electronics,2,62.45,10.12,3
O005829,C01096,2024-04-15,Clothing,2,92.08,0.0,5
O005830,C02301,2024-12-14,Clothing,1,96.16,0.0,3
O005831,C03992,2024-12-24,Electronics,1,14.2,9.12,5
O005832,C00514,2024-04-10,Electronics,3,140.63,0.0,8
O005833,C04232,2024-10-22,Clothing,3,36.92,8.09,4
O005834,C02677,2024-05-27,Sports,4,90.49,0.0,2
O005835,C00121,2024-08-17,Home,2,44.18,6.2,5
O005836,C01502,2024-03-27,Home,5,164.63,0.0,4
O005837,C02848,2024-01-11,Clothing,3,106.47,0.0,5
O005838,C04920,2024-05-15,Electronics,1,13.69,9.82,2
O005839,C01118,2024-04-02,Clothing,5,187.94,0.0,3
O005840,C00505,2024-10-18,Beauty,3,108.22,0.0,3
O005841,C02992,2024-06-01,Electronics,2,78.47,0.0,5
O005842,C01624,2024-12-19,Sports,4,231.5,0.0,3
O005843,C02239,2024-04-05,Clothing,3,122.86,0.0,6
O005844,C02434,2024-03-02,Home,3,90.14,0.0,3
O005845,C00803,2024-12-26,Clothing,4,130.89,0.0,4
O005846,C04374,2024-03-27,Sports,4,112.46,0.0,6
O005847,C01472,2024-07-29,Home,2,121.81,0.0,1
O005848,C00827,2024-03-23,Beauty,5,196.29,0.0,6
O005849,C01429,2024-08-14,Electronics,2,69.47,7.75,5
O005850,C02444,2024-01-12,Home,5,148.03,0.0,3
O005851,C04875,2024-12-24,Home,5,206.13,0.0,5
O005852,C04307,2024-06-01,Clothing,1,9.5,11.55,5
O005853,C04986,2024-01-05,Clothing,3,50.73,6.85,4
O005854,C03782,2024-03-16,Home,4,86.29,0.0,5
O005855,C02026,2024-01-04,Sports,7,149.24,0.0,4
O005856,C02318,2024-03-23,Clothing,4,151.3,0.0,4
O005857,C01007,2024-12-27,Sports,2,24.14,9.71,4
O005858,C01638,2024-02-04,Clothing,1,47.98,9.59,4
O005859,C00845,2024-08-29,Clothing,3,141.93,0.0,4
O005860,C04494,2024-05-23,Electronics,6,171.79,0.0,7
O005861,C03288,2024-03-20,Beauty,2,48.39,11.35,1
O005862,C03504,2024-03-15,Beauty,4,162.57,0.0,4
O005863,C02862,2024-10-25,Home,2,82.9,0.0,5
O005864,C00639,2024-10-10,Electronics,2,80.31,0.0,6
O005865,C00493,2024-08-02,Home,6,248.65,0.0,4
O005866,C02999,2024-09-02,Beauty,3,101.49,0.0,4
O005867,C03658,2024-08-25,Home,2,46.31,11.91,5
O005868,C02176,2024-12-02,Home,2,73.06,5.21,4
O005869,C01486,2024-01-19,Sports,4,87.79,0.0,3
O005870,C04544,2024-03-14,Beauty,3,139.92,0.0,3
O005871,C00559,2024-02-24,Clothing,5,194.76,0.0,2
O005872,C03749,2024-03-23,Beauty,3,143.31,0.0,4
O005873,C00970,2024-06-12,Sports,3,55.54,12.68,5
O005874,C04010,2024-11-13,Clothing,5,89.63,0.0,6
O005875,C00086,2024-12-28,Electronics,1,31.72,7.21,5
O005876,C04973,2024-06-15,Electronics,3,89.71,0.0,2
O005877,C03129,2024-04-25,Clothing,3,84.91,0.0,4
O005878,C04302,2024-10-23,Beauty,3,135.24,0.0,4
O005879,C02196,2024-07-06,Home,2,68.81,5.63,3
O005880,C04887,2024-09-11,Sports,1,32.99,12.3,3
O005881,C04054,2024-12-07,Sports,3,101.0,0.0,4
O005882,C00947,2024-11-17,Clothing,6,181.43,0.0,4
O005883,C03209,2024-12-18,Electronics,2,74.68,12.39,6
O005884,C01994,2024-01-19,Home,5,210.43,0.0,4
O005885,C03441,2024-11-06,Electronics,4,126.95,0.0,3
O005886,C01546,2024-10-28,Clothing,2,60.13,5.27,3
O005887,C04653,2024-01-04,Electronics,3,126.44,0.0,2
O005888,C03508,2024-07-08,Clothing,2,74.32,7.15,3
O005889,C00030,2024-10-07,Clothing,2,71.12,6.59,5
O005890,C01472,2024-03-03,Electronics,3,39.53,5.49,3
O005891,C01410,2024-09-25,Clothing,4,150.35,0.0,2
O005892,C03761,2024-09-10,Beauty,2,93.9,0.0,5
O005893,C03680,2024-04-24,Sports,4,156.1,0.0,3
O005894,C00529,2024-12-07,Electronics,2,58.89,7.34,5
O005895,C00126,2024-09-16,Sports,5,51.25,4.99,5
O005896,C04909,2024-01-02,Electronics,7,181.95,0.0,3
O005897,C03857,2024-03-07,Clothing,5,203.34,0.0,3
O005898,C03259,2024-10-12,Clothing,3,96.08,0.0,5
O005899,C00654,2024-05-11,Clothing,2,83.2,0.0,6
O005900,C04234,2024-02-17,Clothing,3,68.71,6.59,2
O005901,C00741,2024-02-12,Clothing,5,102.44,0.0,6
O005902,C02262,2024-04-02,Electronics,1,24.35,7.5,5
O005903,C00291,2024-05-20,Beauty,3,128.64,0.0,4
O005904,C02992,2024-02-16,Electronics,4,124.1,0.0,6
O005905,C03642,2024-08-18,Clothing,3,82.88,0.0,5
O005906,C02578,2024-08-11,Clothing,4,178.68,0.0,3
O005907,C02740,2024-10-10,Electronics,2,100.48,0.0,3
O005908,C01694,2024-02-06,Clothing,1,6.62,7.06,2
O005909,C04645,2024-01-28,Electronics,3,143.55,0.0,4
O005910,C01320,2024-06-06,Sports,3,95.44,0.0,3
O005911,C02822,2024-08-09,Home,2,99.2,0.0,2
O005912,C03663,2024-01-09,Clothing,3,77.51,0.0,5
O005913,C03230,2024-03-10,Clothing,2,95.29,0.0,6
O005914,C01396,2024-12-07,Home,2,54.32,8.18,4
O005915,C02968,2024-03-06,Sports,2,55.35,9.12,2
O005916,C03962,2024-04-04,Sports,2,60.59,5.25,2
O005917,C02615,2024-06-29,Clothing,2,46.7,11.4,4
O005918,C01545,2024-03-10,Electronics,2,52.31,10.78,5
O005919,C03902,2024-08-21,Home,4,174.83,0.0,6
O005920,C04498,2024-09-17,Home,3,65.95,6.96,4
O005921,C01781,2024-01-20,Home,4,93.12,0.0,3
O005922,C02151,2024-12-23,Electronics,3,72.45,11.4,5
O005923,C04883,2024-12-23,Clothing,3,97.99,0.0,5
O005924,C04469,2024-07-04,Electronics,4,88.05,0.0,2
O005925,C04434,2024-10-31,Beauty,1,28.08,5.04,6
O005926,C01057,2024-03-04,Clothing,1,37.19,10.93,4
O005927,C01446,2024-06-26,Home,2,57.71,8.49,4
O005928,C01969,2024-08-22,Home,8,197.04,0.0,5
O005929,C01097,2024-12-18,Home,4,86.81,0.0,5
O005930,C01882,2024-09-06,Beauty,3,79.37,0.0,3
O005931,C01205,2024-10-21,Electronics,4,150.78,0.0,1
O005932,C01921,2024-02-09,Home,5,152.14,0.0,4
O005933,C03584,2024-10-13,Sports,4,143.88,0.0,5
O005934,C03140,2024-09-15,Beauty,2,42.96,8.01,5
O005935,C03975,2024-08-27,Clothing,2,70.73,5.77,4
O005936,C03420,2024-03-12,Clothing,3,100.61,0.0,3
O005937,C02039,2024-01-30,Clothing,2,86.75,0.0,2
O005938,C01733,2024-12-16,Home,1,35.82,6.61,4
O005939,C00032,2024-01-29,Electronics,1,39.94,5.19,3
O005940,C01969,2024-11-07,Sports,3,100.48,0.0,5
O005941,C02975,2024-03-27,Beauty,1,14.36,7.5,5
O005942,C03331,2024-04-17,Clothing,1,34.91,7.88,2
O005943,C03569,2024-11-14,Electronics,3,90.85,0.0,6
O005944,C02926,2024-01-30,Beauty,5,257.1,0.0,2
O005945,C02223,2024-11-04,Home,1,26.19,12.04,3
O005946,C03439,2024-02-15,Sports,6,202.21,0.0,5
O005947,C00015,2024-12-24,Electronics,2,37.42,11.2,7
O005948,C03123,2024-05-16,Home,1,33.38,5.72,4
O005949,C00107,2024-09-19,Beauty,3,56.32,11.55,7
O005950,C03794,2024-03-03,Clothing,4,155.84,0.0,4
O005951,C04565,2024-02-13,Electronics,5,240.53,0.0,3
O005952,C00202,2024-09-07,Clothing,3,85.03,0.0,6
O005953,C01795,2024-11-30,Home,4,138.09,0.0,5
O005954,C01409,2024-07-25,Home,1,75.43,0.0,5
O005955,C00917,2024-02-28,Electronics,2,24.48,10.68,3
O005956,C04432,2024-07-24,Electronics,1,29.83,7.84,8
O005957,C01685,2024-11-26,Sports,2,58.81,10.24,4
O005958,C03167,2024-03-24,Home,3,122.93,0.0,3
O005959,C00065,2024-01-13,Home,4,183.73,0.0,4
O005960,C04649,2024-08-24,Clothing,5,112.32,0.0,5
O005961,C04320,2024-06-06,Clothing,3,112.94,0.0,5
O005962,C03651,2024-04-13,Clothing,2,68.14,6.17,4
O005963,C02016,2024-12-24,Home,1,50.89,12.51,5
O005964,C01322,2024-12-05,Clothing,1,47.12,9.54,2
O005965,C04025,2024-12-30,Clothing,1,45.28,9.55,2
O005966,C00613,2024-02-12,Home,7,308.75,0.0,4
O005967,C00652,2024-06-27,Clothing,1,42.16,11.09,6
O005968,C04814,2024-12-23,Clothing,3,95.57,0.0,4
O005969,C01388,2024-09-20,Sports,3,110.6,0.0,4
O005970,C02867,2024-08-30,Home,3,126.65,0.0,4
O005971,C02121,2024-02-06,Home,3,104.18,0.0,4
O005972,C04764,2024-12-27,Clothing,5,55.71,10.04,3
O005973,C03196,2024-12-18,Clothing,10,156.16,0.0,3
O005974,C04110,2024-12-11,Clothing,3,140.38,0.0,2
O005975,C03829,2024-12-29,Clothing,1,38.62,7.44,7
O005976,C03129,2024-09-06,Beauty,5,135.05,0.0,2
O005977,C04867,2024-04-29,Clothing,3,98.32,0.0,5
O005978,C03106,2024-07-10,Beauty,5,165.81,0.0,4
O005979,C00538,2024-10-21,Sports,5,110.89,0.0,4
O005980,C02419,2024-03-02,Clothing,8,146.99,0.0,5
O005981,C02208,2024-07-28,Beauty,1,33.42,7.42,4
O005982,C03178,2024-10-21,Beauty,6,142.39,0.0,4
O005983,C02323,2024-02-21,Beauty,1,10.02,11.44,3
O005984,C02038,2024-07-28,Clothing,1,57.38,11.48,1
O005985,C04354,2024-11-08,Clothing,3,51.32,5.37,6
O005986,C00963,2024-10-05,Electronics,2,98.77,0.0,4
O005987,C01244,2024-07-20,Electronics,1,56.3,11.5,6
O005988,C00533,2024-05-18,Electronics,2,71.66,8.6,3
O005989,C01870,2024-12-05,Electronics,1,56.42,12.48,4
O005990,C03131,2024-01-19,Sports,2,76.51,0.0,4
O005991,C01654,2024-11-16,Sports,5,97.3,0.0,3
O005992,C00113,2024-04-04,Home,3,86.14,0.0,4
O005993,C01300,2024-05-09,Clothing,1,25.51,12.45,6
O005994,C02305,2024-04-14,Clothing,3,115.25,0.0,8
O005995,C04425,2024-07-15,Electronics,4,32.51,9.43,5
O005996,C03307,2024-09-16,Home,4,129.63,0.0,3
O005997,C04147,2024-02-08,Electronics,2,55.61,12.2,4
O005998,C01702,2024-10-31,Beauty,3,139.4,0.0,5
O005999,C03815,2024-05-10,Home,2,79.57,0.0,5
O006000,C00221,2024-06-02,Beauty,4,161.4,0.0,3
O006001,C02831,2024-02-10,Electronics,4,200.93,0.0,3
O006002,C02644,2024-11-16,Beauty,2,81.94,0.0,6
O006003,C03881,2024-05-01,Beauty,3,112.69,0.0,3
O006004,C04318,2024-08-31,Electronics,1,37.95,8.27,4
O006005,C03782,2024-09-01,Clothing,1,39.25,7.44,6
O006006,C01959,2024-05-23,Clothing,1,22.83,5.78,5
O006007,C01297,2024-07-04,Beauty,5,195.42,0.0,5
O006008,C01033,2024-02-04,Sports,3,82.47,0.0,3
O006009,C04323,2024-07-29,Clothing,2,96.83,0.0,5
O006010,C02606,2024-02-02,Clothing,4,134.5,0.0,5
O006011,C03184,2024-06-07,Clothing,3,115.69,0.0,4
O006012,C04951,2024-11-12,Clothing,2,61.9,9.18,4
O006013,C03229,2024-12-29,Sports,3,98.08,0.0,4
O006014,C01476,2024-07-10,Clothing,4,212.75,0.0,5
O006015,C02366,2024-06-11,Home,4,74.59,6.8,2
O006016,C02408,2024-09-08,Beauty,6,270.51,0.0,5
O006017,C00936,2024-02-08,Electronics,2,115.94,0.0,4
O006018,C02968,2024-05-10,Clothing,1,37.45,5.51,4
O006019,C02950,2024-04-05,Home,5,108.52,0.0,5
O006020,C02246,2024-05-20,Electronics,1,24.4,9.13,3
O006021,C02638,2024-09-26,Home,4,170.43,0.0,2
O006022,C04338,2024-06-17,Sports,1,26.6,11.83,2
O006023,C03951,2024-10-01,Sports,4,172.71,0.0,5
O006024,C02659,2024-12-30,Beauty,3,104.11,0.0,5
O006025,C01815,2024-04-08,Electronics,3,69.71,11.64,3
O006026,C03284,2024-03-01,Clothing,2,62.61,5.16,3
O006027,C01297,2024-11-18,Sports,2,74.39,12.29,6
O006028,C03156,2024-08-04,Beauty,5,106.89,0.0,2
O006029,C01648,2024-03-17,Clothing,5,159.01,0.0,3
O006030,C00360,2024-07-26,Electronics,6,119.82,0.0,7
O006031,C03453,2024-12-13,Sports,1,59.31,6.3,4
O006032,C03612,2024-02-14,Home,1,31.07,12.75,3
O006033,C01165,2024-12-12,Beauty,4,185.15,0.0,2
O006034,C03245,2024-07-20,Clothing,3,31.14,8.51,3
O006035,C04026,2024-07-28,Clothing,2,58.62,12.18,6
O006036,C03701,2024-11-23,Sports,3,94.89,0.0,4
O006037,C00503,2024-05-14,Electronics,4,163.83,0.0,5
O006038,C04205,2024-01-22,Beauty,1,27.06,12.45,5
O006039,C04839,2024-12-23,Clothing,1,29.39,11.92,4
O006040,C01344,2024-02-29,Electronics,5,197.91,0.0,5
O006041,C03380,2024-10-24,Electronics,6,219.3,0.0,7
O006042,C03813,2024-02-28,Home,2,83.11,0.0,3
O006043,C00811,2024-08-18,Clothing,1,28.57,5.57,6
O006044,C00786,2024-10-11,Sports,4,142.73,0.0,6
O006045,C00228,2024-07-01,Home,3,115.88,0.0,4
O006046,C04948,2024-04-10,Electronics,1,44.93,9.53,5
O006047,C00828,2024-04-23,Sports,2,68.33,7.98,5
O006048,C00379,2024-02-11,Clothing,3,67.56,11.82,3
O006049,C03812,2024-01-29,Home,2,77.74,0.0,6
O006050,C02026,2024-10-03,Electronics,1,18.11,10.31,6
O006051,C03365,2024-04-06,Clothing,1,11.72,6.35,7
O006052,C03377,2024-07-09,Electronics,5,229.74,0.0,7
O006053,C02339,2024-11-14,Clothing,2,58.05,12.34,1
O006054,C01129,2024-02-07,Sports,4,142.35,0.0,4
O006055,C00291,2024-07-25,Beauty,1,33.68,5.57,3
O006056,C03549,2024-07-12,Sports,4,239.33,0.0,3
O006057,C02725,2024-05-19,Home,4,177.87,0.0,4
O006058,C00060,2024-10-15,Clothing,4,235.77,0.0,3
O006059,C04202,2024-09-13,Clothing,1,42.04,6.5,4
O006060,C02671,2024-08-12,Electronics,2,30.29,12.02,4
O006061,C03340,2024-01-28,Sports,3,54.95,6.02,4
O006062,C02790,2024-07-08,Beauty,1,49.46,5.16,5
O006063,C03655,2024-09-01,Clothing,4,175.3,0.0,5
O006064,C03191,2024-11-29,Electronics,2,52.87,8.64,4
O006065,C04996,2024-11-10,Electronics,3,92.41,0.0,4
O006066,C02493,2024-02-18,Clothing,3,102.15,0.0,4
O006067,C04402,2024-10-27,Home,1,5.0,12.1,7
O006068,C02663,2024-07-22,Clothing,3,139.31,0.0,5
O006069,C00202,2024-04-24,Clothing,1,31.19,11.84,2
O006070,C03162,2024-01-20,Home,5,259.82,0.0,3
O006071,C00471,2024-03-25,Home,1,28.3,5.22,6
O006072,C03027,2024-09-09,Sports,4,121.43,0.0,3
O006073,C03357,2024-02-21,Sports,4,153.12,0.0,2
O006074,C03755,2024-05-27,Electronics,2,67.4,11.5,4
O006075,C02357,2024-07-04,Clothing,2,51.9,11.97,3
O006076,C03974,2024-06-21,Clothing,1,29.97,8.72,2
O006077,C04829,2024-12-18,Sports,3,73.95,10.17,3
O006078,C02584,2024-04-23,Clothing,5,152.01,0.0,4
O006079,C04472,2024-01-02,Home,3,125.95,0.0,3
O006080,C03786,2024-02-03,Electronics,3,103.32,0.0,2
O006081,C02547,2024-10-08,Clothing,2,103.3,0.0,5
O006082,C02684,2024-06-09,Electronics,5,126.35,0.0,3
O006083,C04238,2024-06-18,Clothing,5,204.15,0.0,3
O006084,C03124,2024-04-03,Electronics,6,200.9,0.0,2
O006085,C03142,2024-09-04,Home,2,87.05,0.0,4
O006086,C02308,2024-11-16,Home,5,221.49,0.0,6
O006087,C03791,2024-01-08,Beauty,1,66.08,8.64,5
O006088,C03111,2024-11-16,Clothing,2,46.01,9.81,6
O006089,C00348,2024-04-19,Electronics,3,125.53,0.0,5
O006090,C01602,2024-02-01,Home,7,294.52,0.0,5
O006091,C03597,2024-02-20,Clothing,5,187.46,0.0,2
O006092,C03778,2024-06-16,Sports,3,100.58,0.0,4
O006093,C04924,2024-03-06,Sports,3,114.54,0.0,5
O006094,C02554,2024-01-31,Clothing,1,21.95,11.1,4
O006095,C04521,2024-11-19,Home,4,106.51,0.0,4
O006096,C03779,2024-01-12,Electronics,6,196.68,0.0,5
O006097,C00322,2024-10-13,Clothing,1,59.38,5.64,6
O006098,C03662,2024-01-23,Home,3,119.62,0.0,3
O006099,C02298,2024-06-09,Clothing,2,93.96,0.0,5
O006100,C00180,2024-09-20,Electronics,5,5.0,12.63,5
O006101,C03966,2024-07-08,Clothing,4,107.9,0.0,5
O006102,C01713,2024-08-28,Sports,3,90.63,0.0,1
O006103,C00029,2024-03-20,Clothing,1,57.05,9.22,5
O006104,C03568,2024-09-27,Home,4,166.67,0.0,4
O006105,C02034,2024-04-13,Home,1,53.04,6.11,7
O006106,C00738,2024-03-18,Beauty,1,5.0,10.35,5
O006107,C03720,2024-01-12,Electronics,2,94.32,0.0,3
O006108,C00055,2024-10-09,Clothing,1,33.57,11.36,4
O006109,C02926,2024-04-20,Beauty,1,35.5,11.95,2
O006110,C01434,2024-09-16,Sports,4,114.16,0.0,5
O006111,C02065,2024-11-05,Clothing,2,63.04,9.07,6
O006112,C03643,2024-12-16,Sports,2,78.25,0.0,5
O006113,C04184,2024-07-14,Electronics,2,62.42,7.37,4
O006114,C03295,2024-12-05,Electronics,3,123.99,0.0,4
O006115,C03856,2024-07-02,Beauty,2,111.84,0.0,5
O006116,C02752,2024-05-25,Beauty,4,110.77,0.0,2
O006117,C03634,2024-06-23,Home,4,144.74,0.0,2
O006118,C00725,2024-07-18,Electronics,5,91.95,0.0,3
O006119,C01254,2024-07-06,Beauty,4,155.58,0.0,6
O006120,C01178,2024-04-15,Beauty,4,93.6,0.0,6
O006121,C01297,2024-03-13,Clothing,2,96.37,0.0,1
O006122,C00895,2024-09-28,Beauty,5,257.6,0.0,2
O006123,C02500,2024-08-01,Home,4,127.49,0.0,7
O006124,C01330,2024-07-04,Clothing,4,129.81,0.0,3
O006125,C02475,2024-05-19,Clothing,3,76.78,0.0,3
O006126,C02628,2024-06-15,Clothing,3,114.25,0.0,2
O006127,C04347,2024-05-22,Clothing,1,19.49,10.08,5
O006128,C02451,2024-03-12,Home,7,167.88,0.0,5
O006129,C02969,2024-12-09,Home,3,90.28,0.0,5
O006130,C01170,2024-05-26,Clothing,2,101.85,0.0,5
O006131,C03440,2024-04-10,Clothing,4,134.11,0.0,4
O006132,C02368,2024-12-03,Home,3,79.98,0.0,1
O006133,C04295,2024-03-25,Beauty,2,99.76,0.0,4
O006134,C01465,2024-10-31,Clothing,2,54.69,5.41,3
O006135,C02193,2024-10-21,Beauty,5,162.2,0.0,3
O006136,C01731,2024-11-29,Beauty,7,231.64,0.0,2
O006137,C03295,2024-05-22,Sports,2,42.52,5.47,3
O006138,C01124,2024-11-06,Beauty,6,284.59,0.0,5
O006139,C04622,2024-07-13,Sports,8,314.78,0.0,1
O006140,C01489,2024-07-02,Sports,5,167.4,0.0,4
O006141,C00265,2024-10-27,Clothing,5,180.11,0.0,3
O006142,C02030,2024-03-07,Electronics,3,96.96,0.0,5
O006143,C01244,2024-08-09,Clothing,3,126.42,0.0,4
O006144,C03767,2024-09-18,Electronics,2,98.68,0.0,2
O006145,C00396,2024-11-21,Home,1,55.87,7.71,3
O006146,C01481,2024-01-22,Sports,3,96.21,0.0,2
O006147,C00108,2024-12-06,Home,3,100.24,0.0,4
O006148,C03564,2024-06-14,Beauty,4,156.94,0.0,4
O006149,C02907,2024-04-11,Electronics,5,177.76,0.0,4
O006150,C04732,2024-11-09,Clothing,5,176.39,0.0,4
O006151,C03439,2024-04-19,Home,2,53.24,10.35,5
O006152,C03197,2024-12-07,Sports,1,20.26,12.55,6
O006153,C01186,2024-11-11,Beauty,8,192.54,0.0,1
O006154,C04132,2024-06-27,Clothing,5,150.79,0.0,2
O006155,C03076,2024-06-15,Home,1,69.89,9.18,5
O006156,C00413,2024-05-13,Clothing,5,174.5,0.0,3
O006157,C03159,2024-01-30,Home,2,70.98,10.61,5
O006158,C00483,2024-12-28,Sports,5,205.45,0.0,6
O006159,C02960,2024-03-26,Sports,2,48.67,11.71,5
O006160,C03848,2024-01-09,Sports,4,130.63,0.0,3
O006161,C00603,2024-05-15,Clothing,4,118.65,0.0,6
O006162,C01082,2024-10-16,Clothing,1,22.8,7.03,3
O006163,C04268,2024-05-15,Clothing,5,119.24,0.0,4
O006164,C04356,2024-05-19,Beauty,2,50.36,11.57,5
O006165,C00025,2024-02-12,Electronics,2,66.99,8.3,3
O006166,C00198,2024-04-14,Home,2,41.71,7.67,5
O006167,C02627,2024-11-07,Clothing,1,25.07,12.2,6
O006168,C00423,2024-01-31,Beauty,1,69.77,8.71,3
O006169,C01142,2024-06-18,Home,9,160.01,0.0,4
O006170,C02054,2024-06-09,Beauty,2,90.9,0.0,5
O006171,C01121,2024-10-01,Sports,3,68.8,6.55,4
O006172,C04168,2024-09-09,Electronics,2,56.53,7.45,3
O006173,C04528,2024-08-06,Home,6,159.17,0.0,6
O006174,C04476,2024-04-22,Electronics,5,171.51,0.0,3
O006175,C01794,2024-08-07,Clothing,2,51.69,8.79,4
O006176,C04904,2024-07-01,Beauty,3,108.18,0.0,4
O006177,C00056,2024-09-16,Sports,8,414.47,0.0,6
O006178,C02264,2024-01-12,Home,6,295.38,0.0,3
O006179,C00021,2024-12-05,Electronics,3,114.21,0.0,3
O006180,C03699,2024-12-25,Sports,1,13.77,8.54,2
O006181,C00291,2024-09-02,Beauty,3,98.65,0.0,2
O006182,C01995,2024-09-06,Clothing,2,65.95,6.75,3
O006183,C00835,2024-02-27,Sports,1,24.5,9.2,5
O006184,C04284,2024-10-30,Electronics,3,43.75,12.38,4
O006185,C04310,2024-01-01,Sports,2,79.66,0.0,3
O006186,C01915,2024-12-26,Clothing,6,119.22,0.0,5
O006187,C02602,2024-07-21,Beauty,2,95.36,0.0,5
O006188,C01502,2024-02-13,Beauty,2,44.43,8.28,5
O006189,C03322,2024-11-14,Beauty,7,186.21,0.0,4
O006190,C04689,2024-04-04,Home,4,67.32,7.58,4
O006191,C04137,2024-10-20,Beauty,4,162.17,0.0,3
O006192,C00020,2024-01-09,Electronics,3,30.08,6.11,6
O006193,C01033,2024-09-18,Clothing,3,115.28,0.0,4
O006194,C00825,2024-11-21,Beauty,4,173.75,0.0,3
O006195,C03275,2024-09-09,Home,4,132.02,0.0,4
O006196,C03662,2024-11-03,Clothing,3,87.66,0.0,6
O006197,C03794,2024-11-18,Clothing,4,151.86,0.0,4
O006198,C00748,2024-04-05,Clothing,1,63.32,9.31,3
O006199,C04082,2024-12-20,Home,3,95.76,0.0,5
O006200,C02367,2024-05-09,Sports,3,131.97,0.0,3
O006201,C00968,2024-02-05,Electronics,5,218.64,0.0,5
O006202,C03548,2024-04-14,Clothing,4,108.39,0.0,3
O006203,C04348,2024-07-17,Home,3,77.43,0.0,3
O006204,C04436,2024-10-17,Home,1,41.75,8.77,7
O006205,C02799,2024-01-30,Home,3,63.91,11.32,6
O006206,C03016,2024-04-02,Electronics,7,334.91,0.0,3
O006207,C01805,2024-08-23,Home,2,53.26,10.67,4
O006208,C02679,2024-12-26,Sports,1,18.96,7.45,4
O006209,C02024,2024-07-13,Clothing,3,95.44,0.0,5
O006210,C00401,2024-09-12,Electronics,3,75.13,0.0,4
O006211,C02419,2024-12-21,Home,3,104.19,0.0,4
O006212,C04433,2024-12-24,Sports,5,221.63,0.0,3
O006213,C01924,2024-01-31,Home,3,78.07,0.0,3
O006214,C01369,2024-01-25,Electronics,3,141.69,0.0,3
O006215,C02321,2024-10-29,Clothing,1,57.04,11.93,7
O006216,C03325,2024-01-01,Clothing,7,191.18,0.0,5
O006217,C01878,2024-12-23,Home,2,78.69,0.0,5
O006218,C02688,2024-04-27,Clothing,1,18.23,8.29,5
O006219,C01398,2024-06-13,Clothing,2,66.97,10.01,4
O006220,C03676,2024-04-22,Beauty,2,56.39,8.41,3
O006221,C01920,2024-07-13,Sports,1,45.54,7.74,7
O006222,C00006,2024-05-19,Sports,2,86.29,0.0,4
O006223,C00586,2024-01-20,Clothing,3,54.63,9.79,2
O006224,C01522,2024-10-12,Electronics,4,105.25,0.0,4
O006225,C03879,2024-08-18,Beauty,4,160.24,0.0,3
O006226,C03470,2024-03-19,Sports,8,359.53,0.0,4
O006227,C00822,2024-05-07,Beauty,2,93.48,0.0,5
O006228,C04334,2024-03-25,Clothing,2,59.33,11.79,1
O006229,C03094,2024-03-04,Electronics,5,78.78,0.0,3
O006230,C03113,2024-09-30,Beauty,4,174.44,0.0,2
O006231,C00858,2024-10-14,Electronics,2,83.22,0.0,4
O006232,C02306,2024-09-09,Clothing,2,108.92,0.0,4
O006233,C02551,2024-04-03,Electronics,5,153.43,0.0,6
O006234,C02187,2024-10-15,Electronics,3,118.51,0.0,5
O006235,C01226,2024-05-29,Sports,1,39.17,6.37,4
O006236,C02557,2024-12-30,Beauty,3,58.42,11.96,6
O006237,C00654,2024-06-05,Home,4,144.55,0.0,5
O006238,C01340,2024-08-03,Home,7,117.09,0.0,3
O006239,C04557,2024-09-16,Clothing,1,53.33,12.51,5
O006240,C02718,2024-04-09,Electronics,3,130.14,0.0,5
O006241,C03393,2024-05-01,Home,5,239.97,0.0,4
O006242,C01063,2024-05-11,Clothing,2,76.25,0.0,3
O006243,C04529,2024-01-05,Clothing,1,64.66,12.7,2
O006244,C02533,2024-08-20,Clothing,4,112.56,0.0,4
O006245,C01609,2024-06-15,Home,3,64.02,7.89,6
O006246,C01082,2024-02-26,Clothing,3,116.89,0.0,5
O006247,C02649,2024-01-31,Clothing,4,145.23,0.0,5
O006248,C04751,2024-01-07,Clothing,1,13.21,8.71,3
O006249,C02655,2024-01-12,Electronics,1,36.03,10.33,5
O006250,C00156,2024-01-10,Clothing,5,132.71,0.0,3
O006251,C04297,2024-06-05,Electronics,2,89.0,0.0,5
O006252,C03070,2024-07-31,Electronics,3,120.84,0.0,6
O006253,C01964,2024-05-20,Sports,6,171.51,0.0,4
O006254,C04595,2024-05-06,Clothing,3,86.89,0.0,5
O006255,C01235,2024-07-16,Clothing,6,177.29,0.0,2
O006256,C01477,2024-05-16,Sports,3,141.03,0.0,4
O006257,C03756,2024-06-27,Home,4,118.88,0.0,6
O006258,C00831,2024-03-28,Electronics,1,30.49,9.99,3
O006259,C03729,2024-09-23,Home,1,34.73,11.98,4
O006260,C01343,2024-06-12,Electronics,3,136.27,0.0,4
O006261,C02165,2024-09-05,Home,2,62.32,7.88,3
O006262,C02745,2024-01-01,Electronics,4,118.59,0.0,6
O006263,C04299,2024-10-03,Clothing,4,91.46,0.0,6
O006264,C01845,2024-06-20,Electronics,6,335.16,0.0,5
O006265,C00462,2024-12-21,Sports,3,146.36,0.0,5
O006266,C02992,2024-09-18,Home,2,72.38,8.92,3
O006267,C01579,2024-05-21,Home,2,74.55,12.39,6
O006268,C00201,2024-04-02,Home,4,123.61,0.0,4
O006269,C00516,2024-05-08,Home,2,62.19,9.09,2
O006270,C04840,2024-05-15,Home,2,87.15,0.0,3
O006271,C04971,2024-04-20,Sports,1,61.93,6.2,3
O006272,C02397,2024-02-13,Electronics,2,50.43,5.99,6
O006273,C03232,2024-07-29,Home,2,70.55,12.76,6
O006274,C03697,2024-12-08,Beauty,3,142.77,0.0,7
O006275,C01276,2024-12-24,Electronics,4,153.2,0.0,4
O006276,C03294,2024-12-26,Beauty,1,32.41,8.73,2
O006277,C01630,2024-11-26,Home,6,176.31,0.0,4
O006278,C04019,2024-09-03,Beauty,3,99.79,0.0,4
O006279,C04490,2024-08-19,Home,1,11.38,12.65,3
O006280,C02017,2024-10-18,Beauty,6,153.43,0.0,5
O006281,C00167,2024-06-18,Sports,1,27.8,9.68,4
O006282,C00976,2024-08-21,Home,1,27.77,12.59,4
O006283,C04548,2024-01-08,Clothing,2,74.54,11.16,3
O006284,C00860,2024-10-28,Beauty,1,5.0,11.28,4
O006285,C03945,2024-04-09,Clothing,1,52.62,10.14,4
O006286,C00210,2024-09-09,Sports,4,205.62,0.0,4
O006287,C04864,2024-11-03,Clothing,1,29.65,12.45,5
O006288,C01609,2024-10-08,Sports,1,43.94,9.13,2
O006289,C00214,2024-10-17,Clothing,4,142.64,0.0,4
O006290,C03432,2024-07-06,Clothing,3,175.44,0.0,7
O006291,C00973,2024-05-02,Sports,1,8.84,8.58,4
O006292,C03800,2024-05-11,Home,4,120.08,0.0,3
O006293,C00304,2024-08-23,Electronics,1,24.16,5.87,6
O006294,C01836,2024-08-08,Clothing,4,145.92,0.0,3
O006295,C00861,2024-03-02,Beauty,6,172.44,0.0,2
O006296,C04048,2024-11-15,Sports,3,41.02,9.41,6
O006297,C01856,2024-06-26,Clothing,3,102.75,0.0,4
O006298,C03462,2024-08-07,Beauty,3,87.31,0.0,5
O006299,C02168,2024-06-19,Sports,2,76.3,0.0,3
O006300,C01634,2024-03-22,Clothing,3,91.9,0.0,3
O006301,C02475,2024-01-14,Home,5,194.21,0.0,5
O006302,C02378,2024-09-26,Beauty,5,171.9,0.0,3
O006303,C01751,2024-02-23,Electronics,3,145.75,0.0,3
O006304,C02683,2024-05-10,Sports,1,29.49,11.49,4
O006305,C03412,2024-04-07,Sports,1,25.7,10.64,7
O006306,C04660,2024-07-19,Electronics,4,80.62,0.0,4
O006307,C04276,2024-12-25,Clothing,2,74.37,7.13,2
O006308,C04386,2024-09-17,Electronics,2,43.12,6.48,4
O006309,C04283,2024-08-08,Sports,5,186.24,0.0,6
O006310,C00486,2024-01-05,Electronics,4,55.97,8.2,4
O006311,C01361,2024-04-26,Sports,1,37.38,5.5,2
O006312,C00773,2024-10-27,Electronics,2,94.47,0.0,5
O006313,C03778,2024-07-10,Clothing,2,103.44,0.0,6
O006314,C01833,2024-04-25,Clothing,2,50.38,9.49,2
O006315,C01300,2024-08-23,Clothing,3,143.96,0.0,6
O006316,C00182,2024-02-20,Clothing,2,114.74,0.0,6
O006317,C01263,2024-01-13,Electronics,6,204.54,0.0,3
O006318,C03906,2024-08-05,Home,1,45.85,6.64,4
O006319,C00146,2024-11-24,Sports,2,53.21,12.25,4
O006320,C03943,2024-03-08,Clothing,1,32.69,7.93,4
O006321,C01840,2024-08-18,Beauty,3,109.26,0.0,3
O006322,C04595,2024-11-20,Clothing,4,148.08,0.0,2
O006323,C00803,2024-04-01,Sports,2,53.04,10.2,5
O006324,C01999,2024-04-13,Home,5,196.49,0.0,6
O006325,C03951,2024-03-18,Clothing,1,42.21,7.06,4
O006326,C01319,2024-04-11,Beauty,4,105.34,0.0,5
O006327,C04627,2024-09-17,Clothing,5,184.65,0.0,6
O006328,C03799,2024-10-30,Sports,1,37.82,7.45,2
O006329,C02259,2024-08-13,Clothing,1,40.06,10.95,1
O006330,C02941,2024-12-13,Sports,4,178.91,0.0,5
O006331,C04062,2024-06-23,Clothing,2,79.23,0.0,3
O006332,C02053,2024-03-28,Home,3,144.54,0.0,1
O006333,C03853,2024-04-27,Sports,3,109.41,0.0,4
O006334,C00216,2024-10-06,Clothing,6,266.64,0.0,5
O006335,C00786,2024-05-20,Sports,4,92.84,0.0,6
O006336,C01636,2024-04-22,Clothing,1,30.17,9.14,1
O006337,C02300,2024-09-05,Home,1,5.0,9.19,1
O006338,C03753,2024-03-29,Sports,3,172.94,0.0,2
O006339,C03110,2024-12-30,Beauty,2,105.53,0.0,5
O006340,C04324,2024-11-04,Beauty,2,62.6,10.34,6
O006341,C00285,2024-08-07,Sports,5,128.47,0.0,2
O006342,C03582,2024-02-20,Sports,2,54.28,7.44,6
O006343,C02011,2024-06-23,Clothing,3,137.79,0.0,6
O006344,C02414,2024-07-27,Electronics,1,35.85,7.72,1
O006345,C01644,2024-04-26,Beauty,3,102.48,0.0,4
O006346,C01128,2024-11-08,Sports,2,66.93,9.7,3
O006347,C03473,2024-11-08,Home,2,116.13,0.0,3
O006348,C01270,2024-10-17,Clothing,4,153.76,0.0,6
O006349,C03779,2024-03-26,Home,1,42.88,9.41,6
O006350,C00644,2024-05-14,Beauty,4,106.41,0.0,3
O006351,C02779,2024-11-04,Home,4,111.72,0.0,3
O006352,C00026,2024-09-22,Sports,3,113.88,0.0,6
O006353,C03323,2024-08-07,Sports,4,146.84,0.0,5
O006354,C02046,2024-10-21,Beauty,2,46.11,6.11,4
O006355,C03938,2024-07-04,Clothing,1,67.86,5.81,4
O006356,C04808,2024-06-11,Beauty,2,40.34,5.19,3
O006357,C01026,2024-05-06,Clothing,6,188.75,0.0,5
O006358,C03831,2024-11-10,Home,5,180.57,0.0,2
O006359,C01069,2024-04-26,Home,4,84.04,0.0,3
O006360,C00939,2024-05-16,Home,1,27.16,7.09,5
O006361,C04099,2024-09-12,Electronics,5,168.25,0.0,5
O006362,C01473,2024-12-21,Sports,4,132.31,0.0,4
O006363,C03648,2024-09-20,Clothing,2,94.86,0.0,5
O006364,C02326,2024-08-09,Clothing,3,141.49,0.0,2
O006365,C00176,2024-11-09,Sports,1,28.56,5.35,7
O006366,C01144,2024-12-16,Clothing,4,87.92,0.0,4
O006367,C03511,2024-05-29,Beauty,3,67.92,10.37,4
O006368,C04063,2024-08-23,Clothing,1,67.08,12.23,5
O006369,C00951,2024-12-16,Sports,4,118.29,0.0,4
O006370,C04437,2024-06-16,Electronics,2,95.92,0.0,4
O006371,C02745,2024-03-09,Clothing,3,134.1,0.0,4
O006372,C00121,2024-07-27,Sports,2,67.0,8.01,4
O006373,C04671,2024-02-21,Home,4,79.32,0.0,4
O006374,C01921,2024-09-23,Clothing,3,70.07,7.23,6
O006375,C01685,2024-05-29,Home,3,161.15,0.0,3
O006376,C00969,2024-10-29,Home,1,68.26,9.28,4
O006377,C03809,2024-12-10,Clothing,4,192.87,0.0,3
O006378,C04781,2024-01-13,Beauty,2,25.36,6.45,4
O006379,C03316,2024-04-09,Clothing,1,41.99,8.55,1
O006380,C04739,2024-06-21,Electronics,4,169.63,0.0,5
O006381,C01105,2024-08-24,Clothing,4,194.96,0.0,5
O006382,C04390,2024-03-15,Beauty,2,125.06,0.0,3
O006383,C02506,2024-11-20,Sports,3,144.2,0.0,6
O006384,C04843,2024-09-06,Sports,2,90.8,0.0,5
O006385,C03885,2024-03-18,Clothing,1,30.77,10.98,4
O006386,C00733,2024-10-04,Electronics,4,168.8,0.0,1
O006387,C01582,2024-08-29,Clothing,5,162.51,0.0,3
O006388,C03680,2024-11-09,Home,2,114.59,0.0,5
O006389,C03853,2024-08-03,Sports,3,134.87,0.0,2
O006390,C02428,2024-08-07,Home,4,136.56,0.0,5
O006391,C00324,2024-01-21,Clothing,9,350.03,0.0,3
O006392,C03700,2024-10-31,Clothing,4,147.71,0.0,3
O006393,C02993,2024-12-18,Beauty,6,133.56,0.0,4
O006394,C00362,2024-04-01,Home,1,48.78,9.81,4
O006395,C02101,2024-10-21,Electronics,4,196.73,0.0,4
O006396,C04498,2024-04-09,Clothing,5,187.48,0.0,5
O006397,C04777,2024-09-22,Sports,4,175.55,0.0,4
O006398,C01893,2024-06-16,Clothing,3,143.56,0.0,4
O006399,C02755,2024-02-27,Electronics,2,94.71,0.0,3
O006400,C01473,2024-03-29,Beauty,1,51.43,11.92,4
O006401,C01107,2024-06-21,Electronics,4,161.38,0.0,3
O006402,C02427,2024-05-24,Home,8,199.59,0.0,3
O006403,C01804,2024-04-30,Clothing,2,67.89,6.12,5
O006404,C02028,2024-09-01,Home,3,128.13,0.0,3
O006405,C00081,2024-11-19,Electronics,1,37.97,5.62,7
O006406,C02969,2024-09-22,Clothing,4,103.43,0.0,7
O006407,C02542,2024-03-02,Home,3,68.59,6.92,6
O006408,C03740,2024-03-29,Home,1,52.35,7.07,5
O006409,C02989,2024-03-12,Sports,4,157.05,0.0,4
O006410,C04837,2024-06-18,Electronics,1,50.59,6.79,3
O006411,C00325,2024-06-21,Clothing,1,27.4,11.53,1
O006412,C02362,2024-03-16,Electronics,2,57.29,10.83,4
O006413,C01235,2024-12-30,Sports,1,30.13,10.47,4
O006414,C00103,2024-06-06,Clothing,2,84.15,0.0,3
O006415,C04913,2024-11-25,Beauty,1,12.6,9.78,3
O006416,C00747,2024-07-31,Electronics,1,49.01,10.98,3
O006417,C04909,2024-01-09,Clothing,6,282.96,0.0,4
O006418,C03692,2024-01-03,Sports,6,231.04,0.0,3
O006419,C03486,2024-11-04,Home,4,195.4,0.0,7
O006420,C01248,2024-06-18,Beauty,2,106.7,0.0,4
O006421,C03065,2024-05-26,Beauty,1,40.59,10.83,4
O006422,C01720,2024-01-06,Clothing,3,124.92,0.0,7
O006423,C02203,2024-06-19,Clothing,4,130.65,0.0,4
O006424,C03306,2024-03-20,Beauty,2,43.82,7.89,5
O006425,C02537,2024-10-18,Home,1,25.93,7.91,6
O006426,C03486,2024-08-11,Electronics,2,76.94,0.0,7
O006427,C01790,2024-12-17,Clothing,4,145.07,0.0,6
O006428,C01765,2024-10-21,Clothing,4,228.6,0.0,2
O006429,C03358,2024-02-12,Clothing,2,75.19,0.0,2
O006430,C04683,2024-09-01,Clothing,1,72.35,10.31,6
O006431,C02998,2024-02-19,Home,3,52.26,5.82,2
O006432,C00260,2024-10-21,Clothing,3,73.96,6.33,3
O006433,C01919,2024-05-09,Home,2,76.99,0.0,4
O006434,C01787,2024-09-08,Home,1,72.93,8.57,8
O006435,C00100,2024-06-13,Electronics,2,67.74,9.55,7
O006436,C03906,2024-04-10,Home,1,49.05,7.21,3
O006437,C02343,2024-10-01,Home,4,214.51,0.0,2
O006438,C03234,2024-03-09,Clothing,4,181.26,0.0,7
O006439,C03250,2024-02-13,Clothing,1,62.3,9.15,6
O006440,C00328,2024-05-29,Beauty,4,77.08,0.0,2
O006441,C01352,2024-05-14,Beauty,2,43.87,12.46,3
O006442,C02812,2024-11-13,Sports,4,226.11,0.0,3
O006443,C02290,2024-12-10,Clothing,1,30.6,5.43,5
O006444,C01366,2024-08-05,Electronics,3,60.61,7.55,7
O006445,C03163,2024-05-27,Clothing,3,73.66,10.09,3
O006446,C03100,2024-05-05,Beauty,3,144.26,0.0,2
O006447,C04555,2024-09-05,Beauty,4,108.75,0.0,4
O006448,C03703,2024-02-23,Clothing,3,65.68,12.86,6
O006449,C01409,2024-11-27,Clothing,1,53.41,10.44,3
O006450,C01511,2024-08-10,Sports,6,288.95,0.0,5
O006451,C00220,2024-07-27,Clothing,1,37.16,8.92,4
O006452,C04955,2024-05-23,Electronics,3,33.92,12.63,3
O006453,C02169,2024-11-08,Clothing,3,121.1,0.0,4
O006454,C03187,2024-11-15,Electronics,5,154.57,0.0,3
O006455,C03240,2024-05-17,Electronics,6,261.04,0.0,2
O006456,C04531,2024-12-20,Home,5,187.65,0.0,6
O006457,C01270,2024-08-12,Clothing,1,29.09,9.87,5
O006458,C04376,2024-04-11,Sports,3,119.96,0.0,4
O006459,C03818,2024-04-08,Home,4,114.5,0.0,6
O006460,C00068,2024-11-02,Home,1,56.09,5.69,5
O006461,C01672,2024-10-09,Home,3,97.59,0.0,6
O006462,C00743,2024-03-31,Electronics,4,165.4,0.0,6
O006463,C02013,2024-10-23,Sports,1,64.48,8.02,6
O006464,C01706,2024-07-22,Home,1,5.0,9.28,7
O006465,C01447,2024-08-25,Sports,6,174.19,0.0,1
O006466,C03070,2024-04-06,Beauty,4,139.51,0.0,5
O006467,C00291,2024-04-30,Sports,4,127.71,0.0,6
O006468,C03680,2024-04-26,Beauty,5,200.57,0.0,5
O006469,C03911,2024-03-06,Electronics,4,158.21,0.0,2
O006470,C04652,2024-05-10,Clothing,4,198.7,0.0,5
O006471,C00353,2024-09-23,Electronics,1,5.0,12.45,5
O006472,C01264,2024-11-11,Sports,1,42.33,8.03,2
O006473,C01827,2024-04-01,Home,1,42.92,8.65,4
O006474,C04379,2024-03-17,Home,4,138.95,0.0,3
O006475,C01606,2024-08-25,Sports,2,85.35,0.0,3
O006476,C03837,2024-09-08,Home,3,84.68,0.0,4
O006477,C03399,2024-08-14,Home,3,114.46,0.0,3
O006478,C04552,2024-12-25,Beauty,1,5.71,6.45,3
O006479,C03007,2024-11-15,Sports,2,72.85,11.39,5
O006480,C01005,2024-05-20,Electronics,3,97.15,0.0,4
O006481,C02079,2024-02-23,Home,1,50.82,6.0,4
O006482,C02496,2024-05-19,Electronics,3,94.27,0.0,6
O006483,C02262,2024-05-25,Beauty,1,26.05,7.45,5
O006484,C03765,2024-09-30,Sports,6,137.89,0.0,2
O006485,C01738,2024-05-24,Clothing,2,45.59,10.59,3
O006486,C03097,2024-06-15,Clothing,6,119.81,0.0,4
O006487,C02445,2024-03-26,Electronics,3,50.58,12.83,5
O006488,C00337,2024-05-20,Electronics,4,109.46,0.0,1
O006489,C02984,2024-02-14,Electronics,1,26.36,8.23,4
O006490,C00968,2024-05-07,Beauty,2,5.0,10.97,5
O006491,C04999,2024-12-23,Clothing,5,192.56,0.0,4
O006492,C00672,2024-04-26,Beauty,3,126.06,0.0,1
O006493,C01304,2024-05-26,Clothing,2,47.46,11.47,5
O006494,C04865,2024-05-26,Electronics,3,124.7,0.0,3
O006495,C02671,2024-01-21,Sports,1,49.78,12.89,3
O006496,C02607,2024-01-24,Clothing,2,57.1,7.3,4
O006497,C01715,2024-06-06,Electronics,2,59.25,12.01,1
O006498,C02596,2024-02-17,Electronics,3,86.48,0.0,5
O006499,C02971,2024-04-19,Sports,3,97.32,0.0,4
O006500,C03270,2024-02-28,Sports,5,182.06,0.0,4
O006501,C02602,2024-01-17,Beauty,2,89.39,0.0,5
O006502,C00479,2024-10-30,Clothing,1,21.2,8.25,5
O006503,C00844,2024-02-24,Home,1,25.2,12.0,7
O006504,C01626,2024-05-16,Clothing,5,193.59,0.0,2
O006505,C01881,2024-03-17,Electronics,2,73.95,7.45,3
O006506,C03652,2024-09-26,Beauty,4,152.19,0.0,6
O006507,C02118,2024-06-28,Beauty,3,153.71,0.0,4
O006508,C00505,2024-03-25,Electronics,6,148.7,0.0,4
O006509,C00110,2024-10-26,Beauty,1,63.76,8.91,5
O006510,C01406,2024-05-18,Clothing,2,123.14,0.0,7
O006511,C04493,2024-11-02,Electronics,3,136.73,0.0,4
O006512,C03481,2024-06-18,Beauty,4,107.63,0.0,3
O006513,C00351,2024-08-29,Clothing,5,169.49,0.0,4
O006514,C01558,2024-03-04,Beauty,2,54.4,12.98,3
O006515,C03043,2024-08-27,Sports,3,56.06,6.07,3
O006516,C02837,2024-04-04,Clothing,4,101.95,0.0,4
O006517,C03629,2024-05-25,Clothing,2,60.92,6.22,5
O006518,C02042,2024-02-18,Home,2,57.11,5.37,2
O006519,C00111,2024-05-24,Sports,1,39.69,11.2,6
O006520,C04305,2024-09-15,Sports,2,54.76,8.6,6
O006521,C01766,2024-06-07,Clothing,3,131.14,0.0,2
O006522,C01202,2024-08-04,Clothing,2,67.47,12.77,7
O006523,C02979,2024-10-29,Clothing,2,76.18,0.0,4
O006524,C02473,2024-01-17,Beauty,2,97.11,0.0,4
O006525,C02376,2024-03-21,Beauty,5,174.12,0.0,5
O006526,C00011,2024-07-02,Electronics,5,153.96,0.0,2
O006527,C04952,2024-10-09,Home,6,169.54,0.0,6
O006528,C02302,2024-03-11,Clothing,3,5.0,8.79,5
O006529,C01590,2024-03-30,Beauty,3,100.66,0.0,4
O006530,C01502,2024-07-15,Clothing,1,21.12,12.64,3
O006531,C00129,2024-05-09,Electronics,4,99.11,0.0,5
O006532,C03604,2024-03-20,Clothing,3,124.06,0.0,8
O006533,C04196,2024-12-30,Clothing,5,126.81,0.0,3
O006534,C00290,2024-07-21,Clothing,3,120.48,0.0,6
O006535,C01677,2024-08-18,Sports,2,56.38,10.78,5
O006536,C01845,2024-03-27,Electronics,3,140.87,0.0,4
O006537,C03636,2024-08-14,Clothing,1,58.84,10.89,7
O006538,C02694,2024-01-06,Clothing,4,115.22,0.0,1
O006539,C01828,2024-12-22,Home,3,138.76,0.0,3
O006540,C04761,2024-08-12,Clothing,4,207.24,0.0,5
O006541,C01371,2024-05-25,Beauty,4,99.43,0.0,4
O006542,C04794,2024-02-24,Sports,3,101.5,0.0,3
O006543,C03823,2024-03-07,Beauty,4,164.85,0.0,5
O006544,C00183,2024-07-03,Electronics,4,207.94,0.0,3
O006545,C00351,2024-05-26,Sports,6,110.66,0.0,5
O006546,C03587,2024-03-14,Beauty,1,48.07,6.39,5
O006547,C01402,2024-05-18,Beauty,2,64.51,11.87,4
O006548,C02756,2024-08-11,Clothing,5,155.29,0.0,4
O006549,C04774,2024-08-19,Electronics,4,151.64,0.0,3
O006550,C02850,2024-07-01,Home,4,172.69,0.0,4
O006551,C04436,2024-04-05,Electronics,1,34.17,12.78,4
O006552,C03213,2024-12-07,Home,1,34.11,12.07,3
O006553,C04207,2024-09-04,Electronics,4,126.21,0.0,6
O006554,C03968,2024-05-11,Clothing,4,174.73,0.0,5
O006555,C03928,2024-01-13,Beauty,4,95.71,0.0,4
O006556,C03430,2024-03-10,Sports,1,5.0,6.69,4
O006557,C03489,2024-12-14,Sports,1,39.45,6.76,8
O006558,C01896,2024-09-12,Sports,3,73.52,9.27,4
O006559,C02909,2024-07-06,Clothing,2,43.72,9.42,1
O006560,C01412,2024-03-29,Home,2,79.3,0.0,5
O006561,C03383,2024-11-14,Electronics,1,25.21,6.51,1
O006562,C01944,2024-11-11,Clothing,4,179.87,0.0,5
O006563,C04000,2024-06-02,Beauty,4,127.59,0.0,5
O006564,C03119,2024-05-29,Electronics,3,99.48,0.0,5
O006565,C00656,2024-11-25,Clothing,3,108.39,0.0,7
O006566,C00350,2024-05-11,Home,3,177.94,0.0,5
O006567,C03999,2024-05-23,Home,4,158.06,0.0,5
O006568,C01144,2024-09-03,Home,4,157.14,0.0,5
O006569,C00398,2024-03-03,Home,4,155.34,0.0,3
O006570,C00646,2024-06-18,Beauty,3,107.46,0.0,5
O006571,C04509,2024-10-28,Sports,3,90.53,0.0,5
O006572,C04133,2024-08-23,Clothing,4,169.2,0.0,3
O006573,C02235,2024-10-15,Home,2,122.69,0.0,3
O006574,C04516,2024-05-02,Beauty,3,139.33,0.0,5
O006575,C02773,2024-09-26,Clothing,3,113.59,0.0,5
O006576,C01484,2024-01-08,Clothing,1,42.63,9.0,2
O006577,C02235,2024-08-05,Clothing,2,32.55,10.57,3
O006578,C01984,2024-12-07,Clothing,4,147.53,0.0,3
O006579,C01963,2024-06-22,Home,4,130.72,0.0,3
O006580,C00810,2024-05-05,Electronics,4,129.51,0.0,3
O006581,C03197,2024-11-10,Home,3,115.94,0.0,4
O006582,C04416,2024-11-11,Clothing,2,109.68,0.0,3
O006583,C00514,2024-02-18,Clothing,3,104.42,0.0,4
O006584,C00334,2024-12-01,Electronics,3,85.29,0.0,2
O006585,C02513,2024-08-23,Beauty,1,16.21,11.34,5
O006586,C04096,2024-12-14,Home,3,170.68,0.0,2
O006587,C04820,2024-11-12,Clothing,1,77.26,0.0,4
O006588,C00008,2024-09-12,Electronics,6,275.58,0.0,3
O006589,C02004,2024-04-25,Sports,3,72.11,7.59,6
O006590,C04260,2024-10-05,Beauty,2,43.24,6.73,5
O006591,C04877,2024-03-25,Beauty,5,232.36,0.0,7
O006592,C02129,2024-04-29,Sports,6,215.17,0.0,3
O006593,C01299,2024-02-19,Clothing,4,126.39,0.0,4
O006594,C02947,2024-06-12,Home,4,121.28,0.0,5
O006595,C01845,2024-05-27,Sports,1,62.48,7.34,3
O006596,C03612,2024-02-12,Home,5,110.25,0.0,3
O006597,C03066,2024-05-15,Electronics,3,80.07,0.0,3
O006598,C01103,2024-09-02,Sports,2,98.97,0.0,4
O006599,C00680,2024-08-05,Clothing,4,100.0,0.0,3
O006600,C04534,2024-10-07,Clothing,4,156.22,0.0,8
O006601,C03370,2024-08-21,Clothing,2,119.95,0.0,5
O006602,C04048,2024-09-19,Home,5,79.17,0.0,3
O006603,C02824,2024-04-24,Home,6,203.79,0.0,6
O006604,C00010,2024-12-07,Clothing,3,135.3,0.0,4
O006605,C04254,2024-07-07,Home,3,117.09,0.0,5
O006606,C02832,2024-07-15,Home,2,39.49,12.82,4
O006607,C03948,2024-02-07,Beauty,3,71.56,12.61,5
O006608,C04217,2024-01-12,Electronics,2,103.72,0.0,3
O006609,C02187,2024-05-03,Sports,7,282.5,0.0,6
O006610,C00674,2024-02-13,Home,1,11.79,5.19,3
O006611,C02028,2024-11-04,Sports,6,274.73,0.0,5
O006612,C01457,2024-01-14,Electronics,4,139.67,0.0,6
O006613,C00044,2024-12-13,Electronics,1,48.81,5.35,5
O006614,C04912,2024-02-21,Home,5,168.66,0.0,5
O006615,C04194,2024-09-01,Home,3,140.22,0.0,6
O006616,C03610,2024-06-28,Home,5,125.37,0.0,6
O006617,C01895,2024-10-28,Home,4,186.19,0.0,3
O006618,C03782,2024-05-09,Clothing,3,72.35,5.59,5
O006619,C02287,2024-04-09,Electronics,5,218.38,0.0,3
O006620,C04571,2024-10-10,Sports,1,38.65,6.76,3
O006621,C02572,2024-04-20,Beauty,1,26.66,11.84,4
O006622,C01416,2024-10-14,Home,6,180.93,0.0,3
O006623,C00009,2024-04-01,Home,2,78.69,0.0,5
O006624,C01863,2024-03-16,Clothing,3,66.59,12.93,7
O006625,C01234,2024-07-23,Clothing,4,101.68,0.0,3
O006626,C03126,2024-01-22,Electronics,2,75.2,0.0,3
O006627,C04712,2024-06-18,Home,3,117.14,0.0,4
O006628,C02458,2024-06-05,Home,3,71.48,12.17,3
O006629,C00010,2024-08-09,Home,2,98.42,0.0,5
O006630,C03005,2024-12-25,Electronics,2,51.68,9.72,5
O006631,C04648,2024-03-08,Electronics,3,121.96,0.0,8
O006632,C04976,2024-06-09,Beauty,3,114.17,0.0,5
O006633,C00268,2024-06-22,Home,6,202.82,0.0,3
O006634,C03862,2024-02-07,Home,2,113.94,0.0,4
O006635,C02715,2024-12-01,Home,4,97.65,0.0,3
O006636,C04547,2024-01-26,Beauty,1,61.54,10.59,5
O006637,C02642,2024-09-10,Clothing,1,28.97,6.84,1
O006638,C03807,2024-10-25,Clothing,8,243.78,0.0,5
O006639,C01392,2024-10-09,Sports,5,226.67,0.0,4
O006640,C01083,2024-09-03,Clothing,4,86.29,0.0,5
O006641,C00294,2024-01-11,Home,1,51.01,8.96,4
O006642,C04080,2024-08-25,Sports,3,109.88,0.0,5
O006643,C02836,2024-04-16,Home,2,65.61,6.78,3
O006644,C04965,2024-11-29,Clothing,1,58.25,10.65,2
O006645,C04206,2024-11-08,Electronics,6,262.14,0.0,4
O006646,C02155,2024-01-01,Clothing,2,97.71,0.0,4
O006647,C02345,2024-01-11,Sports,1,14.19,12.89,4
O006648,C03924,2024-06-06,Electronics,2,69.38,5.86,1
O006649,C01855,2024-03-28,Clothing,6,261.69,0.0,5
O006650,C03869,2024-08-29,Sports,2,55.21,7.27,4
O006651,C03791,2024-05-11,Sports,1,12.42,10.44,5
O006652,C03033,2024-03-26,Clothing,2,89.84,0.0,4
O006653,C00845,2024-04-19,Electronics,2,64.85,9.7,7
O006654,C01708,2024-11-23,Sports,7,261.92,0.0,4
O006655,C02008,2024-04-20,Electronics,5,209.53,0.0,5
O006656,C01274,2024-07-26,Home,1,15.56,12.92,7
O006657,C04435,2024-10-15,Home,4,117.81,0.0,5
O006658,C02105,2024-03-14,Electronics,6,289.06,0.0,4
O006659,C02968,2024-11-17,Clothing,2,100.11,0.0,7
O006660,C04243,2024-09-05,Clothing,3,99.43,0.0,3
O006661,C04842,2024-04-17,Beauty,4,109.32,0.0,5
O006662,C01213,2024-01-04,Sports,2,111.27,0.0,3
O006663,C02296,2024-08-02,Electronics,3,92.29,0.0,4
O006664,C02198,2024-06-27,Clothing,3,57.51,7.74,3
O006665,C04810,2024-06-03,Clothing,2,88.89,0.0,2
O006666,C03285,2024-10-15,Clothing,4,153.83,0.0,2
O006667,C02265,2024-08-12,Clothing,2,80.66,0.0,6
O006668,C01611,2024-04-14,Clothing,2,70.8,12.95,3
O006669,C01419,2024-03-24,Clothing,6,204.67,0.0,4
O006670,C01787,2024-03-17,Clothing,2,61.31,11.61,3
O006671,C04400,2024-07-21,Electronics,1,42.2,5.94,6
O006672,C03483,2024-12-04,Electronics,4,196.22,0.0,2
O006673,C01878,2024-08-28,Home,1,43.08,9.29,3
O006674,C02908,2024-10-14,Electronics,1,57.54,8.08,9
O006675,C00380,2024-07-13,Home,2,71.0,7.96,6
O006676,C03301,2024-07-23,Electronics,6,139.49,0.0,3
O006677,C00694,2024-08-01,Electronics,3,119.89,0.0,6
O006678,C03577,2024-01-19,Sports,1,24.83,12.77,4
O006679,C04146,2024-06-07,Sports,4,131.97,0.0,5
O006680,C01448,2024-07-30,Home,5,135.61,0.0,2
O006681,C02391,2024-02-22,Clothing,3,83.08,0.0,4
O006682,C01756,2024-03-28,Home,7,262.62,0.0,5
O006683,C03085,2024-06-08,Beauty,2,70.96,6.16,3
O006684,C01880,2024-01-09,Beauty,3,86.99,0.0,4
O006685,C02810,2024-06-27,Home,1,11.12,12.07,4
O006686,C00848,2024-03-23,Electronics,4,117.71,0.0,5
O006687,C02972,2024-05-30,Beauty,2,126.25,0.0,5
O006688,C04062,2024-01-25,Beauty,1,41.42,11.82,5
O006689,C01196,2024-08-12,Electronics,4,120.99,0.0,1
O006690,C01513,2024-07-12,Electronics,7,223.81,0.0,1
O006691,C03903,2024-04-27,Clothing,4,82.07,0.0,4
O006692,C03321,2024-11-18,Electronics,2,62.43,11.81,6
O006693,C02458,2024-09-04,Electronics,2,100.98,0.0,3
O006694,C03463,2024-03-18,Clothing,4,191.16,0.0,3
O006695,C03451,2024-05-31,Home,2,30.11,11.28,1
O006696,C00227,2024-02-25,Home,4,182.89,0.0,4
O006697,C01808,2024-11-01,Clothing,2,88.11,0.0,2
O006698,C04309,2024-12-22,Sports,3,41.23,6.38,3
O006699,C00419,2024-09-15,Beauty,4,75.39,0.0,3
O006700,C01876,2024-01-23,Home,5,109.06,0.0,1
O006701,C03156,2024-06-10,Clothing,1,30.9,10.09,4
O006702,C00919,2024-09-21,Home,2,53.7,8.13,7
O006703,C04873,2024-03-22,Electronics,1,37.66,11.88,7
O006704,C04055,2024-02-28,Electronics,2,77.36,0.0,6
O006705,C03819,2024-03-06,Clothing,3,84.77,0.0,2
O006706,C04272,2024-04-24,Beauty,1,73.2,10.86,7
O006707,C02632,2024-10-17,Clothing,1,35.13,10.32,4
O006708,C03675,2024-08-29,Clothing,4,181.46,0.0,2
O006709,C01346,2024-11-29,Clothing,1,64.67,12.42,3
O006710,C04631,2024-04-18,Clothing,1,29.35,5.36,5
O006711,C01830,2024-10-30,Home,4,175.6,0.0,3
O006712,C01664,2024-11-04,Electronics,6,239.68,0.0,4
O006713,C04420,2024-11-26,Home,4,94.08,0.0,3
O006714,C00085,2024-02-01,Clothing,5,253.21,0.0,6
O006715,C03813,2024-07-31,Beauty,1,40.77,11.76,5
O006716,C00887,2024-03-28,Clothing,4,156.78,0.0,3
O006717,C03340,2024-03-02,Clothing,3,92.22,0.0,3
O006718,C04208,2024-01-03,Home,3,172.98,0.0,5
O006719,C02676,2024-09-18,Beauty,3,108.58,0.0,5
O006720,C02798,2024-04-21,Clothing,4,180.93,0.0,3
O006721,C04148,2024-01-12,Beauty,3,146.8,0.0,3
O006722,C02132,2024-02-22,Clothing,2,65.71,7.16,1
O006723,C03695,2024-05-27,Home,3,51.21,5.62,4
O006724,C02760,2024-05-13,Sports,5,67.59,10.74,5
O006725,C02779,2024-03-24,Beauty,1,55.11,12.82,3
O006726,C00741,2024-07-02,Clothing,1,58.84,6.57,3
O006727,C02877,2024-06-17,Sports,2,90.02,0.0,6
O006728,C04521,2024-02-18,Sports,4,146.68,0.0,4
O006729,C01712,2024-04-17,Electronics,6,184.28,0.0,4
O006730,C00056,2024-07-11,Home,4,195.8,0.0,2
O006731,C03363,2024-12-05,Beauty,1,60.13,5.96,3
O006732,C02860,2024-08-01,Clothing,2,74.83,8.05,4
O006733,C00807,2024-12-25,Clothing,1,36.13,11.11,5
O006734,C03057,2024-04-04,Clothing,5,144.51,0.0,5
O006735,C04751,2024-01-31,Electronics,4,98.69,0.0,3
O006736,C01007,2024-06-04,Beauty,3,79.79,0.0,5
O006737,C04104,2024-01-12,Home,2,22.16,11.26,3
O006738,C01782,2024-09-28,Electronics,3,150.48,0.0,3
O006739,C00990,2024-08-12,Electronics,1,38.53,8.49,4
O006740,C03934,2024-06-11,Electronics,4,149.71,0.0,5
O006741,C03165,2024-02-13,Home,1,40.51,10.88,7
O006742,C03370,2024-11-19,Beauty,4,13.31,8.44,8
O006743,C02079,2024-08-13,Electronics,3,86.05,0.0,3
O006744,C00378,2024-09-09,Clothing,7,250.45,0.0,6
O006745,C02378,2024-08-20,Beauty,2,109.31,0.0,5
O006746,C00282,2024-09-15,Electronics,3,102.17,0.0,2
O006747,C04735,2024-10-13,Beauty,5,293.76,0.0,4
O006748,C02920,2024-06-28,Beauty,3,109.8,0.0,6
O006749,C04165,2024-08-10,Electronics,2,56.39,9.19,4
O006750,C03595,2024-04-25,Clothing,1,6.66,7.76,6
O006751,C01839,2024-01-05,Electronics,1,54.28,10.7,4
O006752,C04433,2024-09-17,Sports,2,79.72,0.0,3
O006753,C02893,2024-03-06,Home,3,95.21,0.0,3
O006754,C00215,2024-01-15,Sports,1,62.25,11.43,2
O006755,C04731,2024-05-28,Home,6,205.06,0.0,7
O006756,C04519,2024-04-10,Home,1,51.87,6.14,2
O006757,C02121,2024-09-23,Clothing,1,22.04,6.45,6
O006758,C03794,2024-08-05,Home,5,183.81,0.0,5
O006759,C02871,2024-02-11,Beauty,2,70.37,11.39,4
O006760,C00786,2024-03-06,Home,2,82.62,0.0,6
O006761,C00938,2024-12-15,Sports,2,116.33,0.0,5
O006762,C01690,2024-11-12,Beauty,3,165.43,0.0,4
O006763,C03712,2024-11-11,Clothing,7,330.92,0.0,4
O006764,C01257,2024-04-29,Clothing,4,158.76,0.0,6
O006765,C03113,2024-09-01,Beauty,3,78.43,0.0,2
O006766,C04535,2024-10-13,Sports,2,77.32,0.0,1
O006767,C01338,2024-02-17,Home,1,39.89,6.43,5
O006768,C00270,2024-10-14,Electronics,1,27.75,11.06,4
O006769,C01491,2024-11-08,Beauty,3,109.55,0.0,5
O006770,C02122,2024-09-11,Sports,10,381.11,0.0,2
O006771,C01681,2024-12-16,Electronics,2,98.1,0.0,3
O006772,C04770,2024-06-03,Beauty,2,78.29,0.0,6
O006773,C03854,2024-12-03,Clothing,3,85.38,0.0,4
O006774,C00410,2024-09-17,Electronics,2,50.4,8.4,3
O006775,C01442,2024-01-17,Beauty,1,66.43,7.34,1
O006776,C02259,2024-07-21,Home,8,277.46,0.0,6
O006777,C00792,2024-06-14,Home,3,163.06,0.0,4
O006778,C00360,2024-02-17,Electronics,3,136.37,0.0,5
O006779,C04678,2024-08-16,Clothing,4,106.35,0.0,5
O006780,C00423,2024-07-31,Home,3,123.45,0.0,2
O006781,C00121,2024-08-03,Home,2,79.91,0.0,3
O006782,C02221,2024-10-31,Electronics,2,119.72,0.0,3
O006783,C04130,2024-06-17,Clothing,3,85.93,0.0,4
O006784,C02966,2024-01-22,Electronics,4,89.71,0.0,1
O006785,C00071,2024-10-01,Beauty,1,38.18,12.91,2
O006786,C04641,2024-04-22,Clothing,3,41.42,9.76,6
O006787,C03693,2024-12-22,Electronics,2,45.99,5.12,2
O006788,C04631,2024-07-21,Clothing,4,176.29,0.0,3
O006789,C03730,2024-02-02,Electronics,3,86.48,0.0,5
O006790,C00014,2024-03-29,Beauty,3,151.61,0.0,6
O006791,C03901,2024-05-13,Beauty,5,277.18,0.0,6
O006792,C03620,2024-01-11,Clothing,2,62.89,10.26,5
O006793,C00271,2024-01-27,Home,4,183.83,0.0,3
O006794,C03125,2024-01-31,Electronics,1,39.53,7.7,3
O006795,C01584,2024-03-31,Sports,4,203.9,0.0,4
O006796,C04559,2024-06-17,Beauty,2,53.51,12.53,5
O006797,C00523,2024-02-16,Home,2,64.22,5.01,2
O006798,C02818,2024-03-19,Clothing,2,83.66,0.0,5
O006799,C04951,2024-01-02,Clothing,1,57.32,8.15,2
O006800,C02840,2024-01-20,Clothing,3,82.87,0.0,4
O006801,C00443,2024-04-15,Clothing,3,108.33,0.0,2
O006802,C02084,2024-10-21,Beauty,2,80.76,0.0,5
O006803,C02928,2024-11-25,Clothing,4,77.12,0.0,5
O006804,C01222,2024-03-30,Clothing,5,238.8,0.0,3
O006805,C03450,2024-05-17,Clothing,3,118.11,0.0,6
O006806,C02441,2024-06-16,Beauty,3,135.57,0.0,4
O006807,C02363,2024-05-20,Clothing,3,62.37,9.49,2
O006808,C04504,2024-07-31,Sports,2,27.85,11.81,2
O006809,C00895,2024-10-26,Beauty,1,11.02,11.99,5
O006810,C03903,2024-02-01,Electronics,7,189.61,0.0,3
O006811,C02254,2024-01-30,Beauty,4,182.68,0.0,4
O006812,C02011,2024-11-04,Sports,1,42.54,7.55,5
O006813,C04994,2024-11-27,Home,4,153.75,0.0,1
O006814,C04191,2024-02-13,Electronics,5,276.14,0.0,3
O006815,C04636,2024-02-04,Clothing,5,206.13,0.0,5
O006816,C03216,2024-02-14,Electronics,1,58.22,8.76,4
O006817,C04605,2024-05-17,Beauty,3,60.81,8.71,5
O006818,C02561,2024-02-16,Clothing,2,104.2,0.0,3
O006819,C02847,2024-07-03,Home,1,51.86,5.86,4
O006820,C01046,2024-01-18,Home,3,39.38,8.64,5
O006821,C04834,2024-07-03,Sports,4,134.97,0.0,1
O006822,C02935,2024-03-12,Clothing,5,187.02,0.0,6
O006823,C00471,2024-05-02,Home,3,51.71,5.69,7
O006824,C04380,2024-06-19,Beauty,4,126.01,0.0,3
O006825,C00372,2024-03-17,Clothing,4,127.78,0.0,4
O006826,C03404,2024-01-09,Electronics,4,126.56,0.0,4
O006827,C01404,2024-07-19,Electronics,2,62.92,10.68,5
O006828,C04603,2024-08-30,Sports,6,213.46,0.0,4
O006829,C03947,2024-03-09,Sports,1,21.16,10.31,5
O006830,C04076,2024-08-26,Home,3,152.12,0.0,2
O006831,C04674,2024-11-12,Home,2,40.56,5.06,2
O006832,C02521,2024-01-11,Sports,3,105.7,0.0,2
O006833,C01008,2024-11-15,Beauty,2,118.84,0.0,4
O006834,C03347,2024-02-07,Home,3,98.99,0.0,1
O006835,C00668,2024-01-10,Sports,2,66.07,6.0,3
O006836,C01447,2024-01-16,Sports,5,106.92,0.0,4
O006837,C03967,2024-11-20,Beauty,2,44.64,11.07,2
O006838,C01908,2024-08-30,Sports,4,89.44,0.0,6
O006839,C02368,2024-09-03,Clothing,3,89.26,0.0,4
O006840,C02106,2024-02-11,Sports,1,61.9,7.6,4
O006841,C04369,2024-08-21,Electronics,5,13.52,7.51,6
O006842,C03030,2024-02-13,Beauty,2,63.05,8.85,2
O006843,C00041,2024-06-12,Electronics,1,54.33,6.99,7
O006844,C04834,2024-05-29,Beauty,5,129.12,0.0,2
O006845,C04805,2024-10-06,Clothing,2,93.47,0.0,5
O006846,C00126,2024-07-22,Clothing,3,157.03,0.0,3
O006847,C00778,2024-08-18,Electronics,2,5.0,12.93,5
O006848,C00836,2024-10-17,Home,2,111.79,0.0,7
O006849,C00879,2024-11-01,Clothing,1,5.0,11.53,3
O006850,C04490,2024-12-04,Beauty,4,46.5,9.64,4
O006851,C04924,2024-11-29,Beauty,3,88.63,0.0,6
O006852,C00837,2024-10-22,Home,1,24.74,5.49,4
O006853,C00525,2024-01-22,Clothing,2,68.19,12.04,2
O006854,C01252,2024-06-23,Electronics,4,197.05,0.0,4
O006855,C04242,2024-08-29,Clothing,4,111.55,0.0,3
O006856,C00735,2024-11-26,Clothing,1,39.67,10.57,6
O006857,C00169,2024-03-06,Clothing,7,341.47,0.0,3
O006858,C01149,2024-04-03,Clothing,4,208.54,0.0,8
O006859,C00300,2024-07-31,Beauty,1,28.27,8.53,4
O006860,C03322,2024-08-28,Clothing,7,216.61,0.0,6
O006861,C00522,2024-04-19,Electronics,4,107.14,0.0,4
O006862,C00618,2024-02-16,Electronics,4,242.75,0.0,7
O006863,C03585,2024-12-25,Home,3,76.93,0.0,4
O006864,C01718,2024-06-04,Electronics,7,215.43,0.0,7
O006865,C04602,2024-03-20,Home,3,83.77,0.0,4
O006866,C00302,2024-02-14,Home,5,223.02,0.0,5
O006867,C00653,2024-12-22,Beauty,6,213.12,0.0,3
O006868,C03302,2024-07-13,Clothing,2,91.66,0.0,4
O006869,C04160,2024-08-24,Home,6,190.07,0.0,3
O006870,C02638,2024-07-29,Electronics,4,71.84,8.95,2
O006871,C02280,2024-09-24,Beauty,5,208.13,0.0,7
O006872,C01623,2024-03-23,Clothing,1,26.65,5.03,6
O006873,C04415,2024-04-22,Clothing,2,58.11,7.85,3
O006874,C01682,2024-09-23,Home,1,75.71,0.0,4
O006875,C04925,2024-05-10,Home,3,118.56,0.0,5
O006876,C00092,2024-11-12,Beauty,1,19.98,5.16,4
O006877,C03707,2024-02-25,Sports,3,62.09,12.34,2
O006878,C00961,2024-08-25,Sports,3,72.1,8.24,4
O006879,C04160,2024-01-26,Clothing,4,161.81,0.0,4
O006880,C00844,2024-12-07,Beauty,2,69.95,6.58,4
O006881,C00219,2024-09-01,Home,4,85.63,0.0,2
O006882,C00704,2024-07-27,Beauty,3,138.04,0.0,2
O006883,C04715,2024-10-16,Electronics,3,139.01,0.0,7
O006884,C00247,2024-07-01,Electronics,5,193.25,0.0,4
O006885,C04038,2024-07-25,Sports,1,5.0,6.34,4
O006886,C00057,2024-07-22,Sports,6,132.52,0.0,2
O006887,C03960,2024-07-26,Clothing,6,194.74,0.0,2
O006888,C04853,2024-03-12,Electronics,7,276.18,0.0,6
O006889,C01859,2024-11-07,Beauty,3,100.4,0.0,7
O006890,C01913,2024-12-04,Beauty,1,62.18,11.78,4
O006891,C04222,2024-05-26,Sports,4,73.7,11.04,3
O006892,C00267,2024-07-22,Home,4,194.16,0.0,6
O006893,C03483,2024-12-14,Sports,1,30.51,8.25,4
O006894,C01681,2024-05-12,Home,3,138.5,0.0,1
O006895,C03194,2024-10-08,Clothing,5,147.44,0.0,8
O006896,C01532,2024-03-18,Clothing,5,214.92,0.0,4
O006897,C02007,2024-04-06,Clothing,4,208.82,0.0,6
O006898,C04706,2024-06-11,Clothing,2,118.42,0.0,3
O006899,C04565,2024-11-26,Home,2,117.32,0.0,7
O006900,C04897,2024-07-14,Beauty,3,119.65,0.0,7
O006901,C04229,2024-04-25,Home,2,89.43,0.0,4
O006902,C03451,2024-06-09,Beauty,4,108.55,0.0,2
O006903,C01020,2024-09-11,Beauty,3,33.79,11.69,4
O006904,C00318,2024-03-10,Home,3,32.1,11.39,5
O006905,C01601,2024-07-20,Clothing,3,41.99,9.46,4
O006906,C00711,2024-02-05,Sports,5,177.4,0.0,2
O006907,C03197,2024-10-31,Clothing,1,5.0,5.96,7
O006908,C00451,2024-08-05,Electronics,1,19.67,6.54,4
O006909,C01882,2024-11-04,Home,4,190.4,0.0,4
O006910,C01744,2024-07-15,Beauty,3,77.44,0.0,3
O006911,C01324,2024-12-01,Sports,4,164.96,0.0,3
O006912,C03561,2024-11-22,Electronics,2,79.53,0.0,4
O006913,C02681,2024-07-10,Electronics,6,221.44,0.0,4
O006914,C04238,2024-10-03,Beauty,1,21.07,10.26,2
O006915,C03052,2024-10-17,Home,2,98.89,0.0,3
O006916,C04665,2024-03-26,Clothing,2,93.53,0.0,5
O006917,C02352,2024-01-22,Home,7,188.2,0.0,4
O006918,C02705,2024-05-13,Electronics,4,157.52,0.0,5
O006919,C02641,2024-06-09,Clothing,2,61.65,8.88,4
O006920,C04126,2024-10-21,Home,3,121.76,0.0,2
O006921,C03449,2024-02-12,Home,1,47.45,5.97,6
O006922,C00695,2024-02-10,Clothing,3,172.25,0.0,6
O006923,C04254,2024-10-17,Beauty,3,103.11,0.0,6
O006924,C02194,2024-10-06,Home,1,33.56,5.22,2
O006925,C00340,2024-07-01,Beauty,3,106.48,0.0,4
O006926,C01769,2024-09-08,Beauty,1,34.74,12.5,3
O006927,C00092,2024-12-25,Clothing,3,121.21,0.0,4
O006928,C04425,2024-02-09,Clothing,2,83.05,0.0,5
O006929,C00172,2024-03-27,Home,2,64.04,10.56,3
O006930,C02750,2024-08-12,Clothing,2,29.26,12.23,6
O006931,C03103,2024-10-11,Clothing,3,87.47,0.0,4
O006932,C00621,2024-05-17,Beauty,2,65.07,9.48,5
O006933,C00989,2024-11-30,Home,4,174.7,0.0,5
O006934,C00077,2024-05-17,Electronics,4,145.13,0.0,5
O006935,C02199,2024-03-04,Electronics,5,207.83,0.0,4
O006936,C04238,2024-04-26,Clothing,5,168.46,0.0,4
O006937,C00231,2024-04-07,Beauty,2,68.11,9.43,3
O006938,C02176,2024-05-25,Electronics,4,120.16,0.0,5
O006939,C02908,2024-03-25,Home,3,89.17,0.0,3
O006940,C02545,2024-02-20,Home,3,121.89,0.0,2
O006941,C03613,2024-04-04,Beauty,4,173.85,0.0,4
O006942,C02858,2024-10-04,Electronics,3,116.75,0.0,4
O006943,C01554,2024-01-09,Clothing,3,112.52,0.0,2
O006944,C04365,2024-12-12,Beauty,2,82.2,0.0,6
O006945,C02666,2024-03-29,Beauty,1,41.56,8.71,6
O006946,C03741,2024-03-29,Home,3,110.35,0.0,3
O006947,C00962,2024-08-06,Home,3,76.9,0.0,3
O006948,C01628,2024-11-25,Home,1,9.74,5.01,4
O006949,C01968,2024-12-15,Sports,2,97.11,0.0,6
O006950,C03332,2024-10-12,Sports,5,200.15,0.0,4
O006951,C01075,2024-06-09,Sports,1,36.67,9.1,6
O006952,C03205,2024-02-12,Sports,5,202.2,0.0,5
O006953,C01029,2024-09-02,Beauty,1,20.16,5.94,4
O006954,C00648,2024-09-14,Clothing,1,49.0,5.66,6
O006955,C04834,2024-12-08,Home,5,171.27,0.0,2
O006956,C03163,2024-06-07,Home,3,90.38,0.0,3
O006957,C04916,2024-05-11,Beauty,1,30.12,10.38,2
O006958,C00903,2024-02-16,Clothing,6,286.78,0.0,6
O006959,C04068,2024-12-05,Sports,1,5.75,8.09,5
O006960,C01504,2024-03-29,Electronics,3,74.0,7.51,5
O006961,C02863,2024-02-14,Electronics,3,37.24,8.83,1
O006962,C04479,2024-11-16,Electronics,5,144.4,0.0,3
O006963,C02898,2024-07-12,Home,3,131.49,0.0,4
O006964,C01346,2024-01-06,Clothing,2,52.35,12.94,3
O006965,C00490,2024-09-19,Clothing,6,211.17,0.0,4
O006966,C00426,2024-07-14,Clothing,3,96.31,0.0,1
O006967,C02732,2024-01-18,Electronics,1,19.97,9.11,8
O006968,C03992,2024-10-23,Electronics,2,42.48,12.29,6
O006969,C01408,2024-04-16,Home,3,79.41,0.0,2
O006970,C00423,2024-03-09,Home,4,118.88,0.0,2
O006971,C02956,2024-01-25,Beauty,2,106.73,0.0,4
O006972,C01215,2024-02-25,Electronics,3,147.98,0.0,3
O006973,C03943,2024-01-01,Beauty,1,32.86,10.25,3
O006974,C01801,2024-07-01,Beauty,3,127.63,0.0,6
O006975,C04951,2024-02-23,Electronics,1,7.73,6.48,1
O006976,C04461,2024-03-21,Sports,1,37.37,9.56,1
O006977,C02070,2024-06-08,Clothing,2,81.95,0.0,3
O006978,C04644,2024-08-13,Home,2,66.81,7.02,6
O006979,C02378,2024-09-20,Beauty,2,60.96,9.86,4
O006980,C02104,2024-04-18,Home,7,253.86,0.0,6
O006981,C01272,2024-11-04,Electronics,2,68.52,10.02,1
O006982,C04357,2024-02-13,Electronics,1,41.6,9.26,3
O006983,C03844,2024-07-19,Home,4,145.36,0.0,2
O006984,C00435,2024-10-10,Clothing,4,153.54,0.0,4
O006985,C03599,2024-05-26,Electronics,2,91.87,0.0,1
O006986,C03550,2024-07-17,Home,4,114.47,0.0,2
O006987,C03772,2024-08-21,Clothing,3,79.19,0.0,2
O006988,C00535,2024-07-02,Beauty,4,84.47,0.0,4
O006989,C00381,2024-02-04,Clothing,3,90.1,0.0,5
O006990,C02151,2024-07-27,Beauty,2,54.16,7.07,4
O006991,C04125,2024-12-25,Beauty,5,224.66,0.0,4
O006992,C03926,2024-03-03,Electronics,3,128.52,0.0,3
O006993,C03129,2024-03-22,Electronics,6,305.59,0.0,4
O006994,C04050,2024-09-19,Home,1,22.14,10.93,6
O006995,C00547,2024-09-11,Electronics,4,154.4,0.0,1
O006996,C03617,2024-02-08,Home,1,67.44,8.8,4
O006997,C04423,2024-10-12,Home,3,92.98,0.0,3
O006998,C01752,2024-01-23,Electronics,3,121.95,0.0,2
O006999,C04825,2024-03-24,Clothing,2,91.92,0.0,4
O007000,C03116,2024-10-29,Beauty,4,117.09,0.0,4
O007001,C00219,2024-07-24,Electronics,4,105.8,0.0,5
O007002,C00126,2024-04-04,Beauty,3,95.77,0.0,7
O007003,C04978,2024-03-03,Home,2,67.13,7.38,7
O007004,C04415,2024-05-16,Electronics,5,181.98,0.0,5
O007005,C01329,2024-05-30,Sports,3,130.95,0.0,6
O007006,C01224,2024-04-26,Home,4,158.11,0.0,2
O007007,C04181,2024-07-09,Electronics,3,95.49,0.0,4
O007008,C02771,2024-07-20,Clothing,3,135.34,0.0,6
O007009,C01575,2024-09-06,Home,4,112.36,0.0,3
O007010,C01943,2024-03-27,Clothing,2,142.54,0.0,4
O007011,C03341,2024-03-14,Home,2,65.33,8.72,3
O007012,C04458,2024-11-17,Home,1,42.8,11.97,4
O007013,C02415,2024-02-06,Electronics,2,69.78,8.57,4
O007014,C01255,2024-05-04,Clothing,2,97.69,0.0,6
O007015,C00988,2024-06-14,Clothing,5,270.11,0.0,2
O007016,C01849,2024-01-01,Electronics,4,95.05,0.0,1
O007017,C03902,2024-12-03,Sports,6,160.96,0.0,4
O007018,C04927,2024-10-17,Clothing,3,110.09,0.0,5
O007019,C03720,2024-03-11,Home,5,248.51,0.0,3
O007020,C01318,2024-04-17,Electronics,2,62.9,8.15,2
O007021,C01372,2024-03-26,Electronics,5,254.94,0.0,2
O007022,C04972,2024-06-29,Home,1,26.08,10.07,5
O007023,C00361,2024-01-25,Beauty,5,246.43,0.0,4
O007024,C00358,2024-10-24,Home,3,119.99,0.0,1
O007025,C03202,2024-05-30,Home,3,122.48,0.0,1
O007026,C03891,2024-09-21,Beauty,5,157.99,0.0,6
O007027,C02784,2024-07-21,Clothing,2,81.63,0.0,6
O007028,C00064,2024-02-20,Electronics,2,90.24,0.0,3
O007029,C02229,2024-08-07,Electronics,2,78.16,0.0,3
O007030,C02635,2024-02-26,Beauty,7,314.93,0.0,4
O007031,C03850,2024-03-22,Sports,3,99.5,0.0,4
O007032,C03939,2024-06-12,Home,2,65.68,9.36,1
O007033,C01516,2024-09-25,Clothing,7,251.87,0.0,1
O007034,C00580,2024-07-01,Sports,1,53.57,11.83,3
O007035,C04418,2024-06-28,Electronics,5,197.56,0.0,3
O007036,C02332,2024-10-10,Home,4,147.32,0.0,4
O007037,C02414,2024-03-26,Electronics,2,80.89,0.0,4
O007038,C02159,2024-04-20,Clothing,2,51.76,12.58,8
O007039,C02126,2024-06-06,Electronics,3,88.91,0.0,3
O007040,C03770,2024-02-14,Home,1,13.65,11.99,3
O007041,C02284,2024-02-07,Clothing,2,42.62,11.22,3
O007042,C03767,2024-01-20,Clothing,1,49.8,6.93,4
O007043,C03106,2024-04-06,Home,4,79.74,0.0,2
O007044,C03553,2024-12-23,Clothing,2,67.75,7.08,5
O007045,C03476,2024-02-28,Home,5,227.11,0.0,4
O007046,C01839,2024-08-11,Clothing,2,8.96,10.79,5
O007047,C00222,2024-10-24,Sports,5,152.79,0.0,3
O007048,C00896,2024-07-07,Home,2,32.12,7.78,5
O007049,C03412,2024-02-28,Beauty,3,131.49,0.0,6
O007050,C03009,2024-01-08,Home,2,34.36,9.75,4
O007051,C00985,2024-11-08,Clothing,1,21.79,11.1,2
O007052,C01633,2024-04-11,Sports,3,178.55,0.0,3
O007053,C03671,2024-12-05,Electronics,2,56.94,12.91,5
O007054,C02891,2024-01-21,Home,2,70.33,10.2,7
O007055,C02044,2024-10-31,Electronics,1,24.33,10.18,3
O007056,C01409,2024-08-03,Electronics,2,114.24,0.0,3
O007057,C03873,2024-11-05,Electronics,4,70.93,8.69,1
O007058,C04678,2024-08-18,Home,4,41.75,8.93,7
O007059,C01336,2024-08-23,Sports,1,36.25,12.67,4
O007060,C03638,2024-05-30,Home,2,49.62,9.64,2
O007061,C03459,2024-03-08,Home,3,104.1,0.0,1
O007062,C04398,2024-02-15,Beauty,1,41.09,10.27,3
O007063,C03601,2024-08-09,Electronics,1,64.6,6.35,4
O007064,C04887,2024-08-27,Home,4,184.54,0.0,4
O007065,C01376,2024-06-04,Home,2,41.6,5.73,4
O007066,C01534,2024-04-04,Beauty,6,277.35,0.0,4
O007067,C01953,2024-04-06,Beauty,1,39.76,11.04,2
O007068,C03258,2024-11-01,Electronics,3,36.77,7.92,5
O007069,C02992,2024-03-23,Beauty,1,43.48,5.37,4
O007070,C04691,2024-09-01,Electronics,1,46.76,10.78,1
O007071,C03497,2024-03-03,Beauty,3,91.14,0.0,3
O007072,C04158,2024-01-10,Beauty,4,78.74,0.0,5
O007073,C03473,2024-03-29,Home,3,105.93,0.0,5
O007074,C02918,2024-06-13,Clothing,1,30.12,11.83,5
O007075,C01166,2024-11-21,Clothing,6,212.29,0.0,6
O007076,C04562,2024-10-12,Beauty,4,157.66,0.0,6
O007077,C02359,2024-08-02,Sports,2,57.91,5.53,3
O007078,C03239,2024-12-01,Sports,4,133.12,0.0,3
O007079,C04912,2024-03-12,Clothing,1,40.6,12.27,4
O007080,C02151,2024-07-26,Clothing,2,86.36,0.0,4
O007081,C02076,2024-05-18,Home,2,89.36,0.0,1
O007082,C03668,2024-09-02,Electronics,3,49.59,5.04,1
O007083,C04604,2024-05-08,Clothing,3,114.79,0.0,3
O007084,C02182,2024-04-09,Clothing,6,330.96,0.0,1
O007085,C00059,2024-01-11,Electronics,3,88.76,0.0,3
O007086,C01959,2024-12-05,Home,6,293.12,0.0,4
O007087,C00185,2024-06-24,Sports,6,157.69,0.0,1
O007088,C02620,2024-11-12,Beauty,3,84.31,0.0,3
O007089,C01681,2024-12-22,Clothing,2,65.65,6.12,4
O007090,C00578,2024-11-11,Beauty,3,108.11,0.0,4
O007091,C03955,2024-05-29,Sports,1,20.64,11.71,5
O007092,C04278,2024-03-15,Clothing,1,36.88,8.79,6
O007093,C00071,2024-04-08,Electronics,4,202.02,0.0,2
O007094,C00556,2024-09-21,Home,7,232.86,0.0,4
O007095,C00852,2024-08-30,Sports,1,35.65,6.29,1
O007096,C01219,2024-03-23,Electronics,2,128.46,0.0,3
O007097,C03641,2024-10-19,Clothing,3,33.42,6.1,4
O007098,C01913,2024-03-10,Home,4,155.32,0.0,3
O007099,C02731,2024-08-15,Electronics,7,122.98,0.0,7
O007100,C02366,2024-06-20,Clothing,5,152.39,0.0,6
O007101,C04925,2024-05-10,Electronics,3,141.21,0.0,5
O007102,C00267,2024-01-10,Beauty,2,71.5,5.22,2
O007103,C03917,2024-02-25,Clothing,4,131.19,0.0,3
O007104,C04710,2024-02-02,Clothing,4,99.48,0.0,4
O007105,C01401,2024-08-31,Clothing,3,127.41,0.0,4
O007106,C04674,2024-08-13,Electronics,1,59.68,8.13,4
O007107,C03694,2024-08-15,Clothing,4,162.79,0.0,4
O007108,C04728,2024-09-01,Sports,3,118.42,0.0,5
O007109,C02327,2024-04-12,Clothing,2,64.89,6.5,2
O007110,C02802,2024-07-15,Clothing,2,24.89,9.91,3
O007111,C02035,2024-10-27,Beauty,4,164.03,0.0,4
O007112,C02831,2024-11-08,Clothing,4,95.79,0.0,3
O007113,C00985,2024-07-27,Clothing,4,129.44,0.0,2
O007114,C04100,2024-07-10,Sports,1,48.33,5.49,8
O007115,C01076,2024-05-06,Clothing,1,13.07,11.81,4
O007116,C01024,2024-01-10,Electronics,1,55.89,8.18,5
O007117,C03898,2024-11-25,Sports,4,69.94,12.52,4
O007118,C04875,2024-03-06,Electronics,3,24.75,6.57,4
O007119,C00280,2024-12-23,Clothing,2,69.34,12.96,2
O007120,C01112,2024-12-06,Home,2,51.62,11.02,4
O007121,C01184,2024-06-06,Clothing,1,16.01,9.49,8
O007122,C02076,2024-09-12,Home,2,75.11,0.0,5
O007123,C03600,2024-12-03,Clothing,2,43.05,10.87,6
O007124,C04906,2024-02-04,Electronics,1,74.92,7.72,6
O007125,C03943,2024-11-04,Electronics,3,151.2,0.0,4
O007126,C00272,2024-06-15,Clothing,5,231.75,0.0,1
O007127,C01124,2024-01-22,Home,1,47.76,7.17,6
O007128,C03980,2024-03-07,Electronics,3,121.47,0.0,4
O007129,C01228,2024-07-16,Beauty,2,88.16,0.0,3
O007130,C00190,2024-04-09,Clothing,6,198.16,0.0,3
O007131,C00546,2024-12-01,Home,2,67.94,12.33,6
O007132,C02342,2024-07-13,Electronics,5,133.87,0.0,5
O007133,C03967,2024-04-09,Home,2,51.16,12.71,4
O007134,C04015,2024-03-15,Clothing,3,153.51,0.0,5
O007135,C04944,2024-01-17,Home,2,68.34,11.72,4
O007136,C04867,2024-05-26,Beauty,1,41.75,5.62,7
O007137,C00769,2024-09-06,Home,5,220.3,0.0,4
O007138,C03776,2024-09-11,Beauty,5,179.97,0.0,4
O007139,C02732,2024-07-06,Clothing,4,138.64,0.0,2
O007140,C01011,2024-11-23,Clothing,2,32.19,7.57,4
O007141,C04799,2024-12-11,Clothing,2,60.6,10.41,4
O007142,C00465,2024-08-27,Clothing,4,109.24,0.0,6
O007143,C02601,2024-11-02,Clothing,2,66.25,7.44,1
O007144,C00917,2024-06-24,Beauty,2,66.13,9.53,3
O007145,C01453,2024-11-08,Home,2,79.45,0.0,1
O007146,C03469,2024-02-01,Clothing,3,79.8,0.0,5
O007147,C04290,2024-11-30,Sports,2,56.18,7.62,2
O007148,C00066,2024-05-01,Clothing,2,89.89,0.0,4
O007149,C02603,2024-11-19,Electronics,4,117.7,0.0,7
O007150,C01726,2024-01-28,Clothing,1,18.15,5.42,5
O007151,C04697,2024-07-07,Clothing,2,60.99,10.1,6
O007152,C01500,2024-11-28,Home,3,120.91,0.0,6
O007153,C01905,2024-05-19,Electronics,3,71.41,5.36,4
O007154,C04572,2024-09-27,Clothing,3,97.6,0.0,2
O007155,C03965,2024-10-11,Clothing,4,186.48,0.0,7
O007156,C02810,2024-12-08,Sports,2,46.53,10.69,5
O007157,C04091,2024-09-25,Home,6,151.44,0.0,5
O007158,C00887,2024-10-20,Home,2,115.06,0.0,4
O007159,C03809,2024-07-04,Clothing,5,165.17,0.0,5
O007160,C04178,2024-04-19,Electronics,3,128.61,0.0,1
O007161,C01961,2024-09-11,Clothing,2,34.59,10.11,7
O007162,C02748,2024-02-04,Clothing,3,115.74,0.0,5
O007163,C00044,2024-11-27,Beauty,3,116.07,0.0,4
O007164,C03843,2024-08-09,Beauty,5,171.56,0.0,3
O007165,C04706,2024-04-19,Beauty,2,58.58,9.31,3
O007166,C01889,2024-09-17,Sports,2,60.93,7.54,5
O007167,C03899,2024-01-02,Home,3,115.35,0.0,4
O007168,C03893,2024-08-21,Home,4,106.11,0.0,1
O007169,C00720,2024-10-12,Clothing,3,138.53,0.0,2
O007170,C00691,2024-04-08,Electronics,1,38.91,11.44,3
O007171,C01946,2024-04-28,Sports,3,46.24,10.39,5
O007172,C00110,2024-01-10,Electronics,4,214.39,0.0,4
O007173,C04315,2024-03-13,Clothing,1,22.05,12.07,3
O007174,C04559,2024-07-27,Clothing,5,195.37,0.0,1
O007175,C00515,2024-05-03,Clothing,3,151.62,0.0,4
O007176,C00637,2024-02-07,Beauty,2,38.67,11.09,3
O007177,C03329,2024-04-03,Sports,1,40.58,11.89,2
O007178,C00627,2024-08-20,Clothing,4,78.33,0.0,4
O007179,C00070,2024-06-11,Electronics,3,73.41,12.0,4
O007180,C02507,2024-11-22,Electronics,3,119.61,0.0,6
O007181,C03890,2024-05-19,Electronics,2,84.24,0.0,2
O007182,C03800,2024-08-29,Home,4,60.77,8.58,2
O007183,C01851,2024-06-18,Clothing,5,90.0,0.0,6
O007184,C04320,2024-04-07,Clothing,1,59.76,5.12,4
O007185,C02879,2024-03-07,Clothing,4,156.89,0.0,4
O007186,C03353,2024-10-15,Electronics,3,134.47,0.0,6
O007187,C03978,2024-04-13,Clothing,7,236.09,0.0,3
O007188,C01635,2024-05-20,Electronics,7,185.83,0.0,2
O007189,C03477,2024-07-21,Home,4,131.05,0.0,4
O007190,C02544,2024-10-16,Home,4,158.35,0.0,4
O007191,C00769,2024-11-01,Sports,1,44.27,7.95,5
O007192,C02604,2024-05-16,Electronics,4,124.86,0.0,5
O007193,C00992,2024-09-19,Sports,7,390.84,0.0,5
O007194,C01729,2024-04-15,Clothing,6,192.67,0.0,6
O007195,C02029,2024-05-09,Clothing,5,101.76,0.0,7
O007196,C01530,2024-09-17,Clothing,4,140.66,0.0,4
O007197,C00489,2024-04-22,Home,5,152.25,0.0,3
O007198,C04153,2024-11-17,Home,5,158.23,0.0,5
O007199,C00512,2024-04-25,Electronics,2,46.68,7.09,4
O007200,C03320,2024-05-17,Electronics,5,137.12,0.0,4
O007201,C02152,2024-06-09,Beauty,4,126.23,0.0,9
O007202,C02605,2024-04-17,Home,4,172.78,0.0,5
O007203,C02108,2024-09-04,Clothing,2,63.87,9.95,3
O007204,C00735,2024-05-13,Electronics,7,226.09,0.0,6
O007205,C03310,2024-01-14,Home,3,79.9,0.0,3
O007206,C00371,2024-03-18,Sports,3,75.82,0.0,6
O007207,C02074,2024-09-27,Electronics,3,129.21,0.0,4
O007208,C04702,2024-08-12,Electronics,4,158.31,0.0,3
O007209,C04206,2024-04-30,Electronics,3,100.26,0.0,1
O007210,C04869,2024-08-10,Home,6,149.99,0.0,6
O007211,C02302,2024-07-27,Beauty,2,119.6,0.0,5
O007212,C01831,2024-08-27,Beauty,1,22.44,12.28,3
O007213,C01860,2024-01-21,Electronics,1,49.28,6.72,4
O007214,C00917,2024-10-11,Beauty,3,115.2,0.0,4
O007215,C03176,2024-11-24,Beauty,3,43.15,8.3,3
O007216,C02663,2024-04-02,Home,3,66.47,5.99,5
O007217,C02635,2024-09-11,Beauty,2,99.96,0.0,7
O007218,C04693,2024-06-10,Clothing,3,73.37,11.75,7
O007219,C01238,2024-10-29,Electronics,3,103.0,0.0,4
O007220,C02161,2024-09-08,Beauty,2,90.48,0.0,3
O007221,C01336,2024-09-21,Clothing,4,18.93,9.11,3
O007222,C02617,2024-07-06,Electronics,4,125.6,0.0,3
O007223,C02944,2024-04-21,Electronics,3,100.58,0.0,3
O007224,C00762,2024-01-30,Home,2,114.71,0.0,4
O007225,C03719,2024-09-29,Clothing,4,162.54,0.0,5
O007226,C02701,2024-11-10,Clothing,4,134.11,0.0,4
O007227,C02132,2024-06-16,Electronics,3,101.27,0.0,4
O007228,C04815,2024-04-05,Clothing,2,147.23,0.0,3
O007229,C01954,2024-05-14,Clothing,3,141.25,0.0,2
O007230,C00949,2024-02-07,Sports,4,146.53,0.0,4
O007231,C00302,2024-10-14,Home,5,185.26,0.0,3
O007232,C04025,2024-03-09,Clothing,3,91.16,0.0,4
O007233,C02589,2024-08-21,Home,2,86.96,0.0,5
O007234,C03695,2024-03-07,Clothing,4,128.31,0.0,4
O007235,C02702,2024-02-25,Home,4,155.89,0.0,5
O007236,C01476,2024-10-02,Home,4,122.34,0.0,4
O007237,C00614,2024-07-10,Home,1,29.55,6.6,3
O007238,C00669,2024-04-29,Clothing,1,16.8,10.55,4
O007239,C02129,2024-01-11,Clothing,3,98.54,0.0,6
O007240,C00218,2024-05-25,Electronics,2,95.59,0.0,5
O007241,C02932,2024-01-14,Clothing,4,121.13,0.0,6
O007242,C00749,2024-02-03,Beauty,5,184.32,0.0,3
O007243,C04221,2024-07-22,Sports,2,41.35,9.34,3
O007244,C00201,2024-03-26,Clothing,3,102.95,0.0,5
O007245,C02622,2024-06-02,Sports,2,58.75,10.83,5
O007246,C00722,2024-06-18,Electronics,3,73.99,5.07,5
O007247,C00952,2024-06-15,Beauty,5,147.8,0.0,1
O007248,C01882,2024-07-03,Home,4,29.65,9.59,2
O007249,C02228,2024-11-01,Beauty,1,35.5,5.24,4
O007250,C01433,2024-04-22,Sports,4,107.94,0.0,5
O007251,C02321,2024-05-23,Beauty,6,263.24,0.0,5
O007252,C01777,2024-11-13,Electronics,6,178.39,0.0,2
O007253,C00699,2024-12-19,Sports,5,238.48,0.0,4
O007254,C02969,2024-07-29,Beauty,4,120.1,0.0,5
O007255,C00622,2024-07-09,Clothing,1,44.29,11.53,4
O007256,C02588,2024-10-12,Clothing,5,165.06,0.0,4
O007257,C00460,2024-06-30,Home,2,31.95,11.71,4
O007258,C01085,2024-06-03,Clothing,2,86.35,0.0,5
O007259,C00300,2024-12-07,Clothing,3,54.29,10.12,3
O007260,C02545,2024-07-10,Electronics,3,149.14,0.0,4
O007261,C01276,2024-03-21,Beauty,3,102.1,0.0,3
O007262,C01431,2024-11-30,Clothing,1,39.37,8.88,4
O007263,C03453,2024-11-27,Electronics,5,159.05,0.0,5
O007264,C02389,2024-02-18,Electronics,2,56.62,11.38,2
O007265,C01822,2024-10-30,Home,2,31.58,10.92,4
O007266,C00989,2024-02-24,Beauty,4,175.83,0.0,5
O007267,C00214,2024-12-01,Home,1,58.09,8.77,5
O007268,C00532,2024-03-07,Clothing,3,114.01,0.0,1
O007269,C02918,2024-04-24,Clothing,4,134.96,0.0,3
O007270,C03620,2024-04-21,Beauty,3,105.6,0.0,4
O007271,C01985,2024-06-07,Beauty,5,189.46,0.0,7
O007272,C02259,2024-04-16,Electronics,4,134.98,0.0,5
O007273,C02219,2024-01-26,Clothing,6,149.55,0.0,3
O007274,C04634,2024-04-19,Clothing,2,57.82,12.56,4
O007275,C04772,2024-03-06,Sports,4,160.7,0.0,4
O007276,C04486,2024-07-23,Electronics,3,70.79,7.57,1
O007277,C02110,2024-04-10,Electronics,3,91.57,0.0,3
O007278,C03061,2024-07-24,Beauty,3,59.0,8.29,1
O007279,C01609,2024-01-01,Home,5,145.59,0.0,5
O007280,C02525,2024-08-11,Clothing,3,141.64,0.0,8
O007281,C04416,2024-03-10,Beauty,8,274.7,0.0,3
O007282,C00690,2024-05-29,Sports,6,125.25,0.0,3
O007283,C02100,2024-08-02,Home,2,75.48,0.0,3
O007284,C04753,2024-11-05,Clothing,2,74.35,7.45,2
O007285,C04924,2024-05-21,Sports,6,120.63,0.0,5
O007286,C01101,2024-01-14,Clothing,3,102.87,0.0,6
O007287,C00119,2024-07-17,Sports,2,68.45,5.12,2
O007288,C02769,2024-01-19,Electronics,2,88.02,0.0,5
O007289,C00506,2024-11-10,Clothing,3,68.5,8.0,5
O007290,C02201,2024-05-29,Home,2,75.02,0.0,5
O007291,C01042,2024-09-18,Sports,3,146.12,0.0,5
O007292,C03136,2024-11-14,Sports,3,101.78,0.0,4
O007293,C00497,2024-11-28,Clothing,2,84.34,0.0,4
O007294,C04175,2024-03-14,Clothing,5,170.12,0.0,3
O007295,C00059,2024-12-16,Clothing,5,108.53,0.0,4
O007296,C03133,2024-09-22,Clothing,2,69.98,12.44,6
O007297,C03539,2024-10-19,Home,5,159.3,0.0,7
O007298,C01654,2024-05-24,Sports,3,68.92,7.81,3
O007299,C01707,2024-05-12,Sports,1,26.96,8.55,5
O007300,C00244,2024-05-27,Sports,4,135.44,0.0,6
O007301,C02256,2024-03-19,Beauty,5,116.95,0.0,5
O007302,C01675,2024-11-04,Sports,1,39.86,5.37,4
O007303,C02693,2024-08-02,Home,3,83.47,0.0,3
O007304,C00039,2024-02-02,Clothing,2,64.3,8.09,6
O007305,C03248,2024-07-12,Electronics,4,137.29,0.0,3
O007306,C01616,2024-06-26,Clothing,1,9.19,11.01,5
O007307,C00020,2024-10-14,Home,5,157.66,0.0,5
O007308,C00221,2024-11-30,Beauty,1,23.69,7.26,2
O007309,C03772,2024-07-19,Clothing,6,198.36,0.0,4
O007310,C00251,2024-01-03,Clothing,3,134.01,0.0,3
O007311,C04308,2024-02-22,Clothing,5,197.87,0.0,6
O007312,C04515,2024-09-14,Clothing,1,52.07,9.31,4
O007313,C00507,2024-04-30,Clothing,2,78.18,0.0,6
O007314,C04742,2024-05-29,Clothing,1,18.48,7.62,6
O007315,C00869,2024-06-01,Electronics,2,89.13,0.0,3
O007316,C03991,2024-08-04,Electronics,2,112.54,0.0,1
O007317,C04588,2024-05-14,Electronics,2,128.98,0.0,2
O007318,C01170,2024-09-12,Sports,5,162.54,0.0,6
O007319,C00740,2024-03-02,Clothing,1,17.38,6.52,2
O007320,C01791,2024-10-13,Home,6,133.49,0.0,4
O007321,C00424,2024-03-03,Beauty,4,44.01,8.06,5
O007322,C03056,2024-10-19,Home,2,57.98,7.8,5
O007323,C04388,2024-03-08,Beauty,3,171.68,0.0,2
O007324,C02204,2024-08-12,Electronics,2,88.11,0.0,2
O007325,C01984,2024-11-30,Sports,2,55.76,6.95,7
O007326,C03923,2024-05-16,Clothing,3,106.52,0.0,7
O007327,C02398,2024-02-15,Sports,4,99.88,0.0,6
O007328,C01958,2024-04-04,Clothing,1,58.74,10.31,7
O007329,C04339,2024-10-16,Home,2,73.66,7.03,3
O007330,C01790,2024-12-29,Electronics,1,57.29,5.2,3
O007331,C00585,2024-09-03,Clothing,2,83.07,0.0,3
O007332,C03201,2024-11-11,Beauty,1,24.63,8.95,5
O007333,C01343,2024-10-18,Home,7,218.83,0.0,4
O007334,C04191,2024-08-01,Clothing,3,113.75,0.0,5
O007335,C04397,2024-09-12,Home,4,151.18,0.0,5
O007336,C01209,2024-02-17,Clothing,3,22.86,8.59,4
O007337,C02823,2024-04-02,Home,2,107.15,0.0,5
O007338,C03694,2024-01-06,Home,1,43.95,11.61,1
O007339,C02448,2024-07-11,Sports,5,164.4,0.0,5
O007340,C04786,2024-04-12,Clothing,3,98.09,0.0,5
O007341,C01166,2024-03-14,Clothing,2,68.79,9.26,4
O007342,C04757,2024-03-14,Beauty,5,100.9,0.0,5
O007343,C02306,2024-04-22,Sports,4,178.31,0.0,4
O007344,C01063,2024-05-31,Sports,3,102.05,0.0,2
O007345,C04401,2024-09-19,Sports,2,53.79,5.07,2
O007346,C03355,2024-03-26,Beauty,2,71.2,9.82,5
O007347,C01848,2024-02-27,Home,2,70.5,6.82,3
O007348,C00526,2024-05-28,Electronics,2,110.34,0.0,5
O007349,C04503,2024-08-01,Clothing,5,135.05,0.0,4
O007350,C01383,2024-10-26,Beauty,3,89.3,0.0,4
O007351,C04982,2024-10-07,Sports,3,99.28,0.0,6
O007352,C04969,2024-04-04,Beauty,2,45.4,8.4,7
O007353,C04107,2024-07-26,Electronics,2,122.75,0.0,7
O007354,C02723,2024-05-22,Clothing,3,110.03,0.0,2
O007355,C01988,2024-03-23,Clothing,2,83.72,0.0,5
O007356,C04068,2024-02-21,Beauty,1,27.69,9.88,3
O007357,C04105,2024-01-17,Clothing,1,37.72,8.95,5
O007358,C04124,2024-08-05,Clothing,5,102.3,0.0,3
O007359,C00686,2024-08-15,Sports,6,193.92,0.0,1
O007360,C02550,2024-10-18,Home,1,65.82,4.99,5
O007361,C04678,2024-07-19,Electronics,6,136.75,0.0,5
O007362,C03867,2024-03-22,Home,4,237.6,0.0,3
O007363,C02826,2024-05-07,Beauty,1,60.11,10.77,7
O007364,C03735,2024-03-20,Sports,3,140.64,0.0,2
O007365,C01242,2024-07-07,Home,5,206.24,0.0,7
O007366,C03501,2024-06-04,Electronics,4,162.03,0.0,3
O007367,C01662,2024-11-11,Electronics,2,78.17,0.0,5
O007368,C02051,2024-06-08,Electronics,4,93.77,0.0,3
O007369,C04139,2024-08-29,Home,4,183.02,0.0,5
O007370,C03262,2024-11-09,Clothing,2,58.55,10.17,4
O007371,C04138,2024-03-22,Sports,3,30.36,5.49,5
O007372,C03844,2024-02-13,Sports,4,165.93,0.0,6
O007373,C04826,2024-06-10,Beauty,1,45.39,11.85,3
O007374,C01982,2024-08-08,Electronics,4,82.43,0.0,3
O007375,C00648,2024-05-28,Home,4,228.62,0.0,5
O007376,C03924,2024-05-03,Electronics,2,104.76,0.0,3
O007377,C02705,2024-01-01,Sports,5,196.39,0.0,5
O007378,C01983,2024-07-01,Clothing,2,61.21,9.17,5
O007379,C01929,2024-07-26,Home,2,68.84,8.08,1
O007380,C02558,2024-04-06,Sports,5,47.94,12.2,5
O007381,C04133,2024-01-21,Electronics,2,58.44,7.01,3
O007382,C02020,2024-12-20,Electronics,1,62.11,9.52,6
O007383,C00823,2024-08-10,Electronics,2,69.98,11.71,3
O007384,C04675,2024-02-17,Electronics,2,59.78,6.8,5
O007385,C02565,2024-02-01,Electronics,6,204.14,0.0,3
O007386,C02833,2024-10-14,Home,2,80.24,0.0,4
O007387,C01021,2024-05-09,Sports,3,113.95,0.0,3
O007388,C01082,2024-10-04,Sports,8,267.37,0.0,4
O007389,C02023,2024-09-01,Sports,5,198.66,0.0,4
O007390,C04209,2024-02-21,Clothing,3,120.18,0.0,5
O007391,C03676,2024-07-27,Sports,2,81.44,0.0,2
O007392,C02884,2024-12-17,Electronics,1,38.09,11.32,6
O007393,C01780,2024-08-17,Beauty,3,78.81,0.0,7
O007394,C01820,2024-07-04,Beauty,5,157.95,0.0,5
O007395,C04697,2024-06-10,Home,3,78.1,0.0,2
O007396,C04538,2024-07-17,Clothing,2,58.48,11.19,3
O007397,C03762,2024-10-05,Clothing,1,67.99,9.0,3
O007398,C00228,2024-02-02,Electronics,6,133.87,0.0,5
O007399,C00874,2024-01-19,Beauty,6,326.59,0.0,4
O007400,C03651,2024-04-30,Home,6,309.92,0.0,6
O007401,C04767,2024-03-09,Sports,3,56.73,11.64,4
O007402,C03429,2024-10-19,Home,2,62.7,6.48,2
O007403,C01292,2024-08-02,Clothing,1,31.91,9.4,2
O007404,C04791,2024-05-02,Clothing,1,15.29,12.82,3
O007405,C02917,2024-10-06,Beauty,3,118.45,0.0,4
O007406,C01028,2024-02-23,Electronics,4,198.55,0.0,3
O007407,C03550,2024-01-21,Electronics,2,78.18,0.0,5
O007408,C00121,2024-04-06,Home,5,212.54,0.0,4
O007409,C00742,2024-12-11,Clothing,5,95.35,0.0,2
O007410,C03882,2024-05-17,Beauty,3,89.13,0.0,2
O007411,C01510,2024-02-11,Clothing,2,73.18,11.67,8
O007412,C01243,2024-09-02,Home,4,135.41,0.0,6
O007413,C04790,2024-01-28,Clothing,3,119.61,0.0,5
O007414,C04353,2024-02-27,Electronics,1,32.93,12.54,2
O007415,C02091,2024-05-06,Electronics,4,143.31,0.0,3
O007416,C02918,2024-09-19,Clothing,1,17.82,12.55,4
O007417,C03782,2024-05-23,Sports,1,40.75,9.4,5
O007418,C01713,2024-04-02,Clothing,1,17.93,6.15,6
O007419,C02636,2024-02-04,Clothing,2,52.28,8.48,3
O007420,C03765,2024-04-01,Beauty,4,118.47,0.0,5
O007421,C00594,2024-09-19,Sports,3,128.64,0.0,7
O007422,C01034,2024-01-14,Beauty,1,37.65,12.36,5
O007423,C02840,2024-11-10,Clothing,5,239.34,0.0,3
O007424,C00212,2024-11-13,Clothing,3,126.23,0.0,4
O007425,C01406,2024-07-20,Electronics,2,82.45,0.0,3
O007426,C03812,2024-11-17,Clothing,2,50.64,8.52,5
O007427,C03077,2024-10-04,Electronics,4,96.62,0.0,3
O007428,C00922,2024-05-23,Clothing,5,235.34,0.0,8
O007429,C02040,2024-12-20,Sports,7,180.09,0.0,2
O007430,C02200,2024-10-25,Clothing,6,210.99,0.0,3
O007431,C04063,2024-12-18,Sports,5,155.16,0.0,4
O007432,C03239,2024-12-19,Clothing,1,41.47,8.76,1
O007433,C01494,2024-09-01,Clothing,3,99.33,0.0,4
O007434,C04174,2024-01-12,Beauty,3,115.68,0.0,2
O007435,C04508,2024-03-11,Clothing,6,206.94,0.0,5
O007436,C01578,2024-07-02,Clothing,2,47.26,12.47,5
O007437,C01598,2024-04-13,Beauty,2,84.71,0.0,4
O007438,C02429,2024-01-11,Beauty,2,73.53,8.1,3
O007439,C02996,2024-07-26,Beauty,5,247.79,0.0,3
O007440,C00313,2024-08-12,Home,5,154.25,0.0,7
O007441,C02443,2024-11-12,Sports,4,76.55,0.0,2
O007442,C03982,2024-09-29,Beauty,5,165.56,0.0,4
O007443,C04076,2024-02-23,Sports,6,156.22,0.0,2
O007444,C00004,2024-06-21,Sports,4,151.05,0.0,4
O007445,C04205,2024-09-03,Sports,3,118.11,0.0,1
O007446,C00886,2024-06-01,Sports,1,37.46,10.04,4
O007447,C04189,2024-04-15,Beauty,4,148.4,0.0,5
O007448,C00192,2024-06-07,Home,4,165.3,0.0,2
O007449,C02381,2024-04-15,Clothing,1,43.75,8.62,5
O007450,C01236,2024-07-11,Home,5,194.89,0.0,7
O007451,C03279,2024-10-21,Sports,2,66.07,8.15,5
O007452,C04723,2024-10-02,Sports,2,78.34,0.0,5
O007453,C03034,2024-03-13,Beauty,1,41.59,6.16,4
O007454,C04669,2024-02-12,Clothing,4,144.88,0.0,5
O007455,C02404,2024-07-12,Beauty,1,29.89,7.18,5
O007456,C04292,2024-05-08,Clothing,4,110.96,0.0,2
O007457,C00262,2024-11-06,Sports,3,81.59,0.0,5
O007458,C02370,2024-04-17,Beauty,5,208.71,0.0,5
O007459,C02468,2024-04-12,Electronics,3,114.23,0.0,4
O007460,C01935,2024-05-12,Home,3,95.79,0.0,3
O007461,C04428,2024-09-06,Home,2,82.82,0.0,5
O007462,C01260,2024-09-26,Home,2,96.32,0.0,3
O007463,C04777,2024-04-12,Clothing,2,42.24,8.79,4
O007464,C02055,2024-10-22,Beauty,1,32.7,9.36,3
O007465,C00534,2024-08-25,Beauty,3,59.6,9.05,5
O007466,C02120,2024-04-17,Electronics,3,84.72,0.0,3
O007467,C01524,2024-05-16,Clothing,3,133.73,0.0,1
O007468,C02666,2024-10-24,Beauty,5,153.04,0.0,5
O007469,C02187,2024-10-15,Clothing,2,21.78,8.06,2
O007470,C03458,2024-01-25,Home,1,37.32,9.52,2
O007471,C02590,2024-04-27,Beauty,1,51.93,7.15,4
O007472,C04420,2024-08-17,Sports,1,53.74,5.01,4
O007473,C01941,2024-11-29,Home,2,125.74,0.0,3
O007474,C03737,2024-09-12,Clothing,5,117.84,0.0,4
O007475,C00073,2024-01-09,Sports,3,149.71,0.0,7
O007476,C02888,2024-04-28,Clothing,8,199.45,0.0,4
O007477,C00988,2024-04-28,Clothing,2,71.45,11.38,6
O007478,C01346,2024-03-31,Clothing,5,82.51,0.0,4
O007479,C03413,2024-06-20,Clothing,5,169.96,0.0,5
O007480,C01787,2024-07-29,Home,1,34.08,6.1,4
O007481,C01032,2024-11-09,Electronics,1,64.63,6.18,5
O007482,C02007,2024-04-25,Clothing,6,242.79,0.0,7
O007483,C01231,2024-10-14,Clothing,3,99.43,0.0,4
O007484,C00411,2024-01-22,Sports,1,30.17,9.77,4
O007485,C02306,2024-12-14,Electronics,3,127.67,0.0,3
O007486,C01820,2024-02-24,Home,5,153.57,0.0,2
O007487,C03093,2024-04-17,Beauty,5,156.67,0.0,2
O007488,C02592,2024-03-17,Home,3,71.56,10.56,5
O007489,C02503,2024-03-01,Clothing,1,52.24,12.36,5
O007490,C00662,2024-05-01,Sports,1,43.32,10.84,4
O007491,C01230,2024-04-01,Home,2,41.65,12.32,4
O007492,C01357,2024-11-18,Home,6,220.43,0.0,5
O007493,C03093,2024-08-09,Electronics,4,150.61,0.0,3
O007494,C01674,2024-05-09,Sports,4,200.1,0.0,4
O007495,C01089,2024-09-04,Clothing,3,138.42,0.0,8
O007496,C03649,2024-04-30,Electronics,3,137.89,0.0,8
O007497,C03551,2024-07-19,Clothing,3,72.38,11.01,6
O007498,C01961,2024-06-09,Beauty,1,57.36,7.73,5
O007499,C03446,2024-09-06,Electronics,3,88.59,0.0,6
O007500,C00500,2024-08-05,Clothing,4,154.67,0.0,1
O007501,C00326,2024-03-03,Clothing,3,110.28,0.0,3
O007502,C04649,2024-08-04,Beauty,2,47.19,8.88,4
O007503,C00888,2024-12-06,Electronics,1,29.48,12.51,2
O007504,C00996,2024-03-04,Sports,2,105.4,0.0,4
O007505,C03674,2024-07-30,Clothing,4,100.06,0.0,3
O007506,C03041,2024-04-29,Clothing,3,112.91,0.0,5
O007507,C00929,2024-03-09,Clothing,1,36.7,11.2,4
O007508,C02969,2024-05-03,Electronics,5,142.83,0.0,2
O007509,C04404,2024-05-24,Sports,3,128.16,0.0,4
O007510,C01923,2024-10-22,Clothing,2,50.68,7.22,8
O007511,C04566,2024-12-23,Electronics,4,113.23,0.0,5
O007512,C03256,2024-05-08,Clothing,5,244.19,0.0,3
O007513,C01655,2024-01-13,Electronics,1,46.57,9.91,2
O007514,C00625,2024-09-30,Electronics,4,162.37,0.0,4
O007515,C04345,2024-03-08,Electronics,1,43.26,10.91,3
O007516,C02372,2024-09-26,Electronics,7,298.05,0.0,4
O007517,C04700,2024-05-12,Home,2,49.71,12.57,5
O007518,C00059,2024-03-02,Clothing,3,132.18,0.0,2
O007519,C02317,2024-06-09,Clothing,3,96.95,0.0,4
O007520,C01278,2024-01-26,Clothing,2,86.11,0.0,2
O007521,C00687,2024-09-03,Home,3,164.44,0.0,3
O007522,C04611,2024-07-07,Sports,5,100.49,0.0,4
O007523,C00533,2024-10-12,Home,4,130.07,0.0,4
O007524,C03176,2024-11-13,Beauty,3,102.39,0.0,5
O007525,C03905,2024-12-02,Sports,2,75.37,0.0,4
O007526,C04498,2024-08-07,Beauty,4,165.0,0.0,6
O007527,C03853,2024-11-21,Clothing,6,205.21,0.0,4
O007528,C03405,2024-09-05,Home,2,99.55,0.0,6
O007529,C02769,2024-03-31,Home,4,166.3,0.0,2
O007530,C02925,2024-02-05,Home,6,258.49,0.0,4
O007531,C02656,2024-01-07,Home,6,182.43,0.0,5
O007532,C02141,2024-11-16,Clothing,1,12.28,11.27,2
O007533,C00574,2024-07-20,Home,4,154.21,0.0,4
O007534,C01566,2024-11-28,Sports,4,119.6,0.0,4
O007535,C01806,2024-02-10,Sports,2,72.77,11.06,3
O007536,C00437,2024-02-01,Electronics,3,86.19,0.0,5
O007537,C03082,2024-05-21,Electronics,2,73.26,10.78,5
O007538,C02504,2024-09-12,Sports,1,62.19,10.63,5
O007539,C02463,2024-06-09,Clothing,1,28.09,11.71,3
O007540,C03590,2024-01-30,Electronics,2,122.98,0.0,5
O007541,C01399,2024-09-18,Clothing,1,35.22,5.76,2
O007542,C01555,2024-01-10,Clothing,1,12.24,7.03,4
O007543,C02752,2024-07-21,Sports,1,5.85,9.95,5
O007544,C02930,2024-12-24,Home,1,19.99,9.35,3
O007545,C04858,2024-10-02,Sports,3,66.54,11.66,4
O007546,C03828,2024-12-10,Home,1,5.0,5.8,3
O007547,C03922,2024-05-03,Home,4,102.24,0.0,3
O007548,C03267,2024-04-27,Electronics,2,67.03,7.78,5
O007549,C02694,2024-09-24,Home,5,154.82,0.0,2
O007550,C02945,2024-10-04,Home,2,52.15,10.96,5
O007551,C03498,2024-03-16,Sports,4,110.19,0.0,4
O007552,C04072,2024-01-14,Clothing,3,80.63,0.0,3
O007553,C04957,2024-04-15,Home,3,128.59,0.0,5
O007554,C01975,2024-06-24,Clothing,4,207.4,0.0,2
O007555,C00867,2024-06-30,Electronics,1,7.52,8.14,4
O007556,C01054,2024-02-05,Sports,1,39.56,12.24,3
O007557,C02535,2024-02-24,Electronics,1,21.31,7.01,3
O007558,C00028,2024-09-26,Clothing,3,43.99,6.06,4
O007559,C03218,2024-01-02,Clothing,4,101.44,0.0,5
O007560,C02336,2024-09-12,Sports,3,101.33,0.0,4
O007561,C04677,2024-01-02,Electronics,1,43.12,10.66,3
O007562,C02998,2024-03-01,Sports,1,34.04,7.96,4
O007563,C02158,2024-12-28,Home,3,91.87,0.0,3
O007564,C02692,2024-04-16,Home,3,143.27,0.0,3
O007565,C03343,2024-05-13,Beauty,2,75.87,0.0,3
O007566,C01556,2024-01-23,Clothing,4,121.94,0.0,2
O007567,C00276,2024-03-13,Clothing,1,34.23,5.28,1
O007568,C02737,2024-12-16,Clothing,1,23.83,5.83,2
O007569,C03683,2024-01-28,Clothing,4,140.58,0.0,5
O007570,C01348,2024-01-25,Home,4,115.07,0.0,5
O007571,C03090,2024-12-20,Sports,3,82.68,0.0,6
O007572,C02173,2024-03-05,Clothing,3,87.14,0.0,4
O007573,C03392,2024-07-12,Beauty,2,39.65,8.84,5
O007574,C00153,2024-07-25,Clothing,3,104.83,0.0,4
O007575,C01605,2024-10-25,Sports,4,190.95,0.0,1
O007576,C02068,2024-02-09,Beauty,6,229.58,0.0,5
O007577,C01827,2024-01-23,Clothing,2,64.03,11.8,2
O007578,C00247,2024-06-25,Home,5,75.26,0.0,3
O007579,C01371,2024-09-20,Home,6,195.68,0.0,6
O007580,C03548,2024-05-07,Home,1,34.07,12.71,2
O007581,C01692,2024-09-19,Electronics,1,32.58,9.85,1
O007582,C02151,2024-10-03,Sports,2,79.1,0.0,6
O007583,C02645,2024-02-04,Clothing,4,181.03,0.0,1
O007584,C03391,2024-04-10,Beauty,1,24.37,8.15,1
O007585,C02399,2024-08-12,Home,7,254.05,0.0,2
O007586,C02282,2024-08-16,Beauty,2,85.97,0.0,4
O007587,C01671,2024-04-08,Beauty,6,363.41,0.0,5
O007588,C00037,2024-03-22,Home,4,114.85,0.0,5
O007589,C03417,2024-11-12,Home,5,211.39,0.0,5
O007590,C01628,2024-11-25,Sports,3,141.43,0.0,3
O007591,C02340,2024-07-14,Electronics,1,23.12,7.35,6
O007592,C01372,2024-12-30,Electronics,2,63.49,10.66,5
O007593,C00677,2024-03-08,Home,6,222.74,0.0,3
O007594,C00253,2024-09-29,Home,5,191.9,0.0,4
O007595,C02865,2024-10-25,Clothing,3,102.55,0.0,7
O007596,C01617,2024-12-24,Home,3,103.61,0.0,4
O007597,C02017,2024-12-09,Home,1,29.56,9.33,8
O007598,C02232,2024-12-24,Clothing,3,81.08,0.0,1
O007599,C00761,2024-05-20,Clothing,5,152.41,0.0,3
O007600,C03287,2024-07-03,Clothing,1,50.29,5.56,3
O007601,C00393,2024-06-02,Clothing,3,92.93,0.0,2
O007602,C03092,2024-07-07,Home,2,53.99,10.98,2
O007603,C03543,2024-03-02,Electronics,3,147.11,0.0,4
O007604,C00431,2024-01-19,Clothing,2,46.21,11.17,3
O007605,C03731,2024-03-21,Sports,4,201.19,0.0,4
O007606,C00997,2024-01-30,Home,1,11.52,12.46,3
O007607,C01092,2024-05-06,Clothing,1,23.58,8.03,3
O007608,C01101,2024-08-05,Sports,4,143.28,0.0,1
O007609,C00102,2024-01-13,Clothing,1,20.3,7.54,5
O007610,C02700,2024-06-25,Home,8,216.78,0.0,6
O007611,C00893,2024-12-03,Electronics,1,23.67,9.53,4
O007612,C02261,2024-04-30,Clothing,3,92.77,0.0,4
O007613,C01789,2024-06-27,Beauty,2,71.92,12.92,2
O007614,C02181,2024-04-20,Electronics,4,108.41,0.0,1
O007615,C03097,2024-01-09,Beauty,5,229.6,0.0,4
O007616,C04568,2024-08-09,Electronics,3,56.69,12.8,2
O007617,C03685,2024-10-11,Sports,6,207.75,0.0,6
O007618,C01781,2024-12-14,Beauty,2,111.96,0.0,5
O007619,C03615,2024-04-19,Beauty,2,67.02,5.94,5
O007620,C04014,2024-05-15,Clothing,5,194.92,0.0,2
O007621,C01280,2024-04-17,Electronics,1,18.39,8.8,3
O007622,C04009,2024-12-02,Home,2,52.56,8.67,6
O007623,C03287,2024-07-22,Home,6,139.24,0.0,3
O007624,C02682,2024-01-15,Home,1,16.11,8.08,3
O007625,C04518,2024-06-10,Beauty,6,187.8,0.0,5
O007626,C02629,2024-07-13,Electronics,3,172.68,0.0,4
O007627,C00539,2024-09-17,Clothing,3,118.77,0.0,3
O007628,C01781,2024-12-19,Electronics,1,34.11,7.73,4
O007629,C03527,2024-01-09,Home,1,68.68,7.0,6
O007630,C02349,2024-08-03,Home,1,13.19,6.7,5
O007631,C01961,2024-09-17,Clothing,3,103.35,0.0,5
O007632,C03092,2024-04-22,Electronics,1,49.19,11.52,5
O007633,C03563,2024-04-26,Electronics,2,70.35,6.73,6
O007634,C04902,2024-12-05,Electronics,1,6.04,12.16,6
O007635,C02305,2024-02-16,Sports,5,154.72,0.0,2
O007636,C02501,2024-11-13,Sports,5,176.7,0.0,4
O007637,C02486,2024-10-27,Clothing,9,420.02,0.0,3
O007638,C02446,2024-11-17,Home,1,11.22,9.24,4
O007639,C00649,2024-10-05,Beauty,1,26.64,8.65,6
O007640,C02270,2024-04-07,Clothing,1,27.56,6.45,6
O007641,C03816,2024-04-02,Beauty,1,22.35,11.08,2
O007642,C01552,2024-10-25,Clothing,3,97.67,0.0,3
O007643,C04722,2024-09-08,Beauty,1,40.77,11.56,3
O007644,C04872,2024-06-11,Clothing,1,39.09,6.53,5
O007645,C01303,2024-06-06,Home,3,77.32,0.0,5
O007646,C02633,2024-03-07,Beauty,2,65.26,10.38,6
O007647,C02533,2024-05-17,Electronics,3,110.91,0.0,5
O007648,C01269,2024-11-07,Clothing,3,100.87,0.0,3
O007649,C01774,2024-10-16,Home,5,228.16,0.0,3
O007650,C03090,2024-03-05,Clothing,3,68.04,8.38,5
O007651,C03628,2024-09-18,Home,4,93.21,0.0,5
O007652,C01167,2024-07-16,Electronics,1,40.73,7.68,6
O007653,C02549,2024-06-19,Electronics,3,105.72,0.0,8
O007654,C01551,2024-01-16,Electronics,4,187.33,0.0,4
O007655,C02141,2024-07-09,Clothing,2,41.66,7.39,5
O007656,C03521,2024-01-25,Beauty,3,117.85,0.0,6
O007657,C03655,2024-09-06,Clothing,3,142.57,0.0,4
O007658,C00621,2024-01-27,Electronics,2,44.8,7.07,4
O007659,C02524,2024-06-18,Clothing,4,134.24,0.0,2
O007660,C04768,2024-04-26,Sports,6,292.93,0.0,5
O007661,C04897,2024-02-24,Home,2,96.23,0.0,4
O007662,C00171,2024-12-28,Sports,2,57.09,9.47,4
O007663,C02420,2024-01-26,Beauty,3,122.52,0.0,4
O007664,C02780,2024-09-28,Electronics,2,71.14,12.05,1
O007665,C01417,2024-12-30,Clothing,5,149.59,0.0,4
O007666,C00939,2024-04-17,Home,3,143.53,0.0,4
O007667,C04931,2024-03-30,Clothing,3,90.1,0.0,1
O007668,C02032,2024-12-22,Clothing,4,137.91,0.0,4
O007669,C03178,2024-05-01,Beauty,6,111.24,0.0,2
O007670,C02772,2024-12-10,Clothing,2,33.3,12.96,3
O007671,C03797,2024-08-30,Clothing,4,179.94,0.0,2
O007672,C02885,2024-09-25,Clothing,3,178.46,0.0,5
O007673,C01732,2024-09-08,Electronics,5,183.59,0.0,2
O007674,C01273,2024-03-15,Electronics,2,80.21,0.0,4
O007675,C01753,2024-04-21,Home,1,19.84,5.71,5
O007676,C01957,2024-05-30,Beauty,4,158.11,0.0,3
O007677,C03488,2024-09-26,Clothing,6,194.79,0.0,3
O007678,C01692,2024-04-07,Electronics,1,39.9,10.71,3
O007679,C04166,2024-12-25,Electronics,2,5.0,9.3,2
O007680,C01258,2024-09-11,Home,3,136.22,0.0,3
O007681,C00432,2024-06-16,Home,1,20.4,6.38,6
O007682,C04266,2024-09-06,Beauty,1,34.91,5.93,5
O007683,C02084,2024-11-15,Clothing,1,66.46,5.14,2
O007684,C03906,2024-09-02,Sports,3,105.36,0.0,5
O007685,C04355,2024-07-31,Clothing,3,128.29,0.0,4
O007686,C02299,2024-10-02,Beauty,2,43.06,7.58,4
O007687,C02105,2024-11-29,Electronics,2,84.11,0.0,6
O007688,C01185,2024-10-06,Electronics,2,31.73,5.53,5
O007689,C00437,2024-02-15,Beauty,1,31.14,6.24,3
O007690,C04326,2024-01-18,Clothing,2,81.89,0.0,3
O007691,C04927,2024-09-02,Electronics,3,104.27,0.0,3
O007692,C04937,2024-12-15,Sports,2,84.25,0.0,3
O007693,C04716,2024-08-07,Clothing,4,158.69,0.0,1
O007694,C02400,2024-06-24,Beauty,2,78.78,0.0,4
O007695,C00622,2024-08-21,Home,1,32.62,8.7,4
O007696,C03714,2024-05-28,Beauty,4,89.77,0.0,7
O007697,C00635,2024-04-07,Clothing,1,53.66,12.73,6
O007698,C03013,2024-01-05,Electronics,3,94.03,0.0,2
O007699,C01994,2024-06-07,Clothing,2,87.32,0.0,6
O007700,C02676,2024-03-27,Electronics,5,160.23,0.0,6
O007701,C02341,2024-08-18,Home,3,75.86,0.0,3
O007702,C01410,2024-04-29,Clothing,6,242.86,0.0,4
O007703,C03817,2024-06-20,Sports,3,132.6,0.0,4
O007704,C00829,2024-03-04,Home,4,202.49,0.0,5
O007705,C02282,2024-04-03,Electronics,5,179.49,0.0,6
O007706,C00537,2024-06-18,Clothing,4,147.69,0.0,3
O007707,C01403,2024-08-22,Clothing,4,242.37,0.0,5
O007708,C00805,2024-04-30,Clothing,6,221.11,0.0,1
O007709,C03282,2024-04-09,Home,4,200.79,0.0,4
O007710,C00852,2024-05-14,Beauty,2,130.74,0.0,4
O007711,C02226,2024-11-10,Electronics,2,102.15,0.0,6
O007712,C00556,2024-03-09,Home,4,120.64,0.0,3
O007713,C03144,2024-07-16,Sports,4,126.42,0.0,4
O007714,C04324,2024-10-31,Clothing,1,62.77,5.64,5
O007715,C01865,2024-07-24,Beauty,3,42.5,7.83,4
O007716,C04350,2024-01-11,Clothing,3,134.9,0.0,4
O007717,C02095,2024-12-22,Electronics,3,72.63,12.78,3
O007718,C03479,2024-05-09,Home,2,71.5,6.56,5
O007719,C02931,2024-08-10,Sports,3,111.28,0.0,5
O007720,C02628,2024-04-19,Beauty,2,70.25,8.91,3
O007721,C00254,2024-01-27,Beauty,5,131.66,0.0,4
O007722,C03521,2024-11-15,Sports,3,118.96,0.0,7
O007723,C00059,2024-07-12,Home,4,186.26,0.0,1
O007724,C03703,2024-12-11,Beauty,1,47.46,5.69,5
O007725,C01722,2024-01-16,Beauty,4,199.61,0.0,1
O007726,C02608,2024-03-13,Sports,3,130.45,0.0,5
O007727,C00265,2024-04-25,Electronics,1,33.76,9.56,5
O007728,C01708,2024-07-19,Electronics,4,167.16,0.0,2
O007729,C03215,2024-05-12,Sports,2,27.4,11.83,5
O007730,C02294,2024-06-12,Sports,5,236.36,0.0,2
O007731,C03288,2024-01-07,Clothing,4,139.49,0.0,7
O007732,C02485,2024-03-01,Electronics,1,43.2,9.12,3
O007733,C02736,2024-12-17,Home,2,71.17,10.09,6
O007734,C02524,2024-04-29,Sports,3,78.01,0.0,4
O007735,C03456,2024-01-31,Clothing,2,96.39,0.0,4
O007736,C00938,2024-02-17,Sports,5,172.84,0.0,4
O007737,C00878,2024-03-31,Beauty,2,74.35,8.01,5
O007738,C02705,2024-01-06,Beauty,3,108.8,0.0,2
O007739,C00547,2024-10-11,Home,1,45.94,7.34,3
O007740,C02463,2024-03-24,Electronics,3,103.72,0.0,5
O007741,C03204,2024-05-18,Beauty,2,88.57,0.0,4
O007742,C04494,2024-10-01,Sports,4,173.1,0.0,4
O007743,C03579,2024-11-25,Beauty,3,73.18,5.89,4
O007744,C03632,2024-05-12,Clothing,3,88.17,0.0,4
O007745,C02216,2024-04-12,Home,3,124.42,0.0,5
O007746,C03847,2024-11-21,Electronics,5,107.7,0.0,3
O007747,C00230,2024-04-04,Beauty,3,192.92,0.0,6
O007748,C04799,2024-01-18,Sports,1,32.22,12.98,6
O007749,C01428,2024-01-21,Beauty,6,350.84,0.0,5
O007750,C01700,2024-01-06,Clothing,2,89.66,0.0,5
O007751,C03970,2024-01-24,Electronics,1,22.35,9.55,4
O007752,C03066,2024-08-12,Home,3,81.34,0.0,5
O007753,C02146,2024-02-29,Sports,3,172.31,0.0,2
O007754,C00007,2024-10-10,Home,4,127.84,0.0,3
O007755,C04273,2024-08-07,Clothing,1,45.98,9.7,4
O007756,C01230,2024-11-25,Clothing,2,86.81,0.0,2
O007757,C04395,2024-10-05,Sports,1,58.04,10.02,2
O007758,C01824,2024-11-30,Electronics,1,29.2,9.05,4
O007759,C03985,2024-02-15,Clothing,1,24.4,7.81,8
O007760,C02277,2024-10-19,Clothing,3,139.34,0.0,2
O007761,C02944,2024-05-21,Clothing,1,23.9,7.62,6
O007762,C00631,2024-10-30,Beauty,1,63.04,11.22,3
O007763,C00270,2024-03-18,Electronics,1,46.37,8.74,3
O007764,C04177,2024-07-17,Electronics,3,177.52,0.0,5
O007765,C03772,2024-04-24,Clothing,3,103.14,0.0,6
O007766,C04916,2024-02-05,Beauty,3,104.19,0.0,6
O007767,C00501,2024-02-29,Clothing,3,49.83,5.67,4
O007768,C02751,2024-09-01,Beauty,3,81.4,0.0,5
O007769,C01313,2024-03-19,Electronics,2,92.03,0.0,1
O007770,C02154,2024-07-09,Clothing,5,227.16,0.0,7
O007771,C04737,2024-04-06,Electronics,3,86.0,0.0,6
O007772,C00609,2024-10-30,Sports,3,111.55,0.0,4
O007773,C03044,2024-05-29,Sports,1,18.5,7.79,6
O007774,C01664,2024-02-12,Sports,4,105.28,0.0,2
O007775,C03295,2024-10-23,Beauty,6,199.85,0.0,3
O007776,C01998,2024-11-14,Electronics,2,34.54,5.72,3
O007777,C02430,2024-08-05,Sports,7,301.76,0.0,5
O007778,C04200,2024-07-25,Electronics,1,42.09,5.11,4
O007779,C02712,2024-05-25,Home,1,52.25,11.83,1
O007780,C03186,2024-11-23,Sports,2,32.39,7.08,5
O007781,C01532,2024-09-15,Electronics,2,95.36,0.0,2
O007782,C04217,2024-02-23,Electronics,3,98.6,0.0,4
O007783,C03707,2024-04-28,Sports,4,141.21,0.0,5
O007784,C03075,2024-08-30,Home,7,281.3,0.0,5
O007785,C04503,2024-05-21,Clothing,1,57.51,5.45,4
O007786,C00676,2024-10-16,Clothing,5,167.38,0.0,5
O007787,C01655,2024-05-06,Home,3,116.23,0.0,6
O007788,C04528,2024-08-12,Sports,3,145.38,0.0,5
O007789,C04157,2024-08-16,Electronics,2,53.56,12.52,5
O007790,C03545,2024-08-28,Clothing,2,43.3,9.73,5
O007791,C03819,2024-09-13,Clothing,4,219.82,0.0,3
O007792,C03444,2024-09-01,Beauty,4,114.09,0.0,3
O007793,C01048,2024-06-24,Beauty,2,49.55,6.75,4
O007794,C02454,2024-12-20,Home,4,129.48,0.0,5
O007795,C01332,2024-01-10,Electronics,1,72.9,12.21,4
O007796,C04083,2024-03-23,Beauty,1,61.46,12.63,4
O007797,C02661,2024-05-18,Beauty,4,186.67,0.0,6
O007798,C02263,2024-04-28,Beauty,2,36.59,5.85,6
O007799,C04358,2024-05-06,Sports,2,33.51,12.64,4
O007800,C00764,2024-04-08,Home,1,56.84,9.94,2
O007801,C02368,2024-03-06,Home,1,22.75,7.22,2
O007802,C03409,2024-09-15,Sports,3,150.86,0.0,4
O007803,C01685,2024-05-22,Sports,1,74.59,5.68,6
O007804,C04465,2024-02-28,Beauty,6,221.4,0.0,2
O007805,C00870,2024-08-31,Electronics,6,237.6,0.0,2
O007806,C02734,2024-12-26,Home,2,41.32,7.23,4
O007807,C00914,2024-07-10,Sports,1,5.0,7.66,4
O007808,C03132,2024-12-13,Beauty,3,123.6,0.0,6
O007809,C01631,2024-05-09,Home,6,327.2,0.0,4
O007810,C00543,2024-06-06,Home,3,66.53,5.23,4
O007811,C02204,2024-06-14,Home,1,36.07,9.67,3
O007812,C02936,2024-09-17,Home,3,129.76,0.0,4
O007813,C00752,2024-05-12,Sports,2,25.66,11.56,5
O007814,C02112,2024-01-12,Beauty,3,68.93,7.92,4
O007815,C00421,2024-05-11,Clothing,2,29.31,6.43,3
O007816,C02371,2024-06-01,Electronics,4,126.7,0.0,4
O007817,C01487,2024-10-08,Sports,2,57.97,7.66,3
O007818,C00547,2024-02-24,Electronics,3,105.24,0.0,7
O007819,C04962,2024-09-12,Clothing,1,40.21,10.18,4
O007820,C02558,2024-05-05,Home,3,135.07,0.0,6
O007821,C01572,2024-02-15,Clothing,5,204.06,0.0,3
O007822,C00454,2024-06-22,Clothing,3,141.71,0.0,6
O007823,C02692,2024-10-25,Clothing,3,92.94,0.0,6
O007824,C01758,2024-01-21,Sports,8,208.44,0.0,4
O007825,C04775,2024-09-11,Beauty,4,164.12,0.0,7
O007826,C04370,2024-06-13,Clothing,4,123.71,0.0,5
O007827,C00060,2024-09-24,Sports,3,101.0,0.0,5
O007828,C04438,2024-04-10,Home,4,175.34,0.0,5
O007829,C01418,2024-05-28,Home,5,125.53,0.0,4
O007830,C02161,2024-05-20,Home,3,36.53,8.02,6
O007831,C01339,2024-02-02,Sports,3,90.42,0.0,5
O007832,C00467,2024-08-23,Beauty,4,236.52,0.0,4
O007833,C02311,2024-07-16,Sports,2,50.01,12.98,3
O007834,C02472,2024-08-22,Beauty,3,75.23,0.0,4
O007835,C00720,2024-11-27,Sports,4,116.31,0.0,3
O007836,C01236,2024-04-29,Sports,2,80.47,0.0,3
O007837,C00563,2024-06-06,Home,5,130.07,0.0,5
O007838,C00983,2024-02-06,Electronics,4,258.18,0.0,2
O007839,C02967,2024-12-03,Home,2,33.92,9.85,3
O007840,C02336,2024-05-23,Home,2,75.5,0.0,4
O007841,C04521,2024-02-14,Clothing,2,101.91,0.0,3
O007842,C04650,2024-07-17,Clothing,5,201.46,0.0,5
O007843,C04855,2024-08-25,Clothing,2,114.56,0.0,3
O007844,C01731,2024-05-08,Clothing,2,125.04,0.0,6
O007845,C04340,2024-06-29,Home,4,182.05,0.0,4
O007846,C03048,2024-01-28,Electronics,4,58.65,12.79,5
O007847,C01358,2024-10-26,Clothing,3,78.5,0.0,4
O007848,C02376,2024-03-07,Sports,4,88.31,0.0,4
O007849,C02763,2024-08-29,Clothing,3,92.08,0.0,1
O007850,C01786,2024-12-28,Electronics,2,68.14,8.54,5
O007851,C01963,2024-08-31,Electronics,1,50.48,7.71,3
O007852,C01189,2024-06-15,Beauty,3,150.08,0.0,4
O007853,C02679,2024-09-22,Home,2,64.86,10.87,7
O007854,C03008,2024-02-20,Clothing,4,78.12,0.0,2
O007855,C03124,2024-04-18,Clothing,5,208.88,0.0,5
O007856,C03144,2024-11-30,Electronics,3,63.62,7.87,7
O007857,C02801,2024-05-13,Electronics,5,205.29,0.0,4
O007858,C00324,2024-06-15,Clothing,4,110.19,0.0,4
O007859,C03684,2024-03-20,Clothing,3,93.48,0.0,5
O007860,C02203,2024-12-03,Electronics,6,132.98,0.0,4
O007861,C01795,2024-04-08,Clothing,1,32.62,12.59,1
O007862,C02249,2024-06-01,Electronics,6,169.6,0.0,6
O007863,C02343,2024-10-15,Beauty,2,60.71,11.97,7
O007864,C03394,2024-03-23,Home,1,5.0,11.36,5
O007865,C03401,2024-04-11,Clothing,5,139.12,0.0,4
O007866,C01976,2024-11-26,Clothing,3,137.38,0.0,4
O007867,C03046,2024-08-18,Electronics,2,74.28,12.06,4
O007868,C01308,2024-09-08,Beauty,1,33.84,5.82,6
O007869,C01456,2024-12-23,Clothing,3,118.58,0.0,5
O007870,C00963,2024-11-16,Beauty,3,139.67,0.0,5
O007871,C01718,2024-01-25,Sports,1,6.15,10.44,4
O007872,C02430,2024-02-26,Home,4,163.79,0.0,6
O007873,C02540,2024-10-28,Electronics,2,60.63,7.31,4
O007874,C03619,2024-04-09,Home,1,43.74,8.91,4
O007875,C02379,2024-04-28,Clothing,8,321.01,0.0,3
O007876,C00875,2024-05-30,Home,2,96.71,0.0,1
O007877,C03671,2024-03-20,Beauty,4,149.44,0.0,5
O007878,C02206,2024-11-26,Home,2,53.0,9.86,4
O007879,C04528,2024-05-29,Home,2,64.75,5.49,4
O007880,C01140,2024-12-24,Home,1,23.97,5.47,3
O007881,C03592,2024-05-05,Clothing,2,111.0,0.0,4
O007882,C04715,2024-10-15,Beauty,2,64.67,5.56,5
O007883,C04715,2024-02-10,Clothing,2,79.41,0.0,4
O007884,C02674,2024-07-08,Home,2,56.43,10.88,3
O007885,C04531,2024-03-03,Clothing,3,114.8,0.0,3
O007886,C01546,2024-07-23,Home,1,29.61,9.25,5
O007887,C02844,2024-12-06,Clothing,1,17.29,12.64,4
O007888,C04668,2024-07-22,Clothing,5,82.26,0.0,6
O007889,C00266,2024-06-27,Electronics,1,35.43,7.2,2
O007890,C00102,2024-12-11,Sports,1,32.86,8.54,6
O007891,C02757,2024-11-16,Electronics,1,40.73,11.55,4
O007892,C03974,2024-04-14,Electronics,1,13.4,10.26,4
O007893,C01535,2024-11-08,Electronics,1,48.96,8.55,4
O007894,C02270,2024-03-26,Sports,7,204.89,0.0,6
O007895,C02963,2024-11-23,Sports,5,248.03,0.0,7
O007896,C02484,2024-09-07,Sports,2,97.22,0.0,4
O007897,C01214,2024-12-03,Home,4,197.57,0.0,1
O007898,C04736,2024-01-04,Sports,5,170.82,0.0,4
O007899,C02993,2024-11-16,Clothing,2,43.09,6.82,5
O007900,C04430,2024-07-02,Sports,2,52.5,11.8,3
O007901,C00907,2024-06-29,Electronics,4,144.2,0.0,4
O007902,C01582,2024-10-26,Clothing,3,65.43,8.79,6
O007903,C01605,2024-01-16,Home,2,95.79,0.0,1
O007904,C00570,2024-04-03,Sports,4,103.06,0.0,3
O007905,C01546,2024-10-05,Clothing,5,244.53,0.0,6
O007906,C00909,2024-06-04,Sports,7,204.08,0.0,7
O007907,C04463,2024-12-22,Sports,2,36.03,9.46,6
O007908,C04084,2024-01-16,Electronics,3,98.25,0.0,3
O007909,C03341,2024-02-10,Sports,2,72.91,11.77,2
O007910,C02426,2024-05-16,Beauty,4,119.31,0.0,3
O007911,C03219,2024-09-14,Home,3,35.92,12.92,5
O007912,C02166,2024-02-12,Electronics,4,202.16,0.0,3
O007913,C01014,2024-03-06,Home,2,87.06,0.0,5
O007914,C03207,2024-12-17,Home,3,127.81,0.0,6
O007915,C01873,2024-07-26,Clothing,1,32.19,12.66,5
O007916,C04910,2024-09-01,Home,1,11.53,7.48,4
O007917,C00206,2024-08-30,Beauty,2,84.81,0.0,4
O007918,C00816,2024-03-17,Clothing,3,133.34,0.0,4
O007919,C00066,2024-08-06,Electronics,3,85.16,0.0,2
O007920,C04046,2024-08-10,Electronics,4,116.59,0.0,4
O007921,C02052,2024-12-18,Clothing,3,87.58,0.0,2
O007922,C00003,2024-01-21,Electronics,2,54.71,6.05,4
O007923,C00325,2024-05-26,Electronics,2,43.35,12.81,3
O007924,C00605,2024-11-08,Sports,4,142.06,0.0,2
O007925,C04892,2024-03-17,Sports,4,150.94,0.0,2
O007926,C02583,2024-11-11,Clothing,3,97.6,0.0,5
O007927,C02647,2024-12-20,Beauty,4,170.48,0.0,2
O007928,C03123,2024-02-04,Beauty,3,124.67,0.0,5
O007929,C03115,2024-05-05,Clothing,1,53.71,12.53,3
O007930,C03276,2024-11-18,Home,2,66.02,5.75,4
O007931,C00347,2024-08-19,Beauty,3,127.57,0.0,5
O007932,C04155,2024-03-27,Beauty,3,143.96,0.0,6
O007933,C02728,2024-10-30,Electronics,4,107.78,0.0,3
O007934,C02559,2024-07-06,Clothing,2,73.59,8.52,5
O007935,C03390,2024-02-14,Electronics,4,141.35,0.0,5
O007936,C03444,2024-11-26,Clothing,1,63.53,12.44,3
O007937,C02255,2024-11-19,Electronics,1,10.06,11.37,3
O007938,C00111,2024-12-13,Sports,4,137.61,0.0,7
O007939,C00023,2024-03-12,Home,2,116.02,0.0,3
O007940,C03817,2024-08-03,Electronics,4,198.34,0.0,4
O007941,C01964,2024-04-07,Home,1,24.83,6.89,2
O007942,C04883,2024-09-27,Home,2,79.96,0.0,2
O007943,C01708,2024-03-31,Beauty,4,226.09,0.0,2
O007944,C03083,2024-05-21,Home,5,224.2,0.0,6
O007945,C03816,2024-04-26,Beauty,2,73.45,5.69,5
O007946,C00747,2024-01-02,Clothing,1,5.0,7.78,7
O007947,C00515,2024-02-12,Home,3,113.07,0.0,3
O007948,C03040,2024-03-11,Sports,1,34.44,10.96,4
O007949,C02857,2024-05-23,Electronics,4,138.56,0.0,5
O007950,C02342,2024-12-07,Clothing,1,20.3,10.51,3
O007951,C00325,2024-09-02,Beauty,3,152.65,0.0,3
O007952,C03363,2024-10-10,Clothing,3,102.88,0.0,5
O007953,C03491,2024-11-22,Electronics,2,82.9,0.0,7
O007954,C02508,2024-08-01,Electronics,5,103.9,0.0,1
O007955,C03179,2024-04-16,Home,2,92.77,0.0,2
O007956,C03325,2024-09-19,Electronics,6,115.41,0.0,2
O007957,C01563,2024-10-20,Electronics,1,29.46,6.79,6
O007958,C01545,2024-06-24,Clothing,3,143.39,0.0,2
O007959,C03230,2024-04-16,Home,6,264.71,0.0,4
O007960,C00526,2024-03-26,Electronics,3,55.43,8.61,2
O007961,C04634,2024-08-14,Electronics,4,181.02,0.0,6
O007962,C01750,2024-03-22,Clothing,1,54.32,7.02,5
O007963,C04723,2024-11-24,Clothing,3,102.26,0.0,4
O007964,C00841,2024-08-28,Beauty,4,186.42,0.0,4
O007965,C02266,2024-01-02,Home,2,81.73,0.0,3
O007966,C04689,2024-09-07,Beauty,4,151.01,0.0,5
O007967,C00713,2024-02-11,Beauty,3,94.85,0.0,6
O007968,C00067,2024-03-21,Beauty,4,144.76,0.0,3
O007969,C00761,2024-09-18,Beauty,3,154.27,0.0,8
O007970,C00465,2024-07-15,Electronics,2,109.2,0.0,5
O007971,C04192,2024-09-04,Home,6,311.22,0.0,7
O007972,C04504,2024-11-25,Clothing,2,75.34,0.0,5
O007973,C03190,2024-10-22,Electronics,4,136.98,0.0,4
O007974,C04900,2024-02-05,Electronics,3,97.25,0.0,3
O007975,C01468,2024-04-12,Beauty,3,145.27,0.0,2
O007976,C04853,2024-10-29,Sports,2,72.91,11.75,3
O007977,C02761,2024-04-07,Clothing,5,177.8,0.0,5
O007978,C04457,2024-05-24,Electronics,1,63.58,9.15,4
O007979,C01394,2024-10-08,Home,5,199.76,0.0,6
O007980,C03694,2024-05-06,Home,2,60.63,9.9,3
O007981,C04308,2024-10-30,Home,6,177.88,0.0,6
O007982,C01700,2024-10-09,Clothing,2,79.81,0.0,3
O007983,C01121,2024-10-28,Electronics,1,19.75,6.64,2
O007984,C01572,2024-03-07,Home,6,149.85,0.0,4
O007985,C04874,2024-05-26,Clothing,1,69.37,10.89,4
O007986,C00729,2024-11-23,Home,4,239.86,0.0,1
O007987,C03505,2024-03-21,Beauty,4,142.46,0.0,5
O007988,C00616,2024-09-09,Beauty,2,65.21,9.97,5
O007989,C00371,2024-08-29,Clothing,5,162.8,0.0,5
O007990,C03465,2024-03-05,Clothing,5,70.31,7.7,4
O007991,C04728,2024-03-11,Home,1,37.3,11.84,5
O007992,C04857,2024-02-05,Electronics,4,150.17,0.0,5
O007993,C04943,2024-03-07,Clothing,5,198.38,0.0,4
O007994,C00948,2024-03-23,Clothing,8,307.55,0.0,2
O007995,C01120,2024-06-18,Clothing,3,58.83,12.77,3
O007996,C01456,2024-03-07,Electronics,1,46.62,10.05,7
O007997,C02549,2024-04-07,Home,1,74.19,10.8,5
O007998,C02423,2024-11-20,Clothing,4,191.31,0.0,6
O007999,C03612,2024-10-19,Beauty,1,5.0,9.39,4
O008000,C02547,2024-09-06,Clothing,3,136.51,0.0,4
O008001,C01341,2024-10-28,Clothing,1,22.13,8.78,2
O008002,C03846,2024-07-26,Clothing,4,156.75,0.0,2
O008003,C01519,2024-11-07,Sports,1,15.78,12.26,4
O008004,C01960,2024-03-03,Electronics,1,35.04,11.19,5
O008005,C00711,2024-03-18,Clothing,3,118.58,0.0,3
O008006,C04571,2024-01-30,Home,2,103.42,0.0,3
O008007,C00574,2024-12-17,Home,2,68.01,11.7,4
O008008,C02844,2024-09-07,Clothing,2,78.13,0.0,3
O008009,C00508,2024-11-14,Clothing,1,41.19,6.76,4
O008010,C02223,2024-04-24,Beauty,3,101.5,0.0,2
O008011,C04788,2024-12-30,Beauty,3,127.78,0.0,3
O008012,C01295,2024-11-27,Clothing,3,68.75,6.74,7
O008013,C01698,2024-08-06,Clothing,7,211.71,0.0,5
O008014,C00788,2024-06-02,Home,1,55.37,10.82,4
O008015,C03790,2024-08-08,Clothing,3,178.96,0.0,3
O008016,C04668,2024-01-23,Home,1,19.88,10.18,6
O008017,C02234,2024-08-01,Electronics,7,300.24,0.0,2
O008018,C00587,2024-05-27,Clothing,4,158.39,0.0,7
O008019,C03166,2024-12-23,Home,3,5.0,11.83,5
O008020,C03651,2024-10-28,Sports,4,119.73,0.0,4
O008021,C04610,2024-07-26,Beauty,5,116.04,0.0,2
O008022,C03250,2024-06-07,Beauty,6,201.71,0.0,4
O008023,C02702,2024-11-02,Electronics,3,76.49,0.0,5
O008024,C04037,2024-06-15,Sports,1,42.59,7.25,5
O008025,C00556,2024-03-03,Sports,7,184.61,0.0,5
O008026,C01710,2024-11-20,Clothing,3,85.01,0.0,2
O008027,C03976,2024-10-02,Beauty,4,102.65,0.0,4
O008028,C04391,2024-01-23,Home,3,164.0,0.0,2
O008029,C03308,2024-08-11,Clothing,1,45.31,7.2,3
O008030,C01511,2024-07-19,Electronics,1,35.93,6.75,4
O008031,C02587,2024-10-09,Clothing,7,240.06,0.0,3
O008032,C03547,2024-12-12,Clothing,3,86.89,0.0,3
O008033,C04077,2024-12-01,Electronics,3,134.42,0.0,4
O008034,C03507,2024-08-02,Beauty,4,130.68,0.0,5
O008035,C04344,2024-09-21,Beauty,1,58.43,11.92,3
O008036,C03634,2024-08-16,Clothing,3,94.55,0.0,6
O008037,C02407,2024-08-14,Home,1,39.08,8.11,6
O008038,C01462,2024-11-22,Beauty,4,195.41,0.0,5
O008039,C02172,2024-11-30,Electronics,4,118.5,0.0,3
O008040,C00403,2024-10-03,Home,3,90.67,0.0,2
O008041,C00284,2024-08-17,Home,4,129.28,0.0,1
O008042,C00241,2024-12-21,Clothing,4,135.29,0.0,4
O008043,C04263,2024-08-02,Beauty,3,136.65,0.0,6
O008044,C04657,2024-06-05,Home,4,174.41,0.0,3
O008045,C02196,2024-01-13,Electronics,1,24.07,12.48,5
O008046,C00701,2024-07-15,Home,1,5.0,11.05,6
O008047,C02671,2024-04-20,Clothing,1,29.51,11.65,5
O008048,C01920,2024-04-12,Home,2,65.69,9.53,5
O008049,C04361,2024-04-12,Home,6,165.93,0.0,2
O008050,C02549,2024-06-18,Clothing,4,157.18,0.0,5
O008051,C02327,2024-04-18,Clothing,3,83.47,0.0,5
O008052,C02797,2024-05-05,Clothing,1,12.99,5.63,3
O008053,C02207,2024-08-22,Beauty,2,126.23,0.0,5
O008054,C04595,2024-05-27,Sports,1,18.16,8.77,4
O008055,C01611,2024-06-19,Beauty,4,95.65,0.0,3
O008056,C00488,2024-01-01,Clothing,3,117.5,0.0,2
O008057,C00465,2024-02-09,Home,4,193.25,0.0,5
O008058,C04324,2024-08-24,Clothing,2,26.63,7.35,2
O008059,C00666,2024-01-07,Electronics,7,285.41,0.0,7
O008060,C01490,2024-06-11,Clothing,4,151.68,0.0,3
O008061,C00799,2024-10-16,Electronics,1,5.0,8.82,4
O008062,C02801,2024-11-20,Beauty,3,43.87,7.44,2
O008063,C03299,2024-06-05,Sports,2,48.91,5.98,4
O008064,C03241,2024-04-23,Sports,3,120.15,0.0,4
O008065,C03356,2024-04-21,Beauty,8,295.01,0.0,4
O008066,C03930,2024-09-13,Electronics,2,67.44,9.93,3
O008067,C04358,2024-03-13,Home,3,124.31,0.0,5
O008068,C03874,2024-07-11,Beauty,4,127.2,0.0,4
O008069,C00860,2024-09-29,Clothing,2,97.34,0.0,3
O008070,C00364,2024-08-11,Electronics,7,258.82,0.0,5
O008071,C03933,2024-12-26,Clothing,3,67.25,5.66,5
O008072,C02146,2024-04-03,Clothing,2,93.02,0.0,5
O008073,C02832,2024-07-25,Beauty,1,44.63,6.27,5
O008074,C04679,2024-06-18,Clothing,4,191.58,0.0,4
O008075,C03573,2024-06-04,Beauty,5,150.96,0.0,5
O008076,C00916,2024-08-31,Clothing,1,24.21,11.4,3
O008077,C01775,2024-01-03,Clothing,1,42.62,6.02,3
O008078,C03366,2024-08-07,Clothing,5,184.69,0.0,6
O008079,C00151,2024-01-05,Electronics,7,230.7,0.0,5
O008080,C04964,2024-07-12,Beauty,1,36.7,7.7,4
O008081,C03221,2024-02-23,Electronics,2,68.22,7.9,2
O008082,C03022,2024-10-26,Beauty,2,66.05,5.22,4
O008083,C04238,2024-07-27,Electronics,4,158.37,0.0,4
O008084,C03818,2024-03-16,Electronics,3,202.26,0.0,4
O008085,C01071,2024-08-05,Sports,2,71.57,9.43,4
O008086,C03444,2024-04-27,Home,5,213.85,0.0,3
O008087,C04190,2024-10-06,Electronics,2,110.66,0.0,5
O008088,C00761,2024-03-20,Home,3,138.36,0.0,4
O008089,C04452,2024-07-05,Clothing,1,47.6,5.67,4
O008090,C04628,2024-01-08,Home,2,39.93,7.14,3
O008091,C02740,2024-03-31,Beauty,1,13.24,8.13,7
O008092,C02018,2024-12-11,Home,1,50.1,6.51,3
O008093,C00917,2024-12-16,Sports,6,197.82,0.0,2
O008094,C03944,2024-07-28,Home,2,58.14,11.17,6
O008095,C03461,2024-09-14,Clothing,3,120.07,0.0,6
O008096,C01493,2024-02-10,Clothing,2,68.95,5.53,3
O008097,C03622,2024-08-02,Electronics,6,281.92,0.0,6
O008098,C00727,2024-07-02,Home,4,142.95,0.0,7
O008099,C04862,2024-10-30,Home,3,63.74,7.13,3
O008100,C01610,2024-08-28,Home,3,75.94,0.0,4
O008101,C04749,2024-04-15,Sports,3,102.63,0.0,6
O008102,C04842,2024-01-22,Sports,1,57.06,10.74,6
O008103,C00940,2024-12-18,Clothing,5,110.33,0.0,6
O008104,C00088,2024-09-01,Electronics,4,100.56,0.0,6
O008105,C00563,2024-09-30,Clothing,3,125.41,0.0,3
O008106,C01269,2024-03-19,Home,3,120.71,0.0,2
O008107,C01491,2024-11-18,Clothing,3,82.07,0.0,5
O008108,C04538,2024-10-30,Clothing,3,122.46,0.0,3
O008109,C03080,2024-01-23,Beauty,4,31.13,5.91,5
O008110,C01573,2024-04-20,Beauty,4,108.68,0.0,6
O008111,C04655,2024-05-09,Home,4,122.88,0.0,4
O008112,C03172,2024-12-27,Clothing,5,234.84,0.0,4
O008113,C02801,2024-09-16,Clothing,1,47.51,5.81,4
O008114,C03414,2024-06-02,Electronics,7,441.96,0.0,4
O008115,C01258,2024-01-19,Clothing,1,32.88,9.77,1
O008116,C04889,2024-02-18,Electronics,1,44.66,8.65,3
O008117,C04786,2024-03-14,Home,3,164.84,0.0,4
O008118,C04573,2024-08-01,Electronics,3,89.34,0.0,8
O008119,C04781,2024-02-22,Home,1,17.57,5.2,6
O008120,C02420,2024-07-08,Clothing,7,134.37,0.0,4
O008121,C01144,2024-05-08,Sports,3,131.01,0.0,6
O008122,C04638,2024-05-23,Beauty,3,114.85,0.0,1
O008123,C04275,2024-09-04,Clothing,2,66.59,11.07,5
O008124,C03166,2024-06-28,Home,1,13.76,12.36,3
O008125,C02615,2024-01-07,Clothing,5,165.95,0.0,4
O008126,C00748,2024-12-09,Clothing,2,24.72,7.34,4
O008127,C03490,2024-10-17,Electronics,1,52.69,11.69,4
O008128,C02634,2024-07-24,Beauty,2,49.26,12.3,3
O008129,C03489,2024-03-08,Clothing,1,70.24,12.01,2
O008130,C01848,2024-12-26,Beauty,1,34.17,10.36,2
O008131,C04026,2024-05-22,Beauty,5,166.85,0.0,6
O008132,C01146,2024-04-17,Clothing,4,122.0,0.0,2
O008133,C02105,2024-07-03,Home,2,80.28,0.0,4
O008134,C03857,2024-08-27,Home,3,134.4,0.0,2
O008135,C02769,2024-05-30,Home,3,92.57,0.0,2
O008136,C04060,2024-07-29,Beauty,5,173.28,0.0,3
O008137,C01809,2024-03-18,Clothing,1,55.78,12.18,5
O008138,C00410,2024-08-15,Clothing,6,178.14,0.0,2
O008139,C00646,2024-09-03,Electronics,3,117.0,0.0,2
O008140,C03921,2024-04-11,Electronics,4,180.74,0.0,3
O008141,C01552,2024-08-01,Beauty,5,204.89,0.0,6
O008142,C01114,2024-05-18,Beauty,3,85.25,0.0,6
O008143,C03588,2024-07-04,Beauty,2,111.38,0.0,6
O008144,C00062,2024-06-16,Sports,3,77.11,0.0,4
O008145,C01236,2024-02-27,Sports,5,164.63,0.0,6
O008146,C04344,2024-04-28,Clothing,3,155.91,0.0,2
O008147,C01728,2024-03-28,Sports,2,29.58,5.64,2
O008148,C04593,2024-05-01,Home,1,27.84,5.56,3
O008149,C04555,2024-08-31,Electronics,2,74.11,7.76,3
O008150,C02967,2024-03-07,Beauty,8,307.45,0.0,4
O008151,C03361,2024-10-20,Home,6,215.76,0.0,2
O008152,C01413,2024-05-09,Clothing,2,128.37,0.0,4
O008153,C03585,2024-12-08,Beauty,5,143.5,0.0,6
O008154,C01734,2024-02-09,Home,1,16.11,7.28,5
O008155,C03631,2024-07-30,Beauty,2,71.52,11.72,4
O008156,C03870,2024-02-25,Home,2,51.68,8.3,4
O008157,C02492,2024-07-18,Beauty,4,64.26,5.18,3
O008158,C02040,2024-10-17,Clothing,2,57.74,11.17,4
O008159,C04888,2024-10-31,Beauty,5,168.76,0.0,3
O008160,C01308,2024-04-16,Electronics,2,64.22,6.09,4
O008161,C04013,2024-07-13,Beauty,4,168.98,0.0,4
O008162,C01725,2024-12-17,Sports,2,76.44,0.0,2
O008163,C04691,2024-05-01,Clothing,2,55.92,12.23,6
O008164,C02456,2024-04-04,Sports,1,32.74,6.88,6
O008165,C00942,2024-10-13,Clothing,4,153.9,0.0,1
O008166,C02037,2024-05-04,Sports,4,126.46,0.0,5
O008167,C01814,2024-11-27,Sports,3,145.53,0.0,2
O008168,C03062,2024-05-05,Beauty,2,70.92,6.3,7
O008169,C02395,2024-12-09,Home,2,57.64,12.13,3
O008170,C04368,2024-02-05,Sports,5,158.28,0.0,5
O008171,C01285,2024-08-04,Electronics,1,32.34,6.45,2
O008172,C00396,2024-01-03,Clothing,3,123.24,0.0,2
O008173,C03764,2024-01-30,Sports,5,166.14,0.0,5
O008174,C04250,2024-09-11,Clothing,5,148.9,0.0,5
O008175,C01091,2024-02-14,Home,5,129.68,0.0,5
O008176,C02889,2024-06-25,Sports,4,90.34,0.0,4
O008177,C01723,2024-08-09,Beauty,1,37.13,5.65,3
O008178,C04444,2024-04-22,Beauty,3,145.95,0.0,4
O008179,C04007,2024-05-01,Sports,4,146.37,0.0,4
O008180,C01087,2024-10-01,Clothing,5,211.82,0.0,4
O008181,C01305,2024-08-19,Electronics,3,89.16,0.0,5
O008182,C03113,2024-11-07,Beauty,4,112.01,0.0,5
O008183,C01015,2024-09-05,Beauty,7,289.23,0.0,5
O008184,C04373,2024-11-24,Sports,4,116.37,0.0,1
O008185,C00221,2024-04-12,Clothing,5,153.46,0.0,3
O008186,C03806,2024-06-24,Sports,3,89.06,0.0,3
O008187,C01127,2024-08-23,Electronics,3,101.54,0.0,4
O008188,C03257,2024-10-08,Electronics,2,98.37,0.0,4
O008189,C01931,2024-09-01,Home,3,115.18,0.0,2
O008190,C02123,2024-05-12,Beauty,1,10.32,12.5,3
O008191,C00473,2024-12-09,Clothing,4,126.82,0.0,6
O008192,C00416,2024-06-07,Home,7,277.38,0.0,7
O008193,C01869,2024-10-06,Clothing,1,5.0,11.82,4
O008194,C04113,2024-12-06,Clothing,3,125.08,0.0,5
O008195,C01534,2024-01-22,Beauty,3,160.02,0.0,5
O008196,C01463,2024-04-11,Clothing,4,194.4,0.0,3
O008197,C01866,2024-05-29,Clothing,4,168.53,0.0,2
O008198,C04010,2024-02-26,Sports,3,122.67,0.0,5
O008199,C03131,2024-06-06,Clothing,3,112.36,0.0,3
O008200,C01737,2024-10-29,Home,4,109.33,0.0,3
O008201,C03187,2024-07-13,Beauty,3,96.34,0.0,5
O008202,C00472,2024-06-15,Home,2,62.87,9.8,5
O008203,C03178,2024-12-10,Beauty,1,16.58,5.23,5
O008204,C02927,2024-07-12,Home,3,86.45,0.0,2
O008205,C02866,2024-12-12,Clothing,6,245.09,0.0,1
O008206,C03198,2024-09-16,Clothing,5,146.04,0.0,4
O008207,C02462,2024-07-18,Sports,1,22.32,5.38,6
O008208,C03582,2024-01-05,Clothing,1,57.96,7.41,3
O008209,C00501,2024-10-26,Beauty,4,202.84,0.0,6
O008210,C00121,2024-03-31,Beauty,6,211.29,0.0,4
O008211,C01776,2024-01-24,Home,1,10.91,11.31,3
O008212,C00607,2024-08-23,Home,1,18.75,12.28,5
O008213,C04446,2024-08-22,Electronics,3,126.94,0.0,5
O008214,C00820,2024-08-13,Home,5,186.97,0.0,5
O008215,C03265,2024-01-28,Clothing,3,127.19,0.0,4
O008216,C00784,2024-05-31,Clothing,4,141.24,0.0,3
O008217,C01847,2024-09-02,Electronics,3,69.17,12.15,3
O008218,C04593,2024-01-05,Clothing,6,174.39,0.0,5
O008219,C00392,2024-01-13,Home,1,38.74,10.44,4
O008220,C03746,2024-02-24,Sports,1,55.87,5.05,4
O008221,C01133,2024-10-12,Clothing,2,76.68,0.0,6
O008222,C02977,2024-04-11,Clothing,2,91.67,0.0,5
O008223,C02518,2024-12-04,Beauty,2,71.37,7.52,7
O008224,C04446,2024-08-01,Electronics,2,60.89,11.61,3
O008225,C04871,2024-04-22,Sports,1,43.33,6.96,7
O008226,C02197,2024-12-03,Electronics,4,194.48,0.0,3
O008227,C03461,2024-03-30,Electronics,5,200.61,0.0,5
O008228,C04440,2024-09-27,Electronics,3,48.07,8.71,5
O008229,C00677,2024-09-03,Sports,1,27.92,5.16,2
O008230,C00595,2024-01-30,Home,4,121.89,0.0,4
O008231,C03885,2024-01-28,Home,1,71.2,10.94,7
O008232,C03152,2024-03-08,Sports,1,5.01,5.19,4
O008233,C03325,2024-12-22,Beauty,2,54.97,7.94,3
O008234,C02935,2024-05-22,Sports,2,90.2,0.0,6
O008235,C04334,2024-02-03,Beauty,1,52.45,7.72,4
O008236,C02986,2024-12-20,Home,4,177.82,0.0,5
O008237,C02364,2024-08-14,Electronics,4,129.84,0.0,4
O008238,C00840,2024-07-21,Clothing,3,85.28,0.0,3
O008239,C02511,2024-03-01,Home,6,221.38,0.0,2
O008240,C03770,2024-07-09,Home,3,83.18,0.0,2
O008241,C04688,2024-01-02,Electronics,1,21.18,11.79,4
O008242,C02888,2024-04-27,Clothing,3,89.9,0.0,2
O008243,C03044,2024-11-03,Sports,3,77.59,0.0,2
O008244,C01632,2024-02-21,Home,1,44.36,12.29,5
O008245,C01406,2024-01-15,Clothing,5,131.43,0.0,5
O008246,C04246,2024-10-10,Beauty,4,193.44,0.0,2
O008247,C02490,2024-04-05,Electronics,6,320.48,0.0,3
O008248,C04491,2024-04-07,Beauty,2,58.42,10.24,3
O008249,C03437,2024-02-24,Sports,7,177.01,0.0,6
O008250,C00006,2024-10-04,Home,2,99.78,0.0,5
O008251,C02582,2024-09-01,Electronics,1,48.61,5.42,5
O008252,C00220,2024-11-23,Electronics,1,51.0,12.9,5
O008253,C02919,2024-02-07,Home,6,180.2,0.0,2
O008254,C00012,2024-04-29,Electronics,5,173.07,0.0,3
O008255,C02843,2024-09-14,Sports,3,73.01,6.57,1
O008256,C00458,2024-05-19,Home,5,164.32,0.0,4
O008257,C02273,2024-07-01,Clothing,8,383.96,0.0,4
O008258,C00167,2024-07-31,Electronics,4,181.11,0.0,2
O008259,C01974,2024-05-05,Beauty,6,104.91,0.0,2
O008260,C01945,2024-05-19,Home,2,79.39,0.0,4
O008261,C02196,2024-04-18,Clothing,2,50.98,11.67,5
O008262,C04132,2024-01-09,Sports,3,90.7,0.0,4
O008263,C03829,2024-02-01,Clothing,4,120.3,0.0,6
O008264,C04738,2024-08-22,Clothing,4,112.74,0.0,3
O008265,C00240,2024-03-13,Home,5,213.99,0.0,3
O008266,C00917,2024-05-15,Sports,4,173.69,0.0,5
O008267,C02953,2024-09-10,Sports,5,143.8,0.0,4
O008268,C03439,2024-04-25,Electronics,1,63.57,10.63,4
O008269,C00856,2024-06-04,Clothing,2,83.91,0.0,5
O008270,C02665,2024-03-22,Clothing,3,96.82,0.0,6
O008271,C03239,2024-04-16,Beauty,4,245.39,0.0,4
O008272,C00554,2024-08-16,Clothing,2,46.43,10.23,4
O008273,C02814,2024-10-18,Home,2,41.87,8.32,6
O008274,C01886,2024-04-26,Clothing,1,52.9,5.12,4
O008275,C02946,2024-10-14,Electronics,8,271.73,0.0,4
O008276,C01229,2024-07-31,Clothing,3,76.59,0.0,4
O008277,C00195,2024-06-15,Sports,5,167.68,0.0,5
O008278,C03688,2024-02-18,Clothing,1,33.86,12.97,1
O008279,C01426,2024-08-08,Home,4,251.85,0.0,5
O008280,C03820,2024-10-05,Electronics,7,218.03,0.0,4
O008281,C02694,2024-10-15,Beauty,4,117.68,0.0,4
O008282,C03754,2024-06-27,Sports,6,65.43,12.14,4
O008283,C01972,2024-06-19,Sports,3,63.78,5.09,6
O008284,C00500,2024-01-04,Clothing,5,245.88,0.0,6
O008285,C04115,2024-12-01,Clothing,4,123.29,0.0,7
O008286,C03774,2024-07-13,Sports,4,200.42,0.0,6
O008287,C03648,2024-09-14,Sports,1,46.32,9.6,4
O008288,C02867,2024-02-14,Sports,4,103.82,0.0,5
O008289,C00687,2024-12-09,Electronics,1,55.22,5.91,5
O008290,C02068,2024-07-26,Clothing,5,215.36,0.0,5
O008291,C03922,2024-04-24,Electronics,2,36.81,9.88,3
O008292,C00448,2024-05-09,Clothing,3,124.83,0.0,5
O008293,C01767,2024-06-08,Clothing,4,136.27,0.0,3
O008294,C01125,2024-01-01,Home,1,32.02,11.53,6
O008295,C00294,2024-09-30,Clothing,3,142.46,0.0,3
O008296,C04161,2024-06-08,Clothing,3,114.64,0.0,5
O008297,C02547,2024-09-21,Electronics,3,153.84,0.0,2
O008298,C00076,2024-11-06,Electronics,1,61.86,5.67,5
O008299,C03776,2024-11-18,Beauty,5,142.69,0.0,3
O008300,C02683,2024-09-04,Home,9,306.38,0.0,4
O008301,C03197,2024-01-24,Clothing,2,36.38,5.83,6
O008302,C02075,2024-09-23,Beauty,1,17.72,5.49,5
O008303,C01300,2024-06-04,Clothing,2,51.54,12.66,5
O008304,C02728,2024-09-28,Sports,6,139.48,0.0,5
O008305,C04179,2024-04-02,Clothing,1,69.96,7.08,3
O008306,C03535,2024-12-26,Sports,3,185.95,0.0,5
O008307,C02054,2024-01-12,Electronics,1,29.39,10.14,1
O008308,C01700,2024-08-25,Home,3,100.26,0.0,5
O008309,C04464,2024-04-30,Electronics,1,26.77,6.65,3
O008310,C02519,2024-03-30,Home,3,84.44,0.0,4
O008311,C01738,2024-03-15,Home,3,124.43,0.0,4
O008312,C01931,2024-11-17,Clothing,3,113.33,0.0,5
O008313,C00370,2024-01-31,Home,4,114.28,0.0,4
O008314,C03740,2024-07-13,Electronics,4,155.61,0.0,3
O008315,C04374,2024-03-29,Clothing,3,61.38,8.93,2
O008316,C00340,2024-04-07,Clothing,3,88.85,0.0,6
O008317,C02863,2024-05-08,Electronics,1,46.2,5.25,5
O008318,C00614,2024-10-21,Electronics,3,108.49,0.0,5
O008319,C01104,2024-04-04,Home,2,132.69,0.0,2
O008320,C03778,2024-06-12,Electronics,5,141.73,0.0,2
O008321,C00793,2024-08-17,Home,3,169.46,0.0,3
O008322,C00067,2024-05-19,Beauty,8,166.93,0.0,3
O008323,C04311,2024-11-12,Beauty,3,80.82,0.0,3
O008324,C04512,2024-11-23,Sports,5,84.44,0.0,5
O008325,C04648,2024-04-18,Clothing,3,80.05,0.0,1
O008326,C03796,2024-01-14,Home,5,40.96,11.1,2
O008327,C00571,2024-06-09,Sports,3,124.77,0.0,7
O008328,C00540,2024-05-11,Home,3,126.48,0.0,4
O008329,C00117,2024-04-22,Home,2,46.77,8.61,3
O008330,C02199,2024-10-12,Clothing,4,130.75,0.0,2
O008331,C03032,2024-12-05,Sports,2,59.74,12.75,4
O008332,C03457,2024-04-03,Beauty,2,106.84,0.0,4
O008333,C03052,2024-12-12,Beauty,1,24.02,5.64,5
O008334,C02482,2024-03-29,Clothing,4,130.11,0.0,3
O008335,C02368,2024-11-05,Clothing,8,312.6,0.0,4
O008336,C01635,2024-05-13,Home,2,59.23,7.75,2
O008337,C00242,2024-09-17,Beauty,3,100.78,0.0,3
O008338,C00465,2024-07-24,Clothing,2,84.04,0.0,2
O008339,C02251,2024-11-02,Sports,3,91.11,0.0,3
O008340,C04645,2024-02-03,Clothing,1,41.0,8.7,5
O008341,C04954,2024-06-17,Beauty,4,101.51,0.0,4
O008342,C01879,2024-12-10,Beauty,6,137.82,0.0,5
O008343,C04882,2024-05-25,Beauty,2,59.45,10.97,3
O008344,C04637,2024-01-20,Home,2,89.36,0.0,4
O008345,C02535,2024-04-16,Beauty,3,107.63,0.0,3
O008346,C01906,2024-05-15,Beauty,3,116.23,0.0,3
O008347,C03810,2024-01-26,Beauty,4,173.88,0.0,4
O008348,C00572,2024-09-02,Sports,9,399.68,0.0,9
O008349,C02709,2024-12-06,Clothing,3,72.25,9.96,3
O008350,C03642,2024-06-03,Sports,1,24.23,7.11,3
O008351,C03505,2024-02-11,Sports,4,208.26,0.0,4
O008352,C03620,2024-06-26,Beauty,2,38.11,8.5,4
O008353,C00657,2024-03-21,Home,3,111.67,0.0,5
O008354,C03152,2024-06-25,Electronics,5,155.79,0.0,3
O008355,C00949,2024-07-11,Beauty,1,5.0,7.15,2
O008356,C04111,2024-07-09,Sports,2,108.23,0.0,4
O008357,C03023,2024-10-09,Clothing,5,276.41,0.0,5
O008358,C00307,2024-09-02,Clothing,3,46.84,7.18,5
O008359,C00705,2024-04-09,Beauty,2,58.2,11.35,1
O008360,C04493,2024-02-04,Home,4,191.21,0.0,3
O008361,C00678,2024-10-20,Sports,1,61.85,6.65,4
O008362,C02913,2024-10-20,Electronics,3,86.82,0.0,5
O008363,C03994,2024-02-11,Clothing,4,102.54,0.0,5
O008364,C00211,2024-06-18,Sports,2,77.55,0.0,3
O008365,C04495,2024-02-26,Home,4,163.34,0.0,6
O008366,C01397,2024-12-21,Beauty,2,70.22,6.63,4
O008367,C03461,2024-02-23,Home,1,36.45,10.23,4
O008368,C04354,2024-07-06,Clothing,1,39.61,9.93,5
O008369,C02163,2024-10-22,Home,3,140.65,0.0,4
O008370,C04430,2024-03-26,Sports,1,36.13,5.35,6
O008371,C04445,2024-03-04,Home,1,30.8,5.31,3
O008372,C02281,2024-03-21,Home,9,222.98,0.0,5
O008373,C04545,2024-09-24,Beauty,1,20.04,9.3,4
O008374,C03149,2024-07-03,Beauty,6,343.89,0.0,4
O008375,C04081,2024-12-10,Beauty,3,175.14,0.0,2
O008376,C00828,2024-01-26,Clothing,3,82.14,0.0,7
O008377,C02656,2024-08-25,Home,4,160.95,0.0,3
O008378,C02146,2024-10-22,Sports,4,143.63,0.0,2
O008379,C03702,2024-10-25,Home,3,130.37,0.0,4
O008380,C04558,2024-08-12,Clothing,4,120.95,0.0,3
O008381,C00500,2024-11-23,Clothing,3,89.75,0.0,5
O008382,C02679,2024-03-30,Beauty,7,263.34,0.0,5
O008383,C01062,2024-01-17,Home,3,79.22,0.0,2
O008384,C03497,2024-03-28,Clothing,2,85.09,0.0,4
O008385,C04223,2024-01-24,Electronics,1,38.84,5.67,3
O008386,C01127,2024-11-27,Clothing,1,17.63,6.63,2
O008387,C01990,2024-08-10,Sports,3,66.69,9.67,1
O008388,C02525,2024-02-27,Clothing,3,91.57,0.0,4
O008389,C03301,2024-07-07,Home,5,188.17,0.0,4
O008390,C02771,2024-08-09,Clothing,5,226.76,0.0,1
O008391,C04181,2024-12-18,Beauty,1,5.0,10.5,6
O008392,C01383,2024-02-20,Electronics,6,129.49,0.0,3
O008393,C04882,2024-03-28,Beauty,2,52.03,6.6,2
O008394,C04168,2024-08-09,Clothing,4,145.74,0.0,5
O008395,C03167,2024-12-13,Clothing,7,287.54,0.0,1
O008396,C02636,2024-06-15,Sports,2,60.17,8.49,2
O008397,C01030,2024-07-12,Clothing,2,81.81,0.0,6
O008398,C01619,2024-04-10,Beauty,3,107.77,0.0,5
O008399,C04248,2024-07-20,Sports,3,109.45,0.0,2
O008400,C03629,2024-01-13,Sports,3,107.33,0.0,6
O008401,C01236,2024-05-26,Beauty,5,201.94,0.0,4
O008402,C02631,2024-09-18,Clothing,3,152.35,0.0,4
O008403,C03984,2024-05-25,Sports,3,151.26,0.0,4
O008404,C01406,2024-01-09,Clothing,1,47.43,6.89,6
O008405,C04238,2024-03-21,Clothing,2,53.28,9.44,5
O008406,C01548,2024-03-08,Clothing,4,102.38,0.0,6
O008407,C01885,2024-11-05,Electronics,6,207.99,0.0,6
O008408,C02185,2024-05-05,Clothing,4,121.5,0.0,5
O008409,C00219,2024-02-19,Sports,1,33.54,8.19,4
O008410,C04351,2024-03-10,Clothing,4,141.79,0.0,5
O008411,C00812,2024-05-18,Clothing,1,38.42,11.68,4
O008412,C00270,2024-06-18,Beauty,5,131.82,0.0,3
O008413,C04979,2024-03-30,Electronics,1,5.0,12.23,6
O008414,C04700,2024-05-18,Beauty,3,74.61,12.68,4
O008415,C03206,2024-03-12,Sports,1,45.6,10.74,3
O008416,C01187,2024-09-01,Electronics,4,131.88,0.0,3
O008417,C01734,2024-03-07,Clothing,4,183.93,0.0,2
O008418,C04797,2024-05-09,Beauty,4,164.55,0.0,4
O008419,C02968,2024-07-28,Clothing,2,84.72,0.0,5
O008420,C00073,2024-07-12,Clothing,4,224.26,0.0,1
O008421,C04994,2024-01-26,Clothing,3,93.38,0.0,5
O008422,C04639,2024-11-27,Beauty,1,45.36,6.93,3
O008423,C04062,2024-10-19,Electronics,4,52.02,9.0,4
O008424,C00631,2024-08-05,Beauty,4,124.8,0.0,3
O008425,C02843,2024-02-05,Clothing,1,65.19,10.63,6
O008426,C00878,2024-01-16,Beauty,2,69.61,10.28,7
O008427,C00757,2024-03-18,Sports,2,51.76,8.48,2
O008428,C02666,2024-11-17,Sports,4,160.97,0.0,5
O008429,C04294,2024-01-21,Sports,3,122.02,0.0,3
O008430,C01451,2024-05-14,Clothing,5,123.39,0.0,4
O008431,C02541,2024-09-01,Sports,7,262.15,0.0,5
O008432,C00082,2024-07-02,Electronics,2,69.54,8.75,2
O008433,C01332,2024-06-20,Electronics,4,175.49,0.0,3
O008434,C01723,2024-02-23,Electronics,4,179.7,0.0,4
O008435,C00357,2024-04-02,Electronics,3,89.19,0.0,6
O008436,C01320,2024-11-09,Electronics,1,37.76,5.47,4
O008437,C00580,2024-10-19,Home,1,27.5,11.9,4
O008438,C04396,2024-06-24,Electronics,3,50.88,7.67,4
O008439,C00646,2024-07-08,Clothing,1,47.22,12.16,7
O008440,C02234,2024-09-02,Clothing,2,44.55,8.05,5
O008441,C02632,2024-10-21,Clothing,5,160.13,0.0,5
O008442,C03300,2024-07-10,Sports,5,178.74,0.0,6
O008443,C00308,2024-04-13,Clothing,1,46.39,8.8,7
O008444,C00234,2024-03-08,Electronics,4,151.04,0.0,3
O008445,C01035,2024-11-19,Clothing,1,34.59,8.95,6
O008446,C02223,2024-06-03,Electronics,1,30.81,8.44,6
O008447,C02821,2024-08-13,Sports,5,145.24,0.0,4
O008448,C04739,2024-08-20,Home,1,27.16,12.08,5
O008449,C01736,2024-04-13,Electronics,2,97.75,0.0,3
O008450,C04278,2024-11-11,Clothing,2,66.24,11.65,3
O008451,C00942,2024-08-27,Clothing,4,175.54,0.0,2
O008452,C00350,2024-07-30,Beauty,5,5.0,8.97,3
O008453,C02687,2024-05-05,Sports,3,101.11,0.0,4
O008454,C01406,2024-05-02,Clothing,3,110.86,0.0,5
O008455,C03628,2024-02-05,Clothing,1,38.11,8.64,2
O008456,C01546,2024-08-25,Beauty,2,98.78,0.0,8
O008457,C04321,2024-08-29,Home,4,191.67,0.0,5
O008458,C01752,2024-05-12,Beauty,4,135.55,0.0,3
O008459,C01747,2024-08-14,Electronics,4,118.04,0.0,4
O008460,C04382,2024-03-30,Sports,1,22.44,8.06,1
O008461,C01355,2024-09-11,Clothing,5,168.35,0.0,2
O008462,C03633,2024-03-23,Beauty,1,22.88,12.75,2
O008463,C04289,2024-05-18,Electronics,2,64.2,9.56,4
O008464,C01169,2024-11-04,Electronics,4,127.48,0.0,1
O008465,C04767,2024-01-20,Clothing,4,128.25,0.0,1
O008466,C04045,2024-11-24,Clothing,4,182.28,0.0,5
O008467,C02586,2024-03-24,Electronics,3,85.22,0.0,6
O008468,C04708,2024-01-27,Electronics,2,50.78,5.04,5
O008469,C00901,2024-02-27,Electronics,4,158.39,0.0,5
O008470,C03342,2024-11-25,Electronics,4,177.24,0.0,3
O008471,C04147,2024-08-04,Electronics,5,272.39,0.0,2
O008472,C00128,2024-11-28,Home,2,65.89,8.91,6
O008473,C01676,2024-05-04,Beauty,3,88.26,0.0,2
O008474,C01778,2024-10-14,Sports,2,83.15,0.0,4
O008475,C00234,2024-07-18,Sports,1,26.34,12.85,1
O008476,C02496,2024-10-09,Clothing,2,59.91,10.91,3
O008477,C00584,2024-08-01,Beauty,3,154.53,0.0,2
O008478,C01467,2024-06-04,Beauty,2,84.26,0.0,4
O008479,C00503,2024-01-18,Sports,5,177.23,0.0,5
O008480,C04381,2024-12-08,Home,5,189.65,0.0,1
O008481,C01156,2024-04-14,Electronics,3,149.28,0.0,4
O008482,C01500,2024-06-07,Beauty,1,27.07,5.26,4
O008483,C00936,2024-02-10,Electronics,1,46.04,10.22,2
O008484,C02592,2024-10-16,Clothing,4,151.26,0.0,3
O008485,C00356,2024-01-07,Beauty,4,146.18,0.0,5
O008486,C01995,2024-01-05,Sports,2,54.97,6.75,7
O008487,C01446,2024-01-21,Clothing,6,120.88,0.0,3
O008488,C02660,2024-05-13,Electronics,3,48.36,11.25,4
O008489,C03281,2024-04-29,Home,2,66.2,10.2,5
O008490,C03975,2024-08-29,Clothing,2,74.58,11.2,7
O008491,C02505,2024-04-15,Home,3,124.43,0.0,4
O008492,C02147,2024-12-08,Beauty,1,43.1,12.39,3
O008493,C01211,2024-05-10,Clothing,6,159.79,0.0,3
O008494,C00630,2024-02-07,Electronics,4,250.64,0.0,5
O008495,C02718,2024-03-27,Sports,2,49.93,12.75,2
O008496,C04883,2024-12-01,Clothing,7,350.26,0.0,5
O008497,C01495,2024-04-22,Sports,4,117.49,0.0,3
O008498,C01108,2024-09-07,Beauty,3,83.64,0.0,6
O008499,C03078,2024-12-10,Clothing,2,72.66,6.38,5
O008500,C04987,2024-12-27,Clothing,2,77.97,0.0,4
O008501,C03435,2024-03-11,Electronics,4,69.17,8.0,4
O008502,C03055,2024-09-20,Beauty,4,155.55,0.0,2
O008503,C02816,2024-03-09,Clothing,5,154.22,0.0,3
O008504,C03782,2024-09-11,Electronics,1,5.0,12.61,2
O008505,C02036,2024-10-01,Beauty,3,5.0,10.89,3
O008506,C00170,2024-03-26,Beauty,3,101.3,0.0,3
O008507,C03832,2024-08-05,Clothing,3,56.66,10.49,6
O008508,C02297,2024-02-19,Clothing,2,54.85,5.69,6
O008509,C04758,2024-05-13,Home,1,42.19,9.36,1
O008510,C02788,2024-08-17,Clothing,1,52.85,8.15,4
O008511,C03316,2024-03-01,Home,1,31.34,9.77,8
O008512,C00632,2024-09-08,Home,3,99.5,0.0,1
O008513,C00805,2024-08-17,Home,3,91.12,0.0,6
O008514,C03035,2024-12-16,Home,2,93.13,0.0,5
O008515,C03088,2024-02-27,Clothing,3,127.04,0.0,4
O008516,C04481,2024-07-03,Home,2,75.96,0.0,5
O008517,C03413,2024-07-21,Electronics,2,49.41,9.14,3
O008518,C04989,2024-02-01,Electronics,2,55.06,8.24,2
O008519,C03870,2024-05-24,Home,6,285.82,0.0,9
O008520,C00792,2024-06-17,Clothing,1,30.43,7.7,4
O008521,C04142,2024-01-22,Electronics,1,29.43,10.69,4
O008522,C02552,2024-12-01,Beauty,1,19.35,10.9,4
O008523,C03842,2024-10-24,Electronics,3,124.79,0.0,5
O008524,C03215,2024-03-19,Home,3,88.51,0.0,7
O008525,C03357,2024-05-15,Clothing,1,8.24,6.87,6
O008526,C04926,2024-10-28,Electronics,6,263.21,0.0,4
O008527,C02573,2024-06-24,Home,4,211.98,0.0,6
O008528,C03905,2024-03-17,Home,3,121.16,0.0,4
O008529,C02095,2024-01-30,Clothing,3,120.46,0.0,3
O008530,C04624,2024-10-10,Beauty,4,112.89,0.0,6
O008531,C00616,2024-11-24,Sports,4,127.52,0.0,2
O008532,C03994,2024-06-01,Home,5,183.49,0.0,6
O008533,C04297,2024-07-31,Electronics,1,25.42,7.63,5
O008534,C02302,2024-06-27,Electronics,2,97.48,0.0,4
O008535,C02231,2024-10-21,Clothing,6,267.91,0.0,5
O008536,C01573,2024-03-23,Sports,6,106.99,0.0,4
O008537,C03029,2024-07-18,Home,1,56.32,11.98,5
O008538,C02538,2024-11-18,Home,1,54.0,11.13,2
O008539,C00505,2024-05-08,Home,4,127.4,0.0,4
O008540,C01946,2024-10-20,Clothing,4,149.19,0.0,3
O008541,C01862,2024-07-09,Electronics,4,146.95,0.0,8
O008542,C03723,2024-02-21,Home,3,78.59,0.0,4
O008543,C03684,2024-03-23,Sports,3,94.04,0.0,4
O008544,C00404,2024-12-06,Home,1,34.54,9.63,4
O008545,C04332,2024-07-06,Home,5,92.04,0.0,3
O008546,C01620,2024-01-13,Beauty,2,86.23,0.0,5
O008547,C02907,2024-08-06,Beauty,3,147.6,0.0,5
O008548,C03014,2024-01-17,Home,3,112.23,0.0,2
O008549,C03617,2024-08-29,Electronics,3,107.44,0.0,4
O008550,C04729,2024-12-05,Home,1,58.05,10.88,2
O008551,C01570,2024-06-06,Clothing,4,127.14,0.0,4
O008552,C03717,2024-06-14,Electronics,1,55.81,10.96,4
O008553,C00140,2024-05-18,Sports,3,112.11,0.0,4
O008554,C04684,2024-10-20,Clothing,1,51.73,12.89,3
O008555,C01844,2024-01-28,Clothing,3,48.12,10.61,4
O008556,C03379,2024-12-24,Clothing,1,5.0,10.4,1
O008557,C02965,2024-06-09,Home,4,205.73,0.0,4
O008558,C04666,2024-06-30,Clothing,4,165.14,0.0,3
O008559,C03170,2024-10-06,Home,3,138.17,0.0,5
O008560,C02173,2024-06-03,Home,5,147.97,0.0,5
O008561,C03421,2024-10-28,Clothing,1,82.83,0.0,3
O008562,C03044,2024-08-01,Electronics,2,44.02,9.25,6
O008563,C01250,2024-12-05,Clothing,3,131.16,0.0,1
O008564,C02698,2024-12-18,Home,7,264.65,0.0,3
O008565,C02754,2024-03-09,Clothing,4,85.49,0.0,3
O008566,C04435,2024-11-20,Clothing,2,84.09,0.0,5
O008567,C04935,2024-10-21,Beauty,2,60.26,9.48,4
O008568,C03885,2024-07-27,Clothing,5,195.64,0.0,3
O008569,C00095,2024-06-05,Sports,2,92.43,0.0,3
O008570,C04292,2024-03-15,Beauty,3,94.76,0.0,5
O008571,C04288,2024-12-07,Clothing,3,113.13,0.0,3
O008572,C04618,2024-10-13,Clothing,3,97.73,0.0,6
O008573,C04849,2024-08-18,Electronics,9,494.08,0.0,3
O008574,C01676,2024-03-05,Home,5,95.48,0.0,3
O008575,C00013,2024-09-27,Sports,4,90.21,0.0,5
O008576,C02302,2024-03-23,Clothing,2,44.28,8.86,7
O008577,C04084,2024-03-14,Electronics,1,19.6,5.48,2
O008578,C00373,2024-09-21,Home,3,75.47,0.0,4
O008579,C04490,2024-09-25,Electronics,5,213.57,0.0,3
O008580,C00418,2024-10-27,Home,1,50.44,7.73,2
O008581,C00817,2024-03-30,Clothing,3,112.57,0.0,6
O008582,C04870,2024-12-25,Electronics,4,71.48,12.47,7
O008583,C01804,2024-10-26,Home,5,184.6,0.0,7
O008584,C03613,2024-01-02,Clothing,3,107.98,0.0,4
O008585,C03405,2024-06-24,Beauty,2,95.14,0.0,7
O008586,C02940,2024-05-04,Electronics,3,149.41,0.0,5
O008587,C01333,2024-09-24,Clothing,3,107.16,0.0,2
O008588,C03247,2024-08-02,Clothing,1,34.2,9.6,2
O008589,C00756,2024-03-07,Home,2,89.08,0.0,3
O008590,C03526,2024-06-26,Electronics,2,54.23,10.29,2
O008591,C01797,2024-09-23,Clothing,4,94.99,0.0,4
O008592,C03970,2024-01-05,Clothing,2,79.38,0.0,3
O008593,C03060,2024-10-27,Beauty,3,88.76,0.0,4
O008594,C02178,2024-07-20,Clothing,3,111.19,0.0,4
O008595,C03557,2024-04-26,Electronics,1,47.37,8.15,6
O008596,C02051,2024-12-01,Home,4,112.84,0.0,4
O008597,C01990,2024-12-15,Beauty,4,203.32,0.0,3
O008598,C00555,2024-08-19,Clothing,2,57.3,8.12,2
O008599,C00266,2024-03-24,Electronics,2,65.59,12.76,2
O008600,C00923,2024-03-29,Clothing,5,167.09,0.0,7
O008601,C02072,2024-08-14,Home,1,23.77,7.82,4
O008602,C00534,2024-04-20,Electronics,1,35.83,8.24,1
O008603,C03984,2024-11-18,Beauty,4,35.29,6.7,5
O008604,C01694,2024-01-12,Home,2,98.09,0.0,7
O008605,C04976,2024-01-27,Sports,2,114.56,0.0,3
O008606,C02052,2024-04-14,Home,2,74.75,7.54,5
O008607,C03691,2024-03-26,Electronics,2,78.23,0.0,4
O008608,C04904,2024-06-04,Clothing,1,43.22,7.5,5
O008609,C02832,2024-07-17,Clothing,3,120.3,0.0,7
O008610,C04328,2024-05-16,Electronics,8,268.66,0.0,2
O008611,C02921,2024-01-31,Electronics,3,88.45,0.0,4
O008612,C04846,2024-06-12,Clothing,1,27.67,8.88,2
O008613,C04168,2024-04-22,Home,3,129.93,0.0,3
O008614,C04624,2024-12-26,Clothing,4,237.31,0.0,4
O008615,C00886,2024-09-27,Clothing,2,61.43,5.05,3
O008616,C01459,2024-12-18,Electronics,3,106.8,0.0,7
O008617,C03796,2024-10-13,Clothing,3,82.53,0.0,5
O008618,C03156,2024-09-14,Clothing,4,146.7,0.0,2
O008619,C03411,2024-07-19,Electronics,6,255.37,0.0,6
O008620,C04025,2024-10-25,Sports,5,177.5,0.0,5
O008621,C00563,2024-01-01,Clothing,6,269.19,0.0,5
O008622,C04027,2024-07-29,Sports,3,110.26,0.0,5
O008623,C02972,2024-09-21,Sports,1,29.68,12.88,4
O008624,C00345,2024-07-06,Beauty,2,95.21,0.0,3
O008625,C02717,2024-12-22,Clothing,4,173.61,0.0,3
O008626,C02679,2024-08-28,Clothing,2,79.09,0.0,5
O008627,C01673,2024-07-11,Beauty,2,52.39,5.65,5
O008628,C03128,2024-04-19,Home,1,16.86,12.02,4
O008629,C04894,2024-04-20,Clothing,2,43.09,7.0,4
O008630,C03954,2024-03-05,Home,3,121.11,0.0,3
O008631,C01120,2024-03-05,Home,3,60.46,10.97,7
O008632,C01913,2024-11-12,Electronics,3,95.82,0.0,4
O008633,C03003,2024-08-22,Beauty,1,67.31,7.38,3
O008634,C02263,2024-04-04,Home,1,47.98,11.58,7
O008635,C00743,2024-07-15,Clothing,3,94.4,0.0,2
O008636,C04154,2024-10-17,Electronics,3,91.95,0.0,3
O008637,C02453,2024-07-14,Beauty,2,99.41,0.0,1
O008638,C02769,2024-02-07,Electronics,1,50.75,10.55,3
O008639,C00783,2024-02-08,Beauty,1,43.35,6.49,8
O008640,C00097,2024-05-28,Beauty,5,145.23,0.0,7
O008641,C00587,2024-06-12,Electronics,4,146.2,0.0,5
O008642,C04637,2024-08-07,Home,3,88.47,0.0,4
O008643,C04912,2024-10-02,Home,3,152.2,0.0,3
O008644,C02239,2024-02-12,Home,6,234.81,0.0,2
O008645,C00917,2024-08-25,Clothing,6,158.7,0.0,6
O008646,C03350,2024-06-11,Beauty,4,75.09,0.0,3
O008647,C02587,2024-11-15,Sports,2,101.09,0.0,3
O008648,C04181,2024-04-16,Electronics,1,24.67,7.07,2
O008649,C02489,2024-10-14,Home,4,127.07,0.0,5
O008650,C03794,2024-10-18,Home,8,247.75,0.0,4
O008651,C02838,2024-04-14,Clothing,1,18.96,10.8,3
O008652,C02387,2024-03-09,Beauty,2,73.02,8.81,5
O008653,C01842,2024-04-18,Beauty,1,49.66,8.59,4
O008654,C01203,2024-06-28,Clothing,1,40.88,6.72,3
O008655,C04770,2024-05-11,Clothing,7,228.57,0.0,5
O008656,C00730,2024-01-07,Electronics,1,44.54,12.25,5
O008657,C00317,2024-12-05,Beauty,3,112.61,0.0,1
O008658,C00076,2024-05-28,Sports,2,68.75,10.91,3
O008659,C03047,2024-07-03,Sports,4,149.27,0.0,2
O008660,C00204,2024-06-04,Electronics,5,216.87,0.0,7
O008661,C04289,2024-10-16,Sports,2,64.43,7.66,2
O008662,C03776,2024-09-01,Clothing,2,5.0,9.97,5
O008663,C02945,2024-09-28,Home,4,124.41,0.0,4
O008664,C04356,2024-02-07,Clothing,2,64.81,11.65,6
O008665,C03052,2024-04-24,Beauty,1,23.36,7.11,6
O008666,C02664,2024-12-02,Clothing,1,24.23,6.53,5
O008667,C00432,2024-04-28,Electronics,2,65.68,6.81,3
O008668,C02764,2024-05-11,Sports,4,126.14,0.0,2
O008669,C04792,2024-02-25,Sports,4,206.64,0.0,4
O008670,C03163,2024-04-29,Electronics,1,24.88,9.51,2
O008671,C00198,2024-02-19,Home,2,88.26,0.0,3
O008672,C00039,2024-12-30,Beauty,1,37.96,12.76,7
O008673,C02519,2024-12-27,Electronics,6,264.94,0.0,5
O008674,C02127,2024-03-22,Sports,3,133.6,0.0,5
O008675,C00729,2024-02-18,Clothing,1,29.99,5.66,1
O008676,C03900,2024-02-17,Clothing,1,44.86,5.78,2
O008677,C03166,2024-05-13,Sports,1,35.22,11.23,4
O008678,C04780,2024-08-25,Home,3,80.96,0.0,4
O008679,C04228,2024-11-30,Electronics,3,50.83,7.62,4
O008680,C02125,2024-06-21,Clothing,1,72.53,10.52,3
O008681,C04135,2024-05-24,Beauty,2,64.25,11.77,6
O008682,C03772,2024-07-05,Electronics,1,29.03,8.47,3
O008683,C03258,2024-04-29,Sports,1,65.19,7.49,4
O008684,C03207,2024-07-02,Sports,5,189.0,0.0,2
O008685,C02599,2024-12-22,Electronics,2,32.98,10.11,5
O008686,C04436,2024-12-28,Beauty,3,220.18,0.0,3
O008687,C03314,2024-03-19,Electronics,1,35.44,8.98,2
O008688,C01245,2024-06-11,Electronics,6,298.83,0.0,2
O008689,C04088,2024-01-08,Electronics,3,86.71,0.0,5
O008690,C00658,2024-04-08,Electronics,3,104.44,0.0,6
O008691,C02966,2024-11-12,Beauty,4,127.08,0.0,2
O008692,C01700,2024-12-21,Home,3,122.36,0.0,4
O008693,C04457,2024-01-27,Home,6,214.83,0.0,4
O008694,C03044,2024-10-02,Home,3,23.82,8.75,1
O008695,C04425,2024-11-08,Sports,1,27.59,12.97,4
O008696,C01800,2024-10-05,Home,3,103.45,0.0,2
O008697,C04536,2024-12-21,Clothing,3,64.82,8.63,4
O008698,C03627,2024-07-22,Home,2,29.26,9.83,3
O008699,C03978,2024-06-08,Home,2,72.28,6.25,6
O008700,C01977,2024-06-26,Clothing,3,124.66,0.0,5
O008701,C04929,2024-07-10,Clothing,1,42.12,6.84,4
O008702,C03670,2024-02-09,Electronics,2,77.4,0.0,1
O008703,C04193,2024-12-25,Clothing,2,77.5,0.0,5
O008704,C00938,2024-08-23,Sports,1,46.62,10.28,5
O008705,C01290,2024-02-02,Clothing,3,105.83,0.0,4
O008706,C04671,2024-01-29,Clothing,1,42.25,9.24,5
O008707,C02151,2024-02-02,Beauty,1,5.0,8.6,5
O008708,C04925,2024-04-09,Clothing,2,48.74,6.17,5
O008709,C00513,2024-05-24,Sports,1,45.38,11.06,7
O008710,C04762,2024-11-25,Beauty,7,287.24,0.0,1
O008711,C01517,2024-03-05,Beauty,5,141.87,0.0,4
O008712,C02083,2024-05-01,Home,1,37.84,8.02,8
O008713,C01405,2024-02-12,Clothing,2,60.14,12.52,5
O008714,C04493,2024-07-27,Sports,3,102.0,0.0,4
O008715,C01932,2024-08-17,Home,5,236.14,0.0,6
O008716,C01886,2024-05-06,Sports,4,64.56,11.22,3
O008717,C02354,2024-12-21,Electronics,6,334.66,0.0,5
O008718,C03808,2024-07-04,Home,3,99.04,0.0,3
O008719,C02747,2024-08-24,Clothing,1,5.0,6.03,4
O008720,C00581,2024-03-31,Clothing,2,76.71,0.0,5
O008721,C02213,2024-02-12,Clothing,4,83.57,0.0,2
O008722,C03330,2024-02-15,Electronics,4,81.04,0.0,5
O008723,C00102,2024-01-25,Beauty,1,20.26,9.15,6
O008724,C04551,2024-12-19,Clothing,6,317.17,0.0,4
O008725,C04289,2024-07-13,Electronics,3,64.43,12.3,3
O008726,C03843,2024-12-14,Clothing,7,315.15,0.0,5
O008727,C02964,2024-04-08,Home,2,108.61,0.0,5
O008728,C04994,2024-09-12,Home,4,182.81,0.0,5
O008729,C04906,2024-12-26,Home,5,210.81,0.0,5
O008730,C00299,2024-11-25,Clothing,7,176.19,0.0,3
O008731,C04117,2024-10-20,Beauty,2,71.95,6.7,4
O008732,C00045,2024-09-02,Home,4,158.59,0.0,4
O008733,C02544,2024-06-14,Home,2,91.92,0.0,4
O008734,C03860,2024-09-13,Sports,4,128.05,0.0,2
O008735,C04779,2024-11-05,Sports,2,87.21,0.0,5
O008736,C04395,2024-12-17,Clothing,2,57.68,10.74,5
O008737,C03553,2024-10-04,Home,4,187.2,0.0,3
O008738,C03156,2024-07-07,Clothing,2,61.46,8.55,5
O008739,C03132,2024-07-04,Clothing,4,126.62,0.0,5
O008740,C00288,2024-06-30,Home,3,157.98,0.0,4
O008741,C03706,2024-10-01,Electronics,3,87.33,0.0,1
O008742,C00517,2024-08-14,Clothing,2,77.28,0.0,5
O008743,C02202,2024-02-03,Home,3,115.76,0.0,4
O008744,C04438,2024-07-25,Sports,6,287.79,0.0,4
O008745,C04182,2024-02-13,Home,1,42.4,11.64,7
O008746,C03659,2024-09-01,Clothing,3,89.8,0.0,5
O008747,C04287,2024-09-10,Home,2,37.88,11.73,5
O008748,C03324,2024-04-18,Electronics,2,82.84,0.0,3
O008749,C04077,2024-11-18,Electronics,1,5.0,12.19,1
O008750,C03937,2024-04-23,Home,3,131.86,0.0,3
O008751,C01170,2024-10-04,Electronics,4,156.25,0.0,6
O008752,C00991,2024-08-24,Beauty,3,108.08,0.0,5
O008753,C04972,2024-01-29,Clothing,6,271.53,0.0,6
O008754,C03706,2024-08-09,Sports,2,78.76,0.0,2
O008755,C01852,2024-11-13,Clothing,2,18.33,6.39,6
O008756,C02710,2024-09-27,Clothing,1,29.88,6.71,2
O008757,C04008,2024-08-29,Sports,2,73.4,12.78,4
O008758,C02622,2024-04-06,Electronics,4,168.35,0.0,1
O008759,C02179,2024-12-08,Clothing,1,25.16,7.93,1
O008760,C00839,2024-09-19,Home,1,32.95,10.06,4
O008761,C01556,2024-12-05,Home,2,77.18,0.0,2
O008762,C01223,2024-01-07,Clothing,2,112.64,0.0,3
O008763,C04935,2024-09-29,Home,5,193.87,0.0,5
O008764,C02044,2024-10-14,Clothing,1,51.65,6.86,4
O008765,C01434,2024-11-30,Clothing,4,176.63,0.0,3
O008766,C01169,2024-07-23,Home,4,121.62,0.0,6
O008767,C00948,2024-07-02,Clothing,7,338.98,0.0,2
O008768,C00161,2024-11-13,Beauty,5,186.51,0.0,5
O008769,C04560,2024-02-27,Beauty,2,70.36,11.21,2
O008770,C03132,2024-04-20,Clothing,1,39.67,10.04,5
O008771,C02628,2024-07-04,Electronics,1,82.54,0.0,3
O008772,C02536,2024-05-10,Clothing,4,119.99,0.0,5
O008773,C02273,2024-03-29,Home,1,8.72,6.9,3
O008774,C03464,2024-12-01,Sports,4,137.29,0.0,3
O008775,C04805,2024-04-27,Clothing,1,39.78,8.06,4
O008776,C00161,2024-09-13,Electronics,1,5.0,10.55,2
O008777,C01785,2024-04-19,Home,4,112.51,0.0,4
O008778,C01945,2024-03-07,Sports,1,24.95,7.08,7
O008779,C03183,2024-05-27,Beauty,6,114.1,0.0,2
O008780,C03975,2024-08-07,Beauty,1,49.35,6.9,5
O008781,C03625,2024-08-01,Sports,1,37.69,10.94,1
O008782,C03745,2024-03-02,Clothing,3,79.78,0.0,5
O008783,C00767,2024-02-25,Sports,1,19.03,10.61,7
O008784,C02028,2024-11-07,Electronics,3,90.04,0.0,4
O008785,C04007,2024-11-29,Clothing,4,75.38,0.0,4
O008786,C00185,2024-11-30,Beauty,1,55.99,5.7,2
O008787,C01897,2024-04-05,Clothing,4,251.87,0.0,2
O008788,C03296,2024-05-25,Home,5,114.47,0.0,5
O008789,C02405,2024-02-17,Home,6,239.02,0.0,5
O008790,C02540,2024-10-20,Beauty,3,114.64,0.0,5
O008791,C00733,2024-10-04,Electronics,2,80.9,0.0,5
O008792,C01622,2024-07-21,Home,6,190.49,0.0,3
O008793,C00578,2024-07-17,Home,5,224.11,0.0,4
O008794,C02162,2024-11-24,Clothing,3,99.7,0.0,1
O008795,C00378,2024-05-03,Electronics,8,178.71,0.0,4
O008796,C03849,2024-07-18,Electronics,5,186.95,0.0,6
O008797,C01309,2024-03-15,Sports,6,219.26,0.0,3
O008798,C04193,2024-06-05,Electronics,3,150.02,0.0,4
O008799,C00842,2024-05-13,Clothing,3,95.43,0.0,6
O008800,C02172,2024-11-07,Electronics,5,168.83,0.0,2
O008801,C00156,2024-04-29,Clothing,5,144.95,0.0,5
O008802,C04149,2024-01-12,Sports,1,43.18,7.52,2
O008803,C01703,2024-08-22,Clothing,3,118.95,0.0,6
O008804,C02636,2024-10-21,Clothing,2,86.38,0.0,3
O008805,C03386,2024-04-17,Beauty,2,56.43,5.17,8
O008806,C04822,2024-02-02,Electronics,2,59.41,11.39,2
O008807,C01414,2024-04-29,Clothing,3,102.1,0.0,5
O008808,C00045,2024-09-12,Beauty,4,149.48,0.0,7
O008809,C01687,2024-03-23,Home,3,136.88,0.0,4
O008810,C02170,2024-06-29,Beauty,5,249.71,0.0,6
O008811,C03242,2024-08-15,Electronics,4,104.2,0.0,6
O008812,C02726,2024-10-01,Clothing,5,164.88,0.0,6
O008813,C01424,2024-07-04,Sports,4,46.43,8.46,4
O008814,C04015,2024-12-06,Clothing,3,51.63,10.8,7
O008815,C04596,2024-07-29,Clothing,3,109.29,0.0,2
O008816,C00074,2024-09-05,Sports,3,170.24,0.0,4
O008817,C03019,2024-02-12,Sports,7,127.45,0.0,4
O008818,C01561,2024-03-13,Beauty,4,201.67,0.0,7
O008819,C00892,2024-12-07,Clothing,4,125.67,0.0,4
O008820,C03133,2024-01-19,Electronics,2,97.55,0.0,3
O008821,C01890,2024-06-13,Electronics,4,84.49,0.0,5
O008822,C01247,2024-09-23,Clothing,2,97.9,0.0,4
O008823,C03803,2024-05-07,Sports,3,102.08,0.0,6
O008824,C00473,2024-12-20,Clothing,2,33.0,10.7,6
O008825,C02218,2024-10-27,Sports,4,177.66,0.0,3
O008826,C00701,2024-11-13,Clothing,1,42.66,12.32,1
O008827,C02080,2024-12-16,Electronics,4,150.32,0.0,5
O008828,C00053,2024-05-21,Electronics,6,319.48,0.0,4
O008829,C02988,2024-02-03,Home,6,141.16,0.0,6
O008830,C00139,2024-04-07,Clothing,6,273.64,0.0,2
O008831,C01398,2024-07-28,Beauty,3,82.49,0.0,4
O008832,C02138,2024-11-11,Home,3,169.46,0.0,2
O008833,C00828,2024-11-15,Clothing,4,56.18,9.49,3
O008834,C02084,2024-07-16,Beauty,2,76.54,0.0,3
O008835,C02977,2024-09-12,Home,3,111.16,0.0,5
O008836,C01249,2024-02-11,Electronics,1,23.83,8.89,5
O008837,C04650,2024-04-13,Beauty,3,156.74,0.0,3
O008838,C04836,2024-11-17,Electronics,3,47.09,8.89,1
O008839,C04365,2024-07-07,Clothing,1,33.92,6.13,4
O008840,C00186,2024-11-17,Home,3,103.0,0.0,6
O008841,C03443,2024-12-08,Beauty,1,23.01,12.24,4
O008842,C04965,2024-03-02,Home,4,158.42,0.0,5
O008843,C03194,2024-05-22,Home,4,146.41,0.0,6
O008844,C04929,2024-08-09,Clothing,2,57.47,8.87,4
O008845,C01413,2024-01-20,Home,5,210.49,0.0,5
O008846,C03189,2024-10-06,Home,2,54.57,9.23,1
O008847,C02917,2024-09-21,Electronics,4,164.39,0.0,2
O008848,C01016,2024-09-04,Beauty,4,80.65,0.0,6
O008849,C04538,2024-04-25,Clothing,4,134.84,0.0,5
O008850,C04135,2024-09-11,Electronics,3,104.51,0.0,5
O008851,C04262,2024-10-23,Beauty,3,149.98,0.0,5
O008852,C01936,2024-01-13,Beauty,1,24.25,8.09,5
O008853,C01469,2024-02-15,Home,3,43.9,12.97,4
O008854,C04539,2024-11-29,Clothing,3,102.94,0.0,2
O008855,C04427,2024-08-29,Home,3,186.53,0.0,5
O008856,C01359,2024-03-11,Home,2,75.37,0.0,2
O008857,C01770,2024-02-28,Home,1,14.7,9.64,3
O008858,C02762,2024-07-22,Beauty,1,29.78,12.95,5
O008859,C02883,2024-02-20,Home,2,86.25,0.0,2
O008860,C01190,2024-01-16,Electronics,3,44.84,5.23,5
O008861,C01193,2024-02-20,Electronics,1,26.06,10.98,2
O008862,C02817,2024-08-11,Electronics,3,171.95,0.0,4
O008863,C03622,2024-05-07,Beauty,5,208.0,0.0,5
O008864,C04857,2024-06-18,Beauty,1,34.29,12.97,4
O008865,C01043,2024-09-23,Electronics,5,256.59,0.0,4
O008866,C00226,2024-03-08,Clothing,2,29.06,8.79,5
O008867,C01979,2024-04-30,Home,1,77.06,0.0,6
O008868,C03978,2024-06-28,Sports,6,126.44,0.0,6
O008869,C03832,2024-08-13,Electronics,2,39.95,7.16,5
O008870,C02645,2024-11-23,Home,2,67.27,10.11,7
O008871,C01884,2024-07-09,Clothing,1,57.39,5.57,2
O008872,C00541,2024-10-27,Electronics,5,180.33,0.0,4
O008873,C00646,2024-09-07,Beauty,3,137.82,0.0,3
O008874,C04802,2024-01-06,Beauty,3,138.41,0.0,4
O008875,C04727,2024-09-18,Electronics,5,168.37,0.0,6
O008876,C04287,2024-03-31,Beauty,1,63.12,7.71,3
O008877,C01689,2024-07-12,Sports,1,35.35,8.88,5
O008878,C00855,2024-11-24,Electronics,3,57.85,8.15,3
O008879,C00405,2024-03-04,Home,5,122.05,0.0,3
O008880,C03344,2024-10-20,Clothing,4,49.99,11.25,1
O008881,C02478,2024-08-13,Clothing,1,25.05,12.37,4
O008882,C00520,2024-11-29,Electronics,6,305.6,0.0,2
O008883,C02941,2024-03-03,Beauty,2,82.74,0.0,4
O008884,C01408,2024-03-11,Electronics,3,111.58,0.0,4
O008885,C00821,2024-01-20,Beauty,3,122.96,0.0,4
O008886,C03675,2024-11-28,Electronics,4,199.85,0.0,3
O008887,C04531,2024-09-01,Home,2,75.9,0.0,7
O008888,C03836,2024-03-04,Home,3,126.23,0.0,3
O008889,C04068,2024-10-19,Home,3,77.64,0.0,4
O008890,C03288,2024-12-29,Electronics,2,108.89,0.0,4
O008891,C02182,2024-08-12,Sports,5,204.65,0.0,6
O008892,C04715,2024-09-22,Sports,3,74.4,11.23,5
O008893,C03233,2024-06-10,Clothing,7,243.4,0.0,3
O008894,C00425,2024-02-14,Home,6,192.92,0.0,5
O008895,C01552,2024-11-14,Clothing,4,182.17,0.0,4
O008896,C00358,2024-09-25,Clothing,2,50.21,11.36,5
O008897,C03447,2024-01-25,Beauty,1,14.14,6.08,3
O008898,C01595,2024-10-26,Home,2,44.24,10.86,4
O008899,C01011,2024-08-12,Clothing,3,51.51,11.19,5
O008900,C00197,2024-03-14,Sports,2,91.26,0.0,5
O008901,C01034,2024-04-25,Beauty,1,30.14,12.38,5
O008902,C00862,2024-05-31,Sports,1,8.99,12.25,6
O008903,C00349,2024-03-09,Beauty,1,25.31,11.06,5
O008904,C03778,2024-07-20,Electronics,1,49.83,6.17,4
O008905,C01659,2024-10-29,Sports,3,92.5,0.0,4
O008906,C00575,2024-03-31,Home,4,105.31,0.0,4
O008907,C01820,2024-02-19,Clothing,2,58.77,7.58,3
O008908,C00931,2024-10-15,Clothing,4,179.33,0.0,2
O008909,C04009,2024-04-01,Home,2,63.1,9.98,3
O008910,C04683,2024-12-25,Electronics,6,192.18,0.0,3
O008911,C00484,2024-08-22,Clothing,7,193.55,0.0,3
O008912,C03913,2024-11-11,Home,3,96.45,0.0,4
O008913,C00358,2024-01-29,Electronics,7,357.97,0.0,4
O008914,C04481,2024-06-20,Electronics,3,120.98,0.0,6
O008915,C00254,2024-06-21,Beauty,2,77.46,0.0,3
O008916,C03995,2024-08-23,Home,1,38.3,6.69,4
O008917,C00835,2024-02-11,Beauty,4,113.53,0.0,4
O008918,C01191,2024-05-28,Home,2,71.9,12.74,2
O008919,C01704,2024-10-14,Home,5,87.49,0.0,3
O008920,C04892,2024-07-31,Electronics,3,142.39,0.0,4
O008921,C04565,2024-06-23,Clothing,3,102.87,0.0,4
O008922,C00493,2024-04-08,Clothing,6,193.46,0.0,3
O008923,C03410,2024-04-29,Sports,5,144.54,0.0,2
O008924,C04147,2024-10-29,Clothing,1,62.92,8.39,4
O008925,C03128,2024-01-17,Beauty,2,52.79,10.68,5
O008926,C02121,2024-01-29,Clothing,1,60.82,9.85,5
O008927,C03866,2024-02-17,Beauty,3,129.68,0.0,6
O008928,C00052,2024-10-15,Clothing,3,134.94,0.0,5
O008929,C00262,2024-05-07,Electronics,2,81.88,0.0,3
O008930,C03003,2024-03-08,Sports,2,81.12,0.0,6
O008931,C01909,2024-02-08,Home,6,143.8,0.0,7
O008932,C03647,2024-05-12,Clothing,7,386.54,0.0,3
O008933,C02378,2024-04-28,Beauty,2,79.03,0.0,3
O008934,C03395,2024-11-19,Sports,3,135.6,0.0,4
O008935,C04337,2024-02-21,Beauty,5,209.84,0.0,4
O008936,C01626,2024-05-15,Electronics,2,23.58,12.77,3
O008937,C01229,2024-09-03,Home,1,35.19,10.3,3
O008938,C04387,2024-06-17,Electronics,4,159.64,0.0,2
O008939,C01390,2024-03-10,Clothing,5,124.02,0.0,4
O008940,C01488,2024-02-05,Home,5,138.6,0.0,2
O008941,C00917,2024-10-14,Electronics,4,132.55,0.0,5
O008942,C02142,2024-01-05,Sports,1,8.96,6.75,5
O008943,C00711,2024-12-25,Clothing,3,81.19,0.0,4
O008944,C01887,2024-05-27,Electronics,3,71.23,5.46,4
O008945,C02217,2024-08-24,Clothing,4,68.05,12.77,4
O008946,C01321,2024-03-08,Electronics,1,16.47,12.0,3
O008947,C02564,2024-08-18,Home,1,63.49,11.38,6
O008948,C04446,2024-05-29,Beauty,2,72.31,10.31,6
O008949,C04832,2024-08-08,Home,5,276.18,0.0,5
O008950,C02627,2024-09-17,Clothing,1,40.64,10.94,4
O008951,C00401,2024-09-22,Clothing,3,142.8,0.0,7
O008952,C00751,2024-04-23,Clothing,8,240.79,0.0,5
O008953,C04917,2024-06-13,Sports,4,64.27,6.34,6
O008954,C01888,2024-02-25,Clothing,3,82.97,0.0,3
O008955,C03686,2024-12-07,Clothing,2,78.29,0.0,3
O008956,C01419,2024-12-21,Electronics,2,71.6,10.2,5
O008957,C02604,2024-09-06,Home,2,25.95,11.98,4
O008958,C03772,2024-08-30,Clothing,3,99.43,0.0,4
O008959,C02019,2024-01-02,Home,6,145.52,0.0,2
O008960,C02037,2024-05-22,Beauty,1,59.06,12.25,3
O008961,C01646,2024-06-17,Sports,2,77.39,0.0,4
O008962,C03488,2024-03-03,Home,5,207.65,0.0,5
O008963,C00814,2024-06-02,Clothing,1,50.19,8.0,4
O008964,C04734,2024-12-15,Sports,3,128.15,0.0,5
O008965,C03170,2024-09-11,Beauty,4,176.42,0.0,6
O008966,C01024,2024-03-06,Home,3,109.16,0.0,4
O008967,C01510,2024-10-11,Clothing,2,65.33,11.76,5
O008968,C02039,2024-07-06,Electronics,3,108.21,0.0,5
O008969,C01394,2024-07-11,Beauty,4,122.51,0.0,6
O008970,C02347,2024-10-22,Home,3,145.19,0.0,6
O008971,C00856,2024-01-11,Clothing,2,62.3,10.37,5
O008972,C01167,2024-06-28,Electronics,1,72.06,12.13,5
O008973,C02755,2024-12-08,Sports,4,156.61,0.0,4
O008974,C01666,2024-03-30,Electronics,1,46.98,10.78,4
O008975,C04039,2024-08-10,Electronics,2,80.37,0.0,3
O008976,C01973,2024-11-30,Beauty,3,146.28,0.0,4
O008977,C03688,2024-08-13,Clothing,4,195.21,0.0,2
O008978,C01117,2024-04-12,Clothing,5,240.85,0.0,6
O008979,C03369,2024-12-02,Home,2,115.76,0.0,5
O008980,C04543,2024-12-20,Electronics,1,57.13,8.78,4
O008981,C00734,2024-12-21,Sports,1,42.5,6.09,3
O008982,C03784,2024-08-19,Clothing,5,216.88,0.0,6
O008983,C02922,2024-09-23,Home,1,5.0,8.34,4
O008984,C03330,2024-10-10,Electronics,3,178.35,0.0,3
O008985,C04618,2024-07-08,Home,4,139.38,0.0,7
O008986,C01707,2024-02-17,Beauty,2,44.07,12.92,3
O008987,C03499,2024-10-10,Electronics,1,15.94,7.64,5
O008988,C01125,2024-10-28,Sports,3,134.69,0.0,6
O008989,C04718,2024-02-24,Home,1,44.67,9.16,1
O008990,C04855,2024-12-04,Electronics,3,167.06,0.0,2
O008991,C01859,2024-04-28,Clothing,2,48.48,11.64,3
O008992,C02292,2024-01-02,Home,4,157.1,0.0,6
O008993,C02514,2024-08-11,Electronics,3,97.01,0.0,6
O008994,C04961,2024-08-23,Beauty,7,234.76,0.0,6
O008995,C03516,2024-07-21,Clothing,3,99.65,0.0,3
O008996,C02001,2024-05-23,Home,3,151.9,0.0,4
O008997,C01798,2024-01-11,Electronics,8,295.85,0.0,5
O008998,C02317,2024-09-15,Home,2,80.22,0.0,3
O008999,C02581,2024-10-24,Clothing,4,127.22,0.0,5
O009000,C02015,2024-06-05,Beauty,6,326.06,0.0,4
O009001,C02168,2024-07-15,Home,6,100.44,0.0,3
O009002,C03029,2024-04-01,Sports,6,5.0,12.28,4
O009003,C01948,2024-11-28,Clothing,2,58.04,8.8,3
O009004,C01144,2024-06-01,Electronics,5,112.66,0.0,5
O009005,C04806,2024-05-13,Electronics,6,241.18,0.0,6
O009006,C04232,2024-04-25,Sports,5,186.23,0.0,5
O009007,C03149,2024-03-07,Sports,3,75.69,0.0,6
O009008,C00936,2024-05-29,Electronics,3,117.96,0.0,5
O009009,C03158,2024-09-12,Clothing,5,212.02,0.0,8
O009010,C00001,2024-02-10,Clothing,3,90.44,0.0,5
O009011,C00077,2024-06-29,Home,1,73.92,12.27,1
O009012,C02629,2024-07-06,Electronics,3,62.18,8.09,3
O009013,C02196,2024-02-08,Clothing,1,22.07,11.29,4
O009014,C00574,2024-11-06,Home,2,76.88,0.0,3
O009015,C01549,2024-11-22,Home,2,70.49,5.46,5
O009016,C00186,2024-08-04,Beauty,2,73.32,6.5,6
O009017,C04618,2024-05-09,Clothing,3,126.33,0.0,5
O009018,C03843,2024-09-20,Sports,2,17.7,9.75,3
O009019,C03493,2024-04-23,Clothing,2,33.9,6.23,4
O009020,C02244,2024-03-03,Clothing,3,127.12,0.0,5
O009021,C00034,2024-04-06,Sports,1,50.02,11.45,6
O009022,C01621,2024-11-25,Home,1,43.95,9.14,7
O009023,C01897,2024-01-18,Electronics,5,242.4,0.0,5
O009024,C02456,2024-07-23,Sports,6,342.0,0.0,6
O009025,C01801,2024-07-31,Clothing,3,137.58,0.0,2
O009026,C04633,2024-04-06,Home,1,41.08,12.76,4
O009027,C02084,2024-10-05,Sports,2,55.07,5.63,1
O009028,C01406,2024-08-23,Clothing,2,84.88,0.0,3
O009029,C03689,2024-06-16,Sports,8,174.51,0.0,4
O009030,C02653,2024-02-29,Home,1,5.0,6.43,5
O009031,C04539,2024-03-25,Electronics,4,124.01,0.0,4
O009032,C01187,2024-09-17,Electronics,2,129.49,0.0,1
O009033,C04134,2024-12-20,Home,1,58.2,10.51,6
O009034,C02140,2024-06-14,Sports,4,138.42,0.0,5
O009035,C02679,2024-08-15,Clothing,5,169.24,0.0,3
O009036,C03795,2024-02-29,Home,2,37.36,7.03,3
O009037,C02720,2024-06-12,Clothing,3,101.48,0.0,4
O009038,C04603,2024-08-17,Electronics,6,153.7,0.0,5
O009039,C02227,2024-03-22,Home,4,123.37,0.0,6
O009040,C02332,2024-06-05,Home,3,94.96,0.0,3
O009041,C04024,2024-07-09,Sports,3,105.55,0.0,3
O009042,C04451,2024-12-27,Home,4,139.73,0.0,3
O009043,C03369,2024-08-31,Sports,2,102.04,0.0,4
O009044,C03958,2024-08-29,Sports,5,162.04,0.0,6
O009045,C00488,2024-08-09,Sports,5,82.95,0.0,3
O009046,C00279,2024-06-16,Clothing,5,206.0,0.0,4
O009047,C02592,2024-04-30,Electronics,4,187.55,0.0,1
O009048,C00650,2024-01-02,Sports,10,528.41,0.0,4
O009049,C02979,2024-04-27,Home,3,70.18,6.71,7
O009050,C00355,2024-05-15,Clothing,4,200.82,0.0,4
O009051,C02243,2024-11-25,Electronics,3,122.35,0.0,4
O009052,C04900,2024-05-06,Home,3,147.08,0.0,2
O009053,C02481,2024-08-28,Beauty,7,177.96,0.0,3
O009054,C00558,2024-04-17,Electronics,2,115.05,0.0,5
O009055,C03487,2024-10-25,Electronics,3,84.54,0.0,4
O009056,C00162,2024-04-21,Home,2,30.58,10.77,2
O009057,C00699,2024-06-11,Home,2,63.67,6.73,3
O009058,C01974,2024-10-01,Home,3,107.9,0.0,4
O009059,C03545,2024-01-19,Home,4,126.7,0.0,6
O009060,C03778,2024-08-20,Beauty,2,90.77,0.0,2
O009061,C02206,2024-01-20,Beauty,3,107.93,0.0,7
O009062,C00492,2024-08-28,Clothing,4,122.01,0.0,4
O009063,C01993,2024-09-16,Home,2,60.46,8.26,5
O009064,C01033,2024-02-18,Home,2,65.99,5.89,3
O009065,C03284,2024-06-02,Clothing,5,272.42,0.0,5
O009066,C03511,2024-01-03,Sports,3,93.58,0.0,3
O009067,C04920,2024-11-03,Electronics,4,270.73,0.0,3
O009068,C04775,2024-10-18,Beauty,4,198.98,0.0,1
O009069,C00786,2024-06-17,Electronics,3,114.82,0.0,3
O009070,C01834,2024-07-16,Electronics,1,35.75,11.48,7
O009071,C00992,2024-06-27,Beauty,4,205.18,0.0,3
O009072,C04207,2024-04-12,Home,2,68.23,6.51,2
O009073,C01784,2024-08-06,Electronics,2,43.66,6.92,3
O009074,C01185,2024-01-16,Beauty,1,23.98,9.01,5
O009075,C02462,2024-02-16,Clothing,1,24.65,6.33,4
O009076,C01669,2024-12-01,Beauty,1,50.63,6.67,4
O009077,C02314,2024-02-15,Home,3,88.18,0.0,5
O009078,C00572,2024-04-09,Electronics,4,190.31,0.0,5
O009079,C04301,2024-07-01,Clothing,3,102.76,0.0,3
O009080,C03739,2024-12-19,Beauty,4,105.48,0.0,4
O009081,C00584,2024-08-03,Electronics,2,95.79,0.0,3
O009082,C02221,2024-05-13,Sports,2,51.74,10.07,4
O009083,C00308,2024-12-05,Clothing,3,114.42,0.0,2
O009084,C04546,2024-11-12,Electronics,2,94.91,0.0,4
O009085,C00062,2024-01-09,Electronics,4,95.85,0.0,5
O009086,C04571,2024-07-31,Sports,1,28.92,8.07,3
O009087,C03789,2024-05-18,Electronics,1,36.56,12.01,3
O009088,C02134,2024-08-09,Beauty,4,185.06,0.0,1
O009089,C01960,2024-11-16,Beauty,1,57.21,6.06,5
O009090,C02033,2024-03-31,Clothing,6,281.95,0.0,4
O009091,C03763,2024-11-10,Sports,3,134.83,0.0,4
O009092,C02787,2024-04-21,Home,2,93.56,0.0,5
O009093,C01543,2024-04-22,Electronics,1,35.09,5.36,5
O009094,C01676,2024-07-16,Clothing,2,70.54,12.91,6
O009095,C04622,2024-09-19,Home,2,66.98,7.48,2
O009096,C00034,2024-11-12,Clothing,1,24.41,9.43,3
O009097,C03962,2024-11-08,Sports,2,87.34,0.0,6
O009098,C02800,2024-12-07,Home,3,117.47,0.0,1
O009099,C01856,2024-06-10,Sports,5,239.42,0.0,6
O009100,C03681,2024-03-24,Home,1,66.56,11.18,3
O009101,C02686,2024-02-14,Home,2,42.8,11.99,2
O009102,C01058,2024-02-14,Clothing,1,7.7,7.8,4
O009103,C04502,2024-09-27,Clothing,5,217.62,0.0,4
O009104,C02962,2024-07-28,Electronics,4,237.96,0.0,5
O009105,C04389,2024-06-22,Electronics,5,117.22,0.0,4
O009106,C02628,2024-09-03,Beauty,4,134.92,0.0,3
O009107,C03821,2024-06-22,Beauty,3,162.28,0.0,3
O009108,C03158,2024-02-05,Electronics,2,111.73,0.0,4
O009109,C03644,2024-10-28,Clothing,4,140.43,0.0,4
O009110,C03763,2024-10-24,Beauty,7,232.25,0.0,4
O009111,C02132,2024-06-06,Electronics,4,127.35,0.0,3
O009112,C00607,2024-05-18,Clothing,4,182.98,0.0,5
O009113,C02356,2024-02-02,Clothing,3,40.19,9.47,3
O009114,C02300,2024-09-07,Beauty,3,20.39,9.36,5
O009115,C03917,2024-11-21,Clothing,2,97.75,0.0,6
O009116,C04276,2024-06-19,Beauty,5,210.37,0.0,5
O009117,C01334,2024-04-19,Clothing,2,44.03,9.65,3
O009118,C04009,2024-06-15,Home,9,356.79,0.0,5
O009119,C02474,2024-05-04,Home,7,223.75,0.0,4
O009120,C03558,2024-08-01,Sports,7,133.24,0.0,4
O009121,C03734,2024-10-21,Sports,5,185.45,0.0,2
O009122,C02087,2024-06-29,Electronics,5,116.46,0.0,4
O009123,C03351,2024-03-23,Electronics,5,143.0,0.0,4
O009124,C04912,2024-12-27,Sports,1,5.0,6.9,5
O009125,C00376,2024-11-14,Clothing,3,114.33,0.0,1
O009126,C01953,2024-01-25,Beauty,3,125.42,0.0,4
O009127,C03711,2024-09-02,Electronics,2,44.49,8.56,1
O009128,C02089,2024-02-10,Clothing,2,104.44,0.0,4
O009129,C01694,2024-02-28,Home,3,104.38,0.0,5
O009130,C03556,2024-06-25,Electronics,4,83.02,0.0,4
O009131,C04281,2024-01-30,Electronics,3,100.4,0.0,3
O009132,C00072,2024-02-14,Clothing,1,38.59,6.99,6
O009133,C01775,2024-11-04,Beauty,5,239.01,0.0,4
O009134,C00574,2024-06-02,Electronics,2,66.28,7.48,2
O009135,C04665,2024-02-09,Electronics,2,40.52,6.22,4
O009136,C04067,2024-05-19,Home,4,156.05,0.0,3
O009137,C03708,2024-09-13,Clothing,2,46.09,5.4,1
O009138,C00153,2024-03-10,Sports,3,115.87,0.0,3
O009139,C00729,2024-05-15,Home,1,18.17,7.61,5
O009140,C02280,2024-08-23,Sports,1,46.25,10.26,3
O009141,C01553,2024-04-21,Beauty,1,46.52,8.58,2
O009142,C03664,2024-02-02,Beauty,3,72.6,12.8,3
O009143,C03568,2024-07-14,Clothing,3,154.21,0.0,3
O009144,C04272,2024-06-26,Beauty,3,98.18,0.0,3
O009145,C04345,2024-12-25,Sports,2,49.16,7.33,4
O009146,C03107,2024-05-13,Clothing,5,227.42,0.0,3
O009147,C04897,2024-07-09,Home,2,98.2,0.0,5
O009148,C01000,2024-11-30,Home,6,177.3,0.0,4
O009149,C01135,2024-01-06,Home,5,275.56,0.0,4
O009150,C04743,2024-10-19,Clothing,5,154.22,0.0,1
O009151,C03146,2024-06-27,Clothing,2,103.53,0.0,3
O009152,C02716,2024-10-09,Clothing,1,5.0,12.94,5
O009153,C00354,2024-04-15,Beauty,3,116.73,0.0,4
O009154,C01303,2024-09-02,Sports,4,164.7,0.0,3
O009155,C04083,2024-11-20,Beauty,5,120.18,0.0,7
O009156,C03732,2024-08-18,Clothing,2,116.25,0.0,4
O009157,C04622,2024-08-02,Beauty,1,59.51,9.27,6
O009158,C00510,2024-09-29,Sports,1,52.83,5.72,5
O009159,C01538,2024-04-14,Clothing,2,92.39,0.0,4
O009160,C00178,2024-01-23,Beauty,4,86.22,0.0,5
O009161,C02377,2024-10-21,Beauty,3,113.95,0.0,3
O009162,C00801,2024-06-09,Electronics,3,105.49,0.0,5
O009163,C03244,2024-07-12,Beauty,2,6.66,6.26,3
O009164,C03667,2024-09-22,Beauty,3,106.51,0.0,2
O009165,C00938,2024-03-23,Beauty,4,117.93,0.0,4
O009166,C03028,2024-06-16,Clothing,1,47.8,10.91,2
O009167,C02021,2024-11-24,Sports,4,128.27,0.0,2
O009168,C02783,2024-05-22,Clothing,1,35.99,5.51,5
O009169,C03541,2024-02-12,Home,4,105.2,0.0,5
O009170,C01975,2024-12-09,Home,2,118.33,0.0,6
O009171,C01519,2024-01-12,Sports,7,169.17,0.0,3
O009172,C02670,2024-01-22,Home,5,105.0,0.0,3
O009173,C01259,2024-01-18,Home,4,187.04,0.0,5
O009174,C03111,2024-03-02,Electronics,3,77.08,0.0,3
O009175,C01243,2024-07-07,Home,7,164.43,0.0,2
O009176,C02754,2024-03-19,Electronics,4,128.93,0.0,3
O009177,C02676,2024-06-15,Sports,1,20.69,6.68,2
O009178,C03673,2024-05-29,Beauty,3,109.11,0.0,3
O009179,C00420,2024-08-10,Clothing,2,62.2,5.33,8
O009180,C00653,2024-04-14,Beauty,1,49.05,5.91,1
O009181,C02872,2024-09-10,Electronics,4,143.27,0.0,2
O009182,C03246,2024-01-07,Sports,3,135.47,0.0,9
O009183,C04910,2024-06-11,Electronics,7,221.03,0.0,5
O009184,C00868,2024-10-16,Sports,4,85.32,0.0,5
O009185,C04209,2024-07-13,Clothing,2,95.72,0.0,3
O009186,C02988,2024-11-14,Sports,2,95.3,0.0,4
O009187,C00174,2024-05-09,Home,1,30.52,5.23,4
O009188,C04733,2024-04-18,Clothing,3,99.0,0.0,4
O009189,C01560,2024-08-06,Sports,5,109.54,0.0,5
O009190,C04128,2024-11-14,Beauty,1,34.15,6.55,1
O009191,C04593,2024-05-09,Home,2,100.28,0.0,3
O009192,C02243,2024-08-31,Sports,3,142.12,0.0,4
O009193,C04624,2024-11-02,Sports,2,47.11,7.68,3
O009194,C02489,2024-10-23,Sports,2,20.21,12.35,6
O009195,C01513,2024-03-25,Electronics,5,132.08,0.0,6
O009196,C02772,2024-09-11,Home,1,22.01,8.48,4
O009197,C01644,2024-11-22,Beauty,1,52.69,11.2,6
O009198,C00024,2024-08-24,Clothing,1,34.82,8.33,2
O009199,C02338,2024-01-01,Electronics,1,22.83,12.82,1
O009200,C02944,2024-09-21,Sports,2,69.25,9.74,4
O009201,C04400,2024-07-12,Sports,2,65.11,5.78,1
O009202,C04727,2024-12-29,Clothing,4,117.31,0.0,4
O009203,C01717,2024-12-22,Home,5,208.88,0.0,4
O009204,C04134,2024-05-01,Clothing,1,14.62,6.22,3
O009205,C00745,2024-12-29,Sports,3,103.11,0.0,5
O009206,C04178,2024-01-04,Clothing,1,51.01,10.42,5
O009207,C00050,2024-05-28,Clothing,1,44.59,5.53,4
O009208,C03050,2024-03-01,Sports,4,129.71,0.0,4
O009209,C02743,2024-10-08,Home,5,270.18,0.0,2
O009210,C03890,2024-04-26,Home,6,184.51,0.0,5
O009211,C01623,2024-06-20,Home,4,103.46,0.0,5
O009212,C03398,2024-11-29,Home,3,156.23,0.0,5
O009213,C01788,2024-08-25,Clothing,1,76.46,0.0,6
O009214,C03356,2024-05-17,Home,3,183.06,0.0,6
O009215,C01014,2024-08-05,Clothing,4,152.66,0.0,5
O009216,C00154,2024-03-22,Home,4,124.93,0.0,7
O009217,C02902,2024-08-06,Home,1,23.07,5.85,5
O009218,C02315,2024-12-02,Clothing,3,132.13,0.0,5
O009219,C03457,2024-07-20,Clothing,1,49.09,9.99,5
O009220,C02303,2024-03-15,Clothing,2,96.2,0.0,4
O009221,C04267,2024-02-16,Clothing,1,31.67,8.74,4
O009222,C04014,2024-12-09,Beauty,5,192.5,0.0,4
O009223,C00617,2024-12-04,Clothing,5,158.86,0.0,4
O009224,C03050,2024-08-23,Sports,3,67.26,8.12,4
O009225,C04644,2024-05-30,Clothing,5,180.05,0.0,5
O009226,C01926,2024-05-02,Clothing,1,20.4,12.06,3
O009227,C02458,2024-09-02,Electronics,4,113.35,0.0,6
O009228,C01612,2024-09-10,Clothing,7,332.87,0.0,4
O009229,C04242,2024-02-23,Sports,2,64.61,12.88,5
O009230,C03110,2024-07-05,Clothing,2,111.31,0.0,4
O009231,C02538,2024-10-07,Sports,4,102.22,0.0,6
O009232,C04358,2024-03-07,Home,2,50.98,9.02,5
O009233,C01628,2024-05-20,Electronics,5,106.98,0.0,5
O009234,C04441,2024-01-21,Sports,4,162.97,0.0,5
O009235,C01999,2024-01-22,Sports,2,109.25,0.0,8
O009236,C02927,2024-06-23,Sports,3,165.52,0.0,3
O009237,C01132,2024-07-09,Home,5,87.83,0.0,4
O009238,C01993,2024-10-11,Electronics,2,51.38,11.55,3
O009239,C00514,2024-10-31,Home,5,126.71,0.0,5
O009240,C00713,2024-12-28,Home,3,67.63,11.35,4
O009241,C03162,2024-10-07,Electronics,2,49.18,11.38,6
O009242,C00215,2024-11-27,Home,3,87.49,0.0,3
O009243,C00604,2024-10-31,Electronics,2,80.0,0.0,5
O009244,C03770,2024-09-17,Beauty,1,27.84,5.77,3
O009245,C04868,2024-06-05,Home,2,101.94,0.0,2
O009246,C00670,2024-09-17,Home,3,86.22,0.0,2
O009247,C01081,2024-02-08,Sports,4,143.9,0.0,1
O009248,C04655,2024-12-02,Beauty,2,121.96,0.0,5
O009249,C01426,2024-01-30,Clothing,1,29.68,11.73,2
O009250,C02270,2024-09-14,Sports,2,106.37,0.0,9
O009251,C00475,2024-09-27,Electronics,2,81.34,0.0,4
O009252,C01132,2024-02-20,Electronics,2,95.46,0.0,3
O009253,C00863,2024-10-05,Beauty,4,144.38,0.0,3
O009254,C00812,2024-08-21,Electronics,1,12.84,8.73,6
O009255,C04273,2024-01-26,Clothing,6,115.54,0.0,5
O009256,C00487,2024-01-11,Clothing,5,133.26,0.0,3
O009257,C00692,2024-01-24,Clothing,3,86.4,0.0,5
O009258,C03109,2024-08-03,Beauty,3,58.1,6.52,3
O009259,C02623,2024-11-22,Electronics,1,41.81,11.87,3
O009260,C00268,2024-05-17,Electronics,4,118.58,0.0,4
O009261,C00785,2024-08-12,Home,2,54.78,11.07,5
O009262,C03874,2024-12-18,Clothing,2,63.67,5.37,4
O009263,C02972,2024-04-19,Clothing,1,55.4,11.87,5
O009264,C02402,2024-11-23,Sports,2,31.11,8.38,5
O009265,C04910,2024-07-24,Home,7,152.73,0.0,5
O009266,C03342,2024-03-11,Electronics,3,78.84,0.0,6
O009267,C03072,2024-07-28,Sports,1,48.26,5.65,4
O009268,C02317,2024-07-03,Home,1,55.06,6.54,3
O009269,C01202,2024-03-30,Electronics,1,5.0,5.14,5
O009270,C00277,2024-09-03,Clothing,3,87.14,0.0,1
O009271,C00307,2024-08-20,Sports,4,63.17,5.33,4
O009272,C00631,2024-02-02,Sports,4,97.95,0.0,4
O009273,C02586,2024-05-26,Home,2,72.27,10.01,5
O009274,C01138,2024-06-18,Electronics,1,44.82,5.87,3
O009275,C02182,2024-08-01,Beauty,3,132.37,0.0,4
O009276,C01714,2024-11-09,Home,4,49.29,7.35,6
O009277,C01049,2024-08-15,Clothing,1,51.14,7.58,4
O009278,C01584,2024-05-25,Sports,1,17.99,6.09,6
O009279,C03352,2024-05-25,Home,2,115.66,0.0,7
O009280,C04909,2024-01-22,Sports,2,50.49,10.37,4
O009281,C01835,2024-03-29,Home,1,71.29,8.86,5
O009282,C00952,2024-06-28,Sports,4,82.23,0.0,4
O009283,C02033,2024-10-26,Home,2,79.6,0.0,3
O009284,C01225,2024-09-21,Home,3,70.14,11.45,4
O009285,C00033,2024-02-19,Clothing,6,183.0,0.0,5
O009286,C00097,2024-08-17,Home,1,45.72,11.08,4
O009287,C04359,2024-03-01,Clothing,2,34.93,5.79,2
O009288,C03142,2024-01-19,Electronics,1,5.56,5.42,3
O009289,C02778,2024-11-03,Clothing,1,24.63,9.06,6
O009290,C03279,2024-11-06,Sports,5,230.07,0.0,4
O009291,C00172,2024-01-25,Clothing,7,247.64,0.0,5
O009292,C04854,2024-07-25,Electronics,1,21.47,8.4,7
O009293,C00901,2024-11-20,Beauty,2,96.06,0.0,4
O009294,C04367,2024-03-15,Electronics,2,52.96,9.78,5
O009295,C00742,2024-05-20,Clothing,1,5.0,12.47,3
O009296,C02615,2024-11-23,Clothing,4,100.12,0.0,3
O009297,C01923,2024-10-07,Home,2,68.85,11.43,1
O009298,C02698,2024-03-31,Beauty,2,89.39,0.0,3
O009299,C00391,2024-03-15,Electronics,6,179.98,0.0,1
O009300,C00959,2024-03-04,Electronics,3,180.41,0.0,2
O009301,C04671,2024-03-22,Clothing,4,167.61,0.0,6
O009302,C00344,2024-09-06,Home,3,140.23,0.0,5
O009303,C03482,2024-05-17,Clothing,1,54.75,6.29,6
O009304,C01570,2024-04-06,Clothing,3,99.97,0.0,4
O009305,C00456,2024-04-09,Home,4,137.26,0.0,2
O009306,C00444,2024-09-29,Clothing,2,68.06,12.33,2
O009307,C04293,2024-08-28,Clothing,6,217.29,0.0,4
O009308,C02916,2024-01-05,Clothing,5,194.2,0.0,5
O009309,C02411,2024-08-02,Clothing,6,134.72,0.0,5
O009310,C03482,2024-03-07,Sports,1,36.41,10.63,1
O009311,C01418,2024-12-22,Beauty,4,222.91,0.0,4
O009312,C00671,2024-06-03,Clothing,1,33.06,12.47,3
O009313,C02285,2024-01-29,Electronics,1,86.0,0.0,5
O009314,C04557,2024-10-31,Clothing,6,310.85,0.0,6
O009315,C00100,2024-01-09,Electronics,3,102.89,0.0,2
O009316,C02788,2024-07-18,Clothing,8,214.08,0.0,4
O009317,C00408,2024-11-29,Beauty,5,190.97,0.0,3
O009318,C00978,2024-08-17,Electronics,3,49.73,11.4,4
O009319,C02799,2024-11-11,Clothing,8,276.07,0.0,3
O009320,C00143,2024-11-03,Electronics,5,143.36,0.0,3
O009321,C03077,2024-11-26,Clothing,2,59.27,9.42,3
O009322,C00720,2024-09-23,Clothing,1,9.95,5.26,3
O009323,C01460,2024-12-25,Home,3,65.52,9.24,3
O009324,C00418,2024-06-11,Home,3,32.74,6.49,4
O009325,C01105,2024-03-15,Home,2,56.32,11.94,7
O009326,C00545,2024-10-18,Home,1,40.33,10.17,3
O009327,C03289,2024-07-01,Clothing,2,70.14,6.96,3
O009328,C00773,2024-04-18,Clothing,3,70.72,8.14,4
O009329,C01694,2024-12-04,Electronics,3,90.11,0.0,3
O009330,C01069,2024-07-18,Home,3,123.72,0.0,1
O009331,C03704,2024-06-29,Sports,6,175.02,0.0,4
O009332,C04224,2024-01-28,Clothing,4,162.63,0.0,3
O009333,C01574,2024-02-22,Sports,2,86.14,0.0,5
O009334,C04973,2024-09-04,Home,3,87.55,0.0,6
O009335,C03794,2024-11-05,Home,5,111.24,0.0,4
O009336,C02654,2024-11-16,Beauty,2,37.11,7.54,4
O009337,C00541,2024-11-04,Beauty,3,116.91,0.0,1
O009338,C02212,2024-02-09,Clothing,3,115.24,0.0,4
O009339,C02697,2024-08-09,Clothing,4,119.49,0.0,3
O009340,C01559,2024-10-23,Beauty,2,96.19,0.0,4
O009341,C00131,2024-06-14,Electronics,2,9.71,10.17,3
O009342,C02744,2024-11-26,Sports,2,97.57,0.0,3
O009343,C04600,2024-01-29,Clothing,7,228.16,0.0,2
O009344,C03821,2024-07-07,Home,4,110.36,0.0,5
O009345,C02232,2024-07-20,Clothing,3,126.73,0.0,6
O009346,C00826,2024-10-22,Electronics,5,191.79,0.0,6
O009347,C02719,2024-05-09,Clothing,5,162.76,0.0,3
O009348,C01023,2024-02-17,Sports,4,89.25,0.0,4
O009349,C02602,2024-09-13,Home,1,49.2,8.67,3
O009350,C04227,2024-11-10,Clothing,4,92.14,0.0,4
O009351,C00697,2024-03-28,Electronics,3,33.03,10.44,5
O009352,C01038,2024-09-14,Clothing,2,78.71,0.0,5
O009353,C00814,2024-02-28,Electronics,7,248.52,0.0,4
O009354,C03838,2024-02-18,Electronics,8,205.08,0.0,3
O009355,C00659,2024-08-03,Sports,2,68.83,9.95,3
O009356,C02428,2024-03-16,Home,1,15.79,7.53,6
O009357,C01084,2024-02-03,Beauty,7,325.79,0.0,6
O009358,C02975,2024-09-04,Electronics,4,83.76,0.0,4
O009359,C01184,2024-11-13,Electronics,3,114.19,0.0,2
O009360,C02625,2024-10-16,Home,4,119.66,0.0,4
O009361,C02733,2024-01-23,Clothing,3,116.35,0.0,4
O009362,C01998,2024-01-19,Electronics,5,126.42,0.0,5
O009363,C02012,2024-11-11,Home,2,57.25,8.98,6
O009364,C01249,2024-04-05,Clothing,1,32.99,10.65,2
O009365,C03737,2024-09-07,Sports,2,55.77,6.43,2
O009366,C02414,2024-08-28,Sports,3,74.89,12.36,6
O009367,C04344,2024-12-11,Clothing,5,97.83,0.0,7
O009368,C00012,2024-10-31,Clothing,4,127.14,0.0,3
O009369,C02011,2024-02-14,Beauty,1,26.7,11.79,2
O009370,C03608,2024-03-16,Clothing,1,5.0,10.12,6
O009371,C00737,2024-04-16,Home,4,88.11,0.0,5
O009372,C00510,2024-02-29,Sports,4,180.4,0.0,4
O009373,C01269,2024-05-11,Clothing,3,54.92,10.91,3
O009374,C04267,2024-06-05,Beauty,1,53.04,10.53,6
O009375,C04817,2024-02-24,Home,1,42.26,12.72,1
O009376,C03043,2024-07-04,Clothing,5,194.14,0.0,8
O009377,C04911,2024-06-23,Clothing,4,148.65,0.0,3
O009378,C01059,2024-01-31,Sports,5,219.61,0.0,5
O009379,C04301,2024-06-03,Electronics,3,126.9,0.0,6
O009380,C00890,2024-09-01,Beauty,4,164.12,0.0,2
O009381,C02953,2024-01-30,Clothing,5,177.62,0.0,5
O009382,C03338,2024-02-18,Clothing,3,97.43,0.0,5
O009383,C03682,2024-06-18,Electronics,4,126.37,0.0,4
O009384,C02745,2024-03-15,Clothing,1,15.7,10.66,1
O009385,C04846,2024-07-24,Home,1,38.92,6.45,3
O009386,C01509,2024-11-19,Beauty,1,29.44,11.87,1
O009387,C03338,2024-12-21,Home,8,237.21,0.0,3
O009388,C03034,2024-12-24,Electronics,2,82.47,0.0,4
O009389,C01768,2024-06-09,Clothing,3,105.15,0.0,4
O009390,C01133,2024-05-28,Electronics,4,98.6,0.0,5
O009391,C01202,2024-03-28,Home,3,135.47,0.0,2
O009392,C00249,2024-06-16,Beauty,6,280.95,0.0,1
O009393,C01896,2024-07-07,Sports,1,23.74,10.0,4
O009394,C00230,2024-04-23,Clothing,3,109.09,0.0,4
O009395,C02676,2024-01-13,Sports,3,101.41,0.0,5
O009396,C01285,2024-06-14,Home,3,142.16,0.0,7
O009397,C02876,2024-06-05,Clothing,3,89.97,0.0,3
O009398,C00321,2024-06-29,Sports,3,164.97,0.0,5
O009399,C00028,2024-11-15,Clothing,3,102.56,0.0,5
O009400,C02899,2024-10-18,Clothing,3,140.36,0.0,6
O009401,C00510,2024-04-13,Electronics,5,149.45,0.0,4
O009402,C00641,2024-04-20,Clothing,3,129.44,0.0,6
O009403,C04637,2024-09-17,Electronics,2,33.81,8.46,5
O009404,C03251,2024-05-27,Electronics,1,30.67,12.16,5
O009405,C03748,2024-05-18,Home,3,72.34,7.58,4
O009406,C02720,2024-11-23,Clothing,2,52.67,7.09,3
O009407,C03904,2024-06-17,Home,2,59.14,12.54,4
O009408,C01312,2024-06-06,Clothing,2,144.7,0.0,4
O009409,C03337,2024-02-25,Electronics,3,85.28,0.0,6
O009410,C01491,2024-03-13,Home,1,36.14,8.83,5
O009411,C01419,2024-09-04,Clothing,5,212.75,0.0,4
O009412,C01459,2024-06-28,Beauty,1,34.42,12.25,3
O009413,C03460,2024-03-31,Home,4,167.72,0.0,2
O009414,C04905,2024-07-12,Clothing,6,150.17,0.0,5
O009415,C02568,2024-07-13,Clothing,1,36.67,9.56,6
O009416,C01338,2024-10-11,Home,1,33.49,9.66,4
O009417,C03693,2024-09-04,Clothing,1,59.67,9.95,1
O009418,C04610,2024-08-16,Electronics,5,208.26,0.0,5
O009419,C03082,2024-10-09,Home,3,90.68,0.0,3
O009420,C00347,2024-11-19,Clothing,3,102.91,0.0,4
O009421,C00117,2024-06-11,Electronics,1,51.15,11.39,4
O009422,C02459,2024-03-31,Sports,1,10.67,5.26,5
O009423,C01421,2024-07-29,Clothing,5,177.06,0.0,5
O009424,C01855,2024-09-22,Clothing,4,136.31,0.0,4
O009425,C03083,2024-05-06,Clothing,5,181.87,0.0,3
O009426,C01632,2024-10-08,Clothing,5,177.92,0.0,5
O009427,C02000,2024-03-11,Electronics,7,213.75,0.0,5
O009428,C02146,2024-03-31,Home,6,171.74,0.0,6
O009429,C04378,2024-04-03,Clothing,3,142.33,0.0,7
O009430,C00807,2024-03-16,Home,4,156.75,0.0,4
O009431,C01692,2024-04-13,Home,2,47.66,10.71,3
O009432,C02705,2024-07-15,Sports,2,38.49,5.18,5
O009433,C03436,2024-07-02,Electronics,4,125.71,0.0,3
O009434,C00211,2024-03-17,Sports,3,153.93,0.0,4
O009435,C01691,2024-10-23,Sports,2,58.1,9.09,5
O009436,C01778,2024-11-17,Clothing,3,113.95,0.0,4
O009437,C03148,2024-02-03,Sports,4,113.62,0.0,6
O009438,C02500,2024-05-01,Beauty,4,140.17,0.0,4
O009439,C00687,2024-11-01,Clothing,3,69.66,11.73,4
O009440,C02671,2024-12-11,Sports,2,97.13,0.0,2
O009441,C00930,2024-07-21,Electronics,3,57.7,8.65,2
O009442,C04114,2024-10-24,Electronics,1,26.75,9.01,5
O009443,C01315,2024-05-08,Home,4,100.87,0.0,4
O009444,C02834,2024-10-16,Electronics,2,81.63,0.0,5
O009445,C01774,2024-07-31,Beauty,3,85.66,0.0,5
O009446,C02246,2024-05-17,Home,3,104.53,0.0,2
O009447,C01186,2024-09-17,Sports,2,77.69,0.0,3
O009448,C02465,2024-12-11,Home,4,71.2,10.3,5
O009449,C00384,2024-06-20,Beauty,2,75.75,0.0,5
O009450,C04991,2024-05-26,Electronics,1,35.81,12.29,4
O009451,C03924,2024-05-28,Clothing,4,172.01,0.0,4
O009452,C01522,2024-01-29,Clothing,2,88.78,0.0,3
O009453,C00980,2024-04-11,Electronics,5,209.67,0.0,5
O009454,C04178,2024-10-22,Electronics,5,168.83,0.0,8
O009455,C03611,2024-09-10,Sports,2,56.78,5.76,3
O009456,C03271,2024-09-30,Electronics,5,135.12,0.0,7
O009457,C01954,2024-02-18,Home,4,166.96,0.0,2
O009458,C01485,2024-07-07,Clothing,1,26.0,7.24,2
O009459,C00884,2024-03-05,Sports,3,89.97,0.0,2
O009460,C02528,2024-06-12,Clothing,4,134.34,0.0,7
O009461,C04824,2024-08-11,Clothing,5,234.24,0.0,1
O009462,C00124,2024-11-21,Home,3,48.37,8.46,3
O009463,C00526,2024-01-07,Electronics,4,129.27,0.0,3
O009464,C02087,2024-03-01,Sports,6,177.36,0.0,5
O009465,C02156,2024-07-10,Beauty,1,15.47,12.49,5
O009466,C01377,2024-12-25,Sports,2,92.45,0.0,4
O009467,C04407,2024-03-28,Sports,2,78.96,0.0,3
O009468,C03462,2024-06-06,Sports,3,133.24,0.0,2
O009469,C04136,2024-09-29,Clothing,2,58.21,6.76,3
O009470,C04877,2024-11-27,Sports,8,470.12,0.0,7
O009471,C00581,2024-10-08,Home,2,74.05,10.58,5
O009472,C01994,2024-05-24,Sports,3,121.48,0.0,5
O009473,C04526,2024-06-11,Clothing,2,81.88,0.0,1
O009474,C03936,2024-06-22,Clothing,6,324.85,0.0,4
O009475,C00457,2024-04-17,Beauty,5,181.9,0.0,3
O009476,C02801,2024-10-27,Electronics,7,214.17,0.0,5
O009477,C01452,2024-11-26,Electronics,2,73.13,9.25,3
O009478,C00204,2024-05-23,Home,2,45.31,5.32,3
O009479,C02827,2024-02-27,Home,1,16.57,8.31,3
O009480,C04214,2024-10-24,Home,2,60.13,6.22,2
O009481,C01853,2024-12-15,Beauty,7,283.01,0.0,5
O009482,C03466,2024-07-06,Clothing,1,67.63,5.56,4
O009483,C04046,2024-01-20,Clothing,4,45.38,9.05,4
O009484,C04993,2024-07-30,Clothing,3,122.64,0.0,3
O009485,C02444,2024-01-24,Electronics,2,52.16,8.77,5
O009486,C02053,2024-03-31,Home,2,62.56,9.69,2
O009487,C04604,2024-08-03,Clothing,2,95.97,0.0,4
O009488,C02193,2024-02-21,Electronics,1,46.22,12.98,6
O009489,C02710,2024-05-17,Sports,3,152.46,0.0,6
O009490,C01183,2024-06-01,Sports,4,146.87,0.0,8
O009491,C02829,2024-08-07,Sports,2,64.21,10.7,4
O009492,C00959,2024-12-27,Clothing,2,19.8,7.91,4
O009493,C04075,2024-06-21,Home,4,137.74,0.0,5
O009494,C02059,2024-01-01,Beauty,2,56.55,12.57,3
O009495,C00069,2024-01-25,Home,3,111.66,0.0,7
O009496,C01638,2024-07-22,Clothing,5,73.94,6.98,6
O009497,C00202,2024-12-24,Home,3,100.79,0.0,4
O009498,C00266,2024-07-19,Electronics,2,125.52,0.0,2
O009499,C03126,2024-07-09,Electronics,1,8.12,7.0,7
O009500,C00239,2024-12-26,Sports,2,78.08,0.0,4
O009501,C00291,2024-10-30,Clothing,5,103.6,0.0,2
O009502,C03395,2024-08-19,Electronics,1,5.0,9.3,5
O009503,C01809,2024-08-07,Home,3,110.26,0.0,6
O009504,C02090,2024-03-06,Electronics,8,266.36,0.0,7
O009505,C00955,2024-01-24,Home,2,23.15,5.26,6
O009506,C04729,2024-03-22,Home,6,220.27,0.0,6
O009507,C01931,2024-03-31,Clothing,4,152.69,0.0,4
O009508,C04081,2024-06-20,Electronics,3,54.06,9.69,1
O009509,C00284,2024-02-04,Clothing,6,181.2,0.0,3
O009510,C00807,2024-02-03,Electronics,2,55.75,7.25,6
O009511,C01907,2024-09-18,Clothing,6,324.5,0.0,4
O009512,C02677,2024-06-25,Sports,3,108.0,0.0,5
O009513,C03572,2024-05-23,Clothing,1,61.3,8.1,3
O009514,C04672,2024-08-02,Clothing,1,51.99,8.68,1
O009515,C03760,2024-05-20,Clothing,5,194.37,0.0,1
O009516,C04070,2024-09-24,Electronics,1,20.44,7.98,6
O009517,C01619,2024-05-18,Clothing,3,112.96,0.0,4
O009518,C04907,2024-02-16,Beauty,2,65.55,12.38,2
O009519,C00809,2024-02-29,Clothing,3,76.73,0.0,3
O009520,C03787,2024-02-18,Home,4,213.1,0.0,4
O009521,C00942,2024-02-21,Clothing,2,82.32,0.0,4
O009522,C00040,2024-03-01,Sports,3,82.87,0.0,5
O009523,C01339,2024-08-01,Clothing,3,135.92,0.0,7
O009524,C04653,2024-04-04,Clothing,7,313.0,0.0,5
O009525,C01322,2024-04-29,Home,1,24.74,6.03,2
O009526,C01655,2024-08-06,Home,4,176.97,0.0,2
O009527,C03069,2024-02-09,Sports,2,57.57,12.58,5
O009528,C04739,2024-12-11,Electronics,5,144.79,0.0,3
O009529,C00395,2024-11-22,Clothing,2,58.31,12.54,3
O009530,C00792,2024-11-12,Sports,3,68.36,6.85,4
O009531,C03634,2024-08-19,Clothing,1,5.0,7.29,3
O009532,C01945,2024-07-29,Clothing,2,127.54,0.0,4
O009533,C00744,2024-02-07,Beauty,4,58.37,9.86,4
O009534,C04373,2024-11-12,Clothing,3,123.97,0.0,2
O009535,C00194,2024-07-29,Sports,3,143.65,0.0,5
O009536,C04275,2024-03-23,Beauty,4,91.3,0.0,5
O009537,C03898,2024-12-21,Home,1,32.32,9.62,5
O009538,C00218,2024-04-27,Beauty,1,28.17,6.35,6
O009539,C03583,2024-10-29,Electronics,3,115.71,0.0,4
O009540,C04653,2024-01-27,Sports,2,74.57,5.45,4
O009541,C03491,2024-07-27,Clothing,4,141.05,0.0,3
O009542,C02816,2024-05-04,Home,3,122.77,0.0,4
O009543,C03904,2024-10-02,Electronics,2,33.63,7.39,2
O009544,C03924,2024-10-24,Clothing,1,11.86,11.23,3
O009545,C01786,2024-10-23,Home,1,37.0,7.61,3
O009546,C04173,2024-03-12,Clothing,3,87.47,0.0,2
O009547,C04695,2024-02-27,Home,5,132.71,0.0,1
O009548,C03834,2024-10-22,Electronics,2,84.23,0.0,4
O009549,C01183,2024-04-28,Electronics,5,144.84,0.0,5
O009550,C00524,2024-03-02,Home,3,102.32,0.0,2
O009551,C03297,2024-03-27,Beauty,2,125.91,0.0,4
O009552,C04480,2024-11-21,Electronics,1,56.77,6.99,1
O009553,C00369,2024-04-08,Sports,2,103.16,0.0,3
O009554,C04384,2024-05-03,Electronics,3,85.93,0.0,6
O009555,C00399,2024-01-07,Home,6,209.27,0.0,3
O009556,C02152,2024-05-13,Home,4,169.38,0.0,1
O009557,C03881,2024-10-09,Home,5,206.06,0.0,6
O009558,C00127,2024-01-02,Home,4,169.64,0.0,2
O009559,C02088,2024-11-12,Clothing,4,101.02,0.0,3
O009560,C03144,2024-06-08,Clothing,1,30.28,11.22,5
O009561,C01771,2024-06-05,Clothing,2,47.87,9.21,5
O009562,C04054,2024-08-13,Clothing,3,115.8,0.0,3
O009563,C00247,2024-11-16,Clothing,7,275.32,0.0,5
O009564,C03319,2024-05-22,Electronics,4,181.52,0.0,2
O009565,C02082,2024-09-22,Beauty,3,99.82,0.0,1
O009566,C02058,2024-09-22,Clothing,1,11.62,10.55,5
O009567,C02990,2024-02-06,Electronics,1,53.83,10.61,4
O009568,C03598,2024-10-14,Sports,4,191.01,0.0,7
O009569,C00340,2024-10-18,Home,2,110.78,0.0,5
O009570,C02729,2024-11-15,Clothing,1,5.0,5.75,1
O009571,C01592,2024-03-13,Beauty,7,327.67,0.0,7
O009572,C03162,2024-01-16,Home,4,118.18,0.0,4
O009573,C01309,2024-12-26,Beauty,2,84.86,0.0,4
O009574,C04630,2024-03-23,Home,1,36.88,6.0,2
O009575,C03339,2024-06-22,Home,1,60.11,7.52,6
O009576,C04905,2024-03-16,Clothing,3,104.33,0.0,2
O009577,C02699,2024-10-17,Clothing,1,31.46,6.34,3
O009578,C03124,2024-02-20,Beauty,2,80.03,0.0,4
O009579,C02298,2024-12-28,Sports,6,160.16,0.0,5
O009580,C02054,2024-07-04,Clothing,1,25.29,9.75,4
O009581,C04945,2024-01-05,Clothing,5,118.32,0.0,3
O009582,C01510,2024-09-18,Electronics,2,38.17,7.89,6
O009583,C03808,2024-06-27,Clothing,3,162.97,0.0,3
O009584,C00013,2024-05-21,Sports,3,99.07,0.0,8
O009585,C04035,2024-09-24,Clothing,4,191.98,0.0,3
O009586,C01581,2024-04-23,Home,1,27.49,9.59,6
O009587,C03434,2024-06-28,Clothing,1,23.78,5.12,5
O009588,C04634,2024-03-08,Home,2,74.29,6.22,6
O009589,C02052,2024-04-16,Clothing,1,25.12,8.73,4
O009590,C03877,2024-02-28,Electronics,2,85.67,0.0,6
O009591,C04818,2024-09-30,Electronics,2,54.8,6.45,3
O009592,C01824,2024-01-31,Clothing,1,44.77,7.8,4
O009593,C03431,2024-02-04,Clothing,2,77.11,0.0,4
O009594,C02741,2024-09-16,Home,1,58.18,7.03,3
O009595,C01789,2024-01-09,Home,3,102.97,0.0,2
O009596,C01953,2024-04-18,Electronics,4,100.38,0.0,4
O009597,C02705,2024-05-22,Clothing,3,89.46,0.0,6
O009598,C00952,2024-02-11,Home,4,189.78,0.0,6
O009599,C04724,2024-07-05,Sports,2,88.88,0.0,3
O009600,C03421,2024-03-25,Clothing,5,132.87,0.0,4
O009601,C03028,2024-12-17,Home,3,97.8,0.0,3
O009602,C03102,2024-07-19,Beauty,7,330.29,0.0,4
O009603,C03961,2024-10-14,Electronics,2,94.89,0.0,3
O009604,C03589,2024-12-01,Sports,2,77.14,0.0,4
O009605,C03846,2024-10-27,Clothing,5,125.5,0.0,2
O009606,C01148,2024-09-17,Electronics,3,109.15,0.0,5
O009607,C03518,2024-06-07,Sports,3,148.92,0.0,6
O009608,C03059,2024-06-01,Sports,2,71.54,9.9,5
O009609,C01418,2024-07-02,Clothing,1,43.36,12.05,4
O009610,C03910,2024-09-13,Electronics,1,30.74,11.99,7
O009611,C04746,2024-11-12,Beauty,4,53.93,9.74,4
O009612,C03690,2024-03-07,Electronics,6,163.56,0.0,4
O009613,C02773,2024-07-31,Beauty,2,115.86,0.0,4
O009614,C04908,2024-08-07,Home,2,75.76,0.0,3
O009615,C02829,2024-11-18,Sports,6,191.34,0.0,5
O009616,C02170,2024-12-17,Home,4,148.34,0.0,5
O009617,C02250,2024-08-11,Clothing,7,288.77,0.0,2
O009618,C03859,2024-04-03,Clothing,2,81.15,0.0,2
O009619,C01626,2024-02-28,Clothing,1,24.69,6.36,5
O009620,C02750,2024-06-26,Beauty,5,187.21,0.0,2
O009621,C02606,2024-10-16,Beauty,3,65.5,6.35,3
O009622,C01848,2024-04-21,Clothing,3,135.01,0.0,3
O009623,C00579,2024-11-19,Clothing,2,114.31,0.0,3
O009624,C01137,2024-06-30,Clothing,2,78.07,0.0,5
O009625,C03411,2024-08-11,Clothing,4,133.62,0.0,4
O009626,C03134,2024-06-08,Beauty,6,214.9,0.0,5
O009627,C02275,2024-12-28,Electronics,3,96.49,0.0,3
O009628,C02222,2024-12-02,Home,4,62.29,5.52,6
O009629,C01158,2024-09-20,Clothing,8,217.23,0.0,6
O009630,C03859,2024-06-11,Clothing,3,54.37,8.33,6
O009631,C01650,2024-10-06,Home,4,117.37,0.0,3
O009632,C04665,2024-01-03,Home,1,49.92,6.85,4
O009633,C04373,2024-03-21,Clothing,5,180.46,0.0,3
O009634,C01587,2024-10-18,Sports,3,90.07,0.0,3
O009635,C01959,2024-06-27,Home,3,70.97,12.37,6
O009636,C02324,2024-12-25,Beauty,1,51.58,8.52,5
O009637,C00234,2024-12-02,Sports,4,157.25,0.0,6
O009638,C01266,2024-11-10,Sports,4,32.33,6.8,3
O009639,C00032,2024-04-03,Clothing,6,184.23,0.0,6
O009640,C03439,2024-08-04,Electronics,2,75.69,0.0,5
O009641,C01372,2024-01-22,Sports,2,94.95,0.0,5
O009642,C00760,2024-05-05,Clothing,1,15.96,6.53,6
O009643,C03204,2024-09-24,Electronics,2,33.92,12.33,3
O009644,C01795,2024-05-22,Home,1,57.85,6.5,7
O009645,C04889,2024-09-24,Home,3,108.26,0.0,2
O009646,C00762,2024-12-07,Electronics,2,60.84,9.64,4
O009647,C04361,2024-04-12,Electronics,1,46.38,5.46,5
O009648,C04081,2024-02-25,Sports,4,92.29,0.0,1
O009649,C00282,2024-08-14,Home,2,80.62,0.0,4
O009650,C04072,2024-04-15,Sports,2,111.89,0.0,1
O009651,C03904,2024-05-23,Clothing,3,159.11,0.0,7
O009652,C04626,2024-02-02,Home,1,52.67,7.73,6
O009653,C04056,2024-04-26,Clothing,1,20.65,7.06,4
O009654,C00816,2024-06-19,Sports,6,200.72,0.0,3
O009655,C04560,2024-10-31,Clothing,2,88.1,0.0,2
O009656,C01471,2024-11-29,Clothing,1,61.8,11.96,5
O009657,C03288,2024-01-18,Beauty,6,179.37,0.0,4
O009658,C04260,2024-08-23,Electronics,2,43.06,7.0,5
O009659,C02586,2024-06-16,Home,4,152.67,0.0,4
O009660,C00511,2024-12-28,Clothing,1,34.43,6.41,3
O009661,C00555,2024-12-11,Beauty,3,123.74,0.0,5
O009662,C03706,2024-11-30,Home,5,225.75,0.0,5
O009663,C01307,2024-12-21,Electronics,2,90.14,0.0,4
O009664,C03143,2024-06-03,Electronics,4,133.34,0.0,3
O009665,C00259,2024-08-27,Clothing,1,46.54,5.9,3
O009666,C01225,2024-04-27,Clothing,2,94.32,0.0,4
O009667,C01666,2024-03-21,Clothing,5,188.7,0.0,5
O009668,C01404,2024-11-05,Home,4,202.65,0.0,4
O009669,C01866,2024-12-09,Clothing,1,51.53,9.52,6
O009670,C00766,2024-06-16,Clothing,1,29.85,7.05,1
O009671,C00065,2024-06-21,Sports,1,66.02,10.88,5
O009672,C03450,2024-12-20,Electronics,2,73.58,8.79,6
O009673,C02706,2024-11-19,Clothing,5,192.48,0.0,4
O009674,C04975,2024-08-05,Clothing,3,84.33,0.0,3
O009675,C00196,2024-08-15,Beauty,3,135.64,0.0,3
O009676,C01384,2024-07-09,Electronics,1,62.54,11.91,4
O009677,C02436,2024-08-13,Electronics,2,111.54,0.0,3
O009678,C04161,2024-06-16,Clothing,1,48.7,6.66,6
O009679,C01451,2024-10-23,Sports,1,42.69,6.11,3
O009680,C00223,2024-07-07,Home,1,19.91,5.98,5
O009681,C00442,2024-07-11,Clothing,3,121.46,0.0,4
O009682,C01438,2024-01-01,Sports,3,137.94,0.0,6
O009683,C03188,2024-01-09,Clothing,1,40.05,12.32,3
O009684,C04999,2024-03-15,Electronics,6,219.32,0.0,5
O009685,C02368,2024-12-01,Beauty,4,193.77,0.0,5
O009686,C04866,2024-12-14,Sports,2,75.59,0.0,4
O009687,C00883,2024-05-22,Electronics,2,30.69,6.08,4
O009688,C00451,2024-11-10,Clothing,7,91.78,0.0,3
O009689,C00743,2024-07-12,Beauty,4,121.96,0.0,3
O009690,C01545,2024-01-10,Electronics,1,5.0,8.72,3
O009691,C03351,2024-05-18,Clothing,3,73.08,11.03,5
O009692,C02830,2024-01-30,Home,1,27.55,10.65,1
O009693,C02614,2024-10-05,Electronics,5,148.18,0.0,2
O009694,C01916,2024-10-04,Beauty,2,45.2,8.94,2
O009695,C01249,2024-02-11,Electronics,4,129.31,0.0,2
O009696,C00528,2024-08-15,Clothing,4,149.99,0.0,4
O009697,C04820,2024-10-11,Clothing,5,102.22,0.0,5
O009698,C00241,2024-07-19,Beauty,1,64.14,6.17,5
O009699,C02143,2024-11-16,Electronics,4,184.57,0.0,6
O009700,C00365,2024-07-28,Sports,2,57.18,6.81,1
O009701,C01209,2024-06-26,Clothing,5,200.71,0.0,4
O009702,C04121,2024-03-26,Beauty,3,101.05,0.0,4
O009703,C02366,2024-02-17,Clothing,3,83.4,0.0,4
O009704,C02962,2024-10-19,Beauty,3,48.06,6.65,6
O009705,C04658,2024-07-24,Electronics,1,38.5,8.84,2
O009706,C04777,2024-12-07,Home,1,16.99,9.59,2
O009707,C02148,2024-12-12,Home,5,231.42,0.0,4
O009708,C02418,2024-11-21,Sports,1,40.58,6.04,3
O009709,C01617,2024-11-06,Beauty,1,26.75,11.07,5
O009710,C01036,2024-11-01,Beauty,2,91.55,0.0,5
O009711,C00720,2024-11-05,Electronics,5,189.49,0.0,5
O009712,C04683,2024-07-09,Home,3,173.75,0.0,4
O009713,C00974,2024-12-26,Clothing,4,74.13,6.78,2
O009714,C01847,2024-01-16,Clothing,3,181.22,0.0,8
O009715,C01372,2024-05-07,Electronics,1,58.24,10.61,6
O009716,C01467,2024-10-29,Clothing,6,146.32,0.0,2
O009717,C00691,2024-07-03,Home,1,15.03,7.11,2
O009718,C00088,2024-05-09,Beauty,6,163.32,0.0,3
O009719,C02513,2024-06-13,Home,2,80.82,0.0,3
O009720,C03849,2024-04-02,Clothing,3,141.99,0.0,4
O009721,C00494,2024-10-05,Beauty,2,55.02,5.43,6
O009722,C01246,2024-07-31,Home,2,74.9,12.43,4
O009723,C01142,2024-05-20,Beauty,3,122.7,0.0,3
O009724,C04232,2024-04-24,Clothing,3,69.02,5.98,3
O009725,C00978,2024-11-16,Home,1,5.0,9.46,3
O009726,C02235,2024-10-30,Sports,1,63.66,10.5,5
O009727,C00542,2024-01-07,Electronics,1,67.56,11.42,3
O009728,C01403,2024-02-25,Home,2,88.97,0.0,3
O009729,C00811,2024-07-10,Beauty,4,101.15,0.0,4
O009730,C04508,2024-01-22,Electronics,4,155.29,0.0,5
O009731,C03493,2024-11-14,Home,3,87.9,0.0,6
O009732,C04313,2024-03-20,Home,4,117.76,0.0,5
O009733,C04926,2024-10-10,Clothing,1,57.79,10.16,3
O009734,C01134,2024-04-12,Clothing,2,57.62,9.98,2
O009735,C04381,2024-08-04,Home,3,121.68,0.0,2
O009736,C04866,2024-05-21,Home,1,5.9,6.66,2
O009737,C00569,2024-03-25,Sports,5,212.25,0.0,5
O009738,C03001,2024-03-17,Sports,1,13.2,8.41,2
O009739,C01322,2024-09-14,Home,4,130.31,0.0,6
O009740,C02745,2024-11-02,Home,2,79.03,0.0,3
O009741,C04626,2024-08-15,Beauty,2,78.12,0.0,4
O009742,C03579,2024-03-18,Electronics,2,78.53,0.0,3
O009743,C01768,2024-06-10,Beauty,1,30.69,9.42,4
O009744,C02075,2024-03-22,Electronics,2,79.63,0.0,4
O009745,C02044,2024-08-03,Home,1,73.27,6.53,4
O009746,C01142,2024-02-20,Clothing,3,118.77,0.0,3
O009747,C01078,2024-06-12,Sports,1,38.35,9.68,1
O009748,C04600,2024-09-07,Clothing,3,69.19,12.64,3
O009749,C00152,2024-07-31,Clothing,2,45.3,10.18,3
O009750,C04833,2024-07-29,Sports,3,94.75,0.0,6
O009751,C00479,2024-06-11,Clothing,4,163.6,0.0,5
O009752,C03234,2024-11-14,Clothing,1,30.89,9.83,6
O009753,C01686,2024-12-25,Home,5,130.92,0.0,3
O009754,C03492,2024-03-25,Beauty,3,103.88,0.0,6
O009755,C01372,2024-01-03,Home,2,33.36,5.46,2
O009756,C03901,2024-01-05,Electronics,5,126.5,0.0,6
O009757,C04946,2024-08-22,Sports,6,174.38,0.0,1
O009758,C02602,2024-10-01,Beauty,2,37.4,8.11,5
O009759,C03424,2024-10-16,Home,2,103.01,0.0,1
O009760,C01697,2024-01-20,Home,4,125.53,0.0,2
O009761,C03658,2024-11-24,Sports,3,147.99,0.0,4
O009762,C03977,2024-07-13,Clothing,3,106.4,0.0,4
O009763,C01399,2024-05-28,Beauty,4,142.9,0.0,5
O009764,C03981,2024-04-25,Sports,4,139.02,0.0,6
O009765,C01402,2024-01-04,Electronics,1,42.33,7.34,4
O009766,C01709,2024-01-22,Home,7,300.01,0.0,4
O009767,C01413,2024-11-22,Beauty,1,40.57,11.97,6
O009768,C03231,2024-07-08,Clothing,1,5.0,5.3,2
O009769,C02503,2024-01-12,Beauty,4,210.69,0.0,2
O009770,C04723,2024-07-07,Electronics,2,94.6,0.0,2
O009771,C01265,2024-11-12,Electronics,3,64.71,9.52,3
O009772,C02260,2024-01-27,Beauty,1,62.52,10.08,4
O009773,C00363,2024-12-05,Electronics,4,122.89,0.0,3
O009774,C02646,2024-05-21,Clothing,3,54.81,9.52,3
O009775,C01533,2024-01-07,Clothing,2,90.33,0.0,3
O009776,C04753,2024-01-10,Home,5,228.13,0.0,3
O009777,C01384,2024-06-27,Beauty,2,93.82,0.0,1
O009778,C00667,2024-01-03,Beauty,6,240.95,0.0,5
O009779,C02813,2024-04-12,Sports,4,113.84,0.0,4
O009780,C02476,2024-10-26,Clothing,4,131.24,0.0,5
O009781,C03101,2024-02-23,Home,3,84.19,0.0,5
O009782,C03402,2024-06-10,Electronics,3,91.86,0.0,3
O009783,C03106,2024-08-17,Sports,2,62.26,12.35,5
O009784,C02552,2024-12-10,Sports,2,46.04,7.93,5
O009785,C03900,2024-07-29,Electronics,1,26.76,12.72,3
O009786,C02152,2024-10-07,Sports,1,40.46,6.83,3
O009787,C00388,2024-03-10,Clothing,3,93.48,0.0,6
O009788,C03162,2024-10-27,Beauty,4,109.48,0.0,3
O009789,C02381,2024-03-08,Beauty,4,116.98,0.0,5
O009790,C00377,2024-10-08,Clothing,3,153.65,0.0,5
O009791,C04336,2024-10-08,Home,4,177.56,0.0,3
O009792,C04278,2024-06-02,Electronics,3,133.42,0.0,3
O009793,C01281,2024-08-11,Sports,7,318.34,0.0,6
O009794,C00744,2024-12-13,Sports,5,184.14,0.0,2
O009795,C04937,2024-07-07,Sports,3,71.86,12.65,5
O009796,C03487,2024-02-10,Home,4,115.41,0.0,2
O009797,C01069,2024-06-21,Sports,2,43.78,9.01,4
O009798,C01009,2024-08-25,Clothing,4,123.88,0.0,4
O009799,C04694,2024-09-26,Electronics,2,83.26,0.0,2
O009800,C04297,2024-06-13,Electronics,4,168.31,0.0,3
O009801,C00343,2024-05-09,Home,5,145.68,0.0,3
O009802,C03284,2024-01-05,Sports,1,18.52,10.46,5
O009803,C00631,2024-12-23,Clothing,2,98.6,0.0,4
O009804,C00298,2024-05-09,Home,3,113.35,0.0,4
O009805,C00698,2024-06-24,Beauty,2,55.4,11.33,3
O009806,C01506,2024-01-22,Clothing,3,141.75,0.0,4
O009807,C02761,2024-02-10,Home,4,149.53,0.0,5
O009808,C02826,2024-06-01,Electronics,2,111.96,0.0,5
O009809,C00379,2024-02-15,Beauty,5,83.22,0.0,5
O009810,C02796,2024-12-15,Home,5,167.39,0.0,3
O009811,C00706,2024-01-09,Electronics,4,75.74,0.0,5
O009812,C02415,2024-04-10,Beauty,4,149.14,0.0,5
O009813,C00771,2024-02-16,Home,2,76.57,0.0,3
O009814,C04002,2024-11-25,Beauty,2,96.17,0.0,5
O009815,C01095,2024-07-25,Home,4,241.85,0.0,3
O009816,C03465,2024-08-28,Home,1,42.95,8.27,3
O009817,C03595,2024-01-03,Electronics,2,76.63,0.0,5
O009818,C04445,2024-09-20,Clothing,5,164.0,0.0,6
O009819,C01232,2024-02-05,Sports,2,62.47,7.53,4
O009820,C01447,2024-10-25,Home,3,124.11,0.0,2
O009821,C04189,2024-08-30,Clothing,1,77.7,0.0,4
O009822,C02403,2024-08-25,Home,6,155.26,0.0,1
O009823,C01827,2024-11-14,Beauty,1,55.13,9.42,5
O009824,C03848,2024-08-06,Electronics,1,36.83,12.63,4
O009825,C01093,2024-07-19,Clothing,3,127.76,0.0,4
O009826,C04678,2024-01-27,Beauty,2,99.63,0.0,6
O009827,C01721,2024-03-29,Home,3,66.76,12.5,2
O009828,C00883,2024-09-25,Clothing,2,28.52,8.15,2
O009829,C00124,2024-11-02,Sports,2,40.12,5.79,4
O009830,C03491,2024-11-19,Clothing,2,57.15,12.71,6
O009831,C03595,2024-05-03,Home,4,150.98,0.0,6
O009832,C00603,2024-10-07,Sports,8,358.27,0.0,5
O009833,C03832,2024-09-11,Clothing,1,30.64,7.26,3
O009834,C00305,2024-12-24,Sports,4,146.23,0.0,6
O009835,C03229,2024-01-02,Clothing,6,110.73,0.0,5
O009836,C03160,2024-11-24,Electronics,1,34.88,9.65,2
O009837,C01252,2024-05-02,Clothing,5,248.17,0.0,2
O009838,C00937,2024-08-23,Clothing,2,102.98,0.0,6
O009839,C03718,2024-03-17,Sports,2,51.09,5.22,2
O009840,C02314,2024-03-18,Home,6,327.93,0.0,3
O009841,C02132,2024-11-27,Home,5,103.98,0.0,5
O009842,C03284,2024-06-11,Electronics,3,99.36,0.0,4
O009843,C03290,2024-05-29,Clothing,4,106.59,0.0,6
O009844,C04845,2024-02-17,Clothing,1,91.07,0.0,4
O009845,C02199,2024-04-23,Clothing,2,56.39,5.31,6
O009846,C00686,2024-03-04,Clothing,1,47.15,6.36,1
O009847,C04236,2024-05-29,Electronics,1,38.19,10.78,4
O009848,C00055,2024-03-13,Home,5,125.35,0.0,5
O009849,C03213,2024-02-16,Clothing,7,215.33,0.0,6
O009850,C04170,2024-10-22,Home,3,125.31,0.0,2
O009851,C03207,2024-12-27,Home,3,113.04,0.0,4
O009852,C02956,2024-06-29,Electronics,2,74.1,7.9,4
O009853,C01945,2024-09-15,Clothing,5,112.58,0.0,3
O009854,C00642,2024-04-04,Clothing,2,103.4,0.0,5
O009855,C04840,2024-04-10,Electronics,3,46.73,7.15,4
O009856,C00062,2024-03-23,Sports,3,79.3,0.0,4
O009857,C01224,2024-03-22,Clothing,5,162.34,0.0,2
O009858,C02538,2024-04-30,Beauty,2,43.79,5.81,6
O009859,C00493,2024-01-03,Sports,7,274.81,0.0,4
O009860,C01140,2024-01-13,Clothing,1,54.02,8.92,2
O009861,C01256,2024-06-12,Clothing,2,60.1,10.07,7
O009862,C02496,2024-04-14,Electronics,3,132.63,0.0,2
O009863,C03286,2024-12-10,Beauty,4,89.05,0.0,4
O009864,C02256,2024-12-13,Sports,1,24.43,11.88,2
O009865,C01002,2024-06-14,Sports,4,267.54,0.0,3
O009866,C01126,2024-03-15,Clothing,5,249.44,0.0,1
O009867,C03882,2024-02-29,Home,4,215.09,0.0,6
O009868,C04106,2024-08-20,Beauty,2,67.8,6.55,5
O009869,C03545,2024-03-13,Beauty,3,163.7,0.0,5
O009870,C01147,2024-10-04,Clothing,3,91.79,0.0,4
O009871,C00787,2024-05-28,Sports,3,54.61,11.87,5
O009872,C02052,2024-05-02,Beauty,2,59.23,5.93,3
O009873,C00259,2024-10-15,Beauty,2,76.34,0.0,6
O009874,C03850,2024-01-04,Electronics,1,35.02,10.95,5
O009875,C04617,2024-08-24,Home,2,86.97,0.0,6
O009876,C00716,2024-07-26,Beauty,4,82.19,0.0,7
O009877,C01644,2024-06-20,Home,1,40.13,5.11,3
O009878,C00124,2024-07-25,Beauty,6,59.38,8.63,3
O009879,C01774,2024-05-29,Home,3,116.85,0.0,3
O009880,C00922,2024-08-11,Electronics,2,44.6,9.34,5
O009881,C02178,2024-02-28,Home,2,55.73,11.57,3
O009882,C01504,2024-10-19,Beauty,2,126.93,0.0,3
O009883,C01853,2024-05-30,Clothing,3,101.33,0.0,4
O009884,C02125,2024-06-09,Home,2,65.74,8.65,2
O009885,C03255,2024-04-22,Clothing,4,130.61,0.0,6
O009886,C02414,2024-08-19,Home,3,114.21,0.0,1
O009887,C04388,2024-07-04,Sports,4,173.91,0.0,3
O009888,C00157,2024-08-26,Clothing,2,102.45,0.0,3
O009889,C01124,2024-09-03,Clothing,1,26.02,9.89,5
O009890,C00918,2024-05-19,Beauty,3,69.63,5.46,3
O009891,C01703,2024-04-21,Beauty,3,133.57,0.0,9
O009892,C01666,2024-07-13,Clothing,2,80.92,0.0,5
O009893,C04234,2024-05-04,Beauty,4,156.5,0.0,3
O009894,C02112,2024-12-21,Electronics,4,147.0,0.0,4
O009895,C03715,2024-08-26,Sports,2,86.65,0.0,3
O009896,C02555,2024-01-01,Home,2,62.24,12.66,4
O009897,C03025,2024-04-30,Home,2,90.59,0.0,5
O009898,C04036,2024-03-29,Beauty,1,19.66,6.88,6
O009899,C02837,2024-01-20,Clothing,2,79.32,0.0,2
O009900,C02398,2024-09-29,Electronics,4,108.62,0.0,2
O009901,C02195,2024-06-25,Sports,5,83.06,0.0,4
O009902,C01556,2024-04-23,Sports,6,245.58,0.0,4
O009903,C03626,2024-10-08,Home,1,24.23,7.4,4
O009904,C02910,2024-01-27,Clothing,2,49.78,7.65,5
O009905,C04503,2024-07-06,Beauty,1,64.74,12.1,5
O009906,C00344,2024-03-27,Home,2,62.13,6.98,6
O009907,C04748,2024-03-20,Clothing,1,33.83,8.37,6
O009908,C01545,2024-06-28,Electronics,6,165.83,0.0,4
O009909,C03997,2024-02-24,Clothing,5,144.11,0.0,5
O009910,C02819,2024-09-03,Home,2,55.08,9.5,4
O009911,C00039,2024-11-12,Beauty,2,141.24,0.0,4
O009912,C04383,2024-08-20,Electronics,1,44.81,7.52,5
O009913,C04987,2024-09-26,Home,4,183.36,0.0,4
O009914,C04758,2024-04-18,Electronics,4,82.92,0.0,4
O009915,C03424,2024-08-25,Electronics,7,175.38,0.0,5
O009916,C01029,2024-11-02,Sports,5,81.88,0.0,2
O009917,C00236,2024-06-03,Clothing,6,125.04,0.0,2
O009918,C00969,2024-06-16,Clothing,2,55.55,6.85,8
O009919,C01231,2024-03-08,Electronics,4,149.29,0.0,4
O009920,C00239,2024-09-21,Beauty,1,22.12,9.51,5
O009921,C01855,2024-08-22,Clothing,2,78.34,0.0,4
O009922,C04925,2024-02-08,Beauty,2,74.33,9.1,5
O009923,C00052,2024-05-22,Electronics,1,12.27,7.04,4
O009924,C02156,2024-12-10,Electronics,2,45.56,11.17,6
O009925,C01381,2024-01-18,Home,2,66.06,10.1,3
O009926,C01057,2024-02-21,Home,4,123.32,0.0,1
O009927,C00022,2024-08-09,Beauty,4,179.33,0.0,5
O009928,C00307,2024-10-19,Home,2,76.54,0.0,3
O009929,C04107,2024-03-20,Clothing,3,93.01,0.0,1
O009930,C02610,2024-06-29,Clothing,2,78.59,0.0,3
O009931,C04294,2024-05-19,Beauty,2,61.86,7.09,5
O009932,C03601,2024-07-27,Sports,2,61.39,5.81,4
O009933,C01966,2024-11-30,Home,2,107.75,0.0,6
O009934,C04647,2024-10-07,Beauty,5,185.23,0.0,3
O009935,C03579,2024-05-01,Home,1,71.56,9.22,3
O009936,C02544,2024-07-29,Electronics,1,71.15,10.66,7
O009937,C00505,2024-12-09,Home,4,168.18,0.0,3
O009938,C00137,2024-05-14,Electronics,1,25.3,5.36,3
O009939,C01303,2024-06-25,Home,2,64.48,8.63,3
O009940,C04015,2024-02-08,Home,2,32.23,12.75,2
O009941,C03615,2024-03-15,Electronics,4,108.79,0.0,5
O009942,C04948,2024-12-18,Beauty,2,76.95,0.0,4
O009943,C04807,2024-02-18,Home,4,164.25,0.0,4
O009944,C00507,2024-08-04,Home,1,35.26,12.41,3
O009945,C04782,2024-09-02,Clothing,1,5.0,8.47,2
O009946,C01534,2024-08-18,Clothing,1,32.18,7.38,4
O009947,C03642,2024-09-11,Home,4,137.48,0.0,5
O009948,C04004,2024-07-21,Clothing,4,136.4,0.0,6
O009949,C00708,2024-05-23,Beauty,4,208.4,0.0,6
O009950,C01624,2024-12-17,Clothing,3,99.87,0.0,5
O009951,C04238,2024-10-22,Beauty,4,157.89,0.0,2
O009952,C02329,2024-01-07,Sports,4,138.43,0.0,4
O009953,C03015,2024-04-10,Beauty,4,86.04,0.0,6
O009954,C01708,2024-10-22,Electronics,4,90.78,0.0,2
O009955,C00302,2024-11-21,Beauty,4,146.39,0.0,4
O009956,C02445,2024-08-15,Sports,1,35.0,10.0,3
O009957,C00318,2024-04-12,Clothing,1,36.45,7.07,6
O009958,C02956,2024-04-01,Clothing,2,107.69,0.0,2
O009959,C02928,2024-10-04,Clothing,1,9.96,10.53,1
O009960,C00858,2024-12-22,Sports,2,44.19,11.8,6
O009961,C02721,2024-07-05,Clothing,6,180.65,0.0,1
O009962,C03023,2024-05-25,Clothing,2,107.75,0.0,1
O009963,C00677,2024-09-23,Clothing,5,216.65,0.0,3
O009964,C00379,2024-04-28,Electronics,1,18.52,5.94,4
O009965,C00217,2024-09-20,Beauty,3,125.29,0.0,4
O009966,C03701,2024-10-02,Clothing,2,97.25,0.0,1
O009967,C02897,2024-07-21,Home,5,246.0,0.0,4
O009968,C04964,2024-02-28,Clothing,1,13.68,6.67,6
O009969,C04530,2024-12-12,Clothing,5,217.74,0.0,2
O009970,C04852,2024-06-01,Clothing,1,46.83,12.9,5
O009971,C02990,2024-07-04,Clothing,3,47.94,5.84,5
O009972,C03831,2024-04-24,Sports,4,153.12,0.0,3
O009973,C03657,2024-10-01,Home,3,147.16,0.0,2
O009974,C01507,2024-12-27,Clothing,6,168.19,0.0,1
O009975,C01291,2024-08-23,Home,2,87.29,0.0,5
O009976,C01940,2024-03-06,Sports,5,138.88,0.0,4
O009977,C04695,2024-09-19,Clothing,3,70.51,9.01,5
O009978,C00236,2024-02-20,Electronics,5,109.17,0.0,3
O009979,C01784,2024-12-16,Clothing,6,142.58,0.0,3
O009980,C04196,2024-11-26,Clothing,2,67.38,10.14,1
O009981,C02787,2024-08-19,Home,1,5.0,12.71,5
O009982,C01378,2024-12-25,Home,3,128.32,0.0,2
O009983,C02756,2024-01-13,Sports,3,100.98,0.0,3
O009984,C02084,2024-11-10,Home,2,84.43,0.0,5
O009985,C04410,2024-10-20,Home,3,140.03,0.0,3
O009986,C04096,2024-01-20,Clothing,1,38.78,11.77,2
O009987,C04647,2024-07-31,Clothing,1,18.06,9.87,5
O009988,C04613,2024-09-26,Home,2,114.9,0.0,4
O009989,C02701,2024-02-09,Sports,5,193.15,0.0,3
O009990,C04105,2024-05-14,Home,2,67.61,10.52,4
O009991,C03550,2024-09-18,Sports,3,137.17,0.0,4
O009992,C04153,2024-06-29,Electronics,2,102.62,0.0,1
O009993,C02331,2024-08-14,Beauty,2,84.01,0.0,2
O009994,C04557,2024-09-21,Clothing,4,205.5,0.0,6
O009995,C03762,2024-04-15,Electronics,4,177.54,0.0,3
O009996,C02012,2024-11-16,Electronics,2,64.77,7.09,3
O009997,C02642,2024-04-05,Home,4,182.23,0.0,5
O009998,C02113,2024-10-21,Clothing,2,37.63,7.17,5
O009999,C03501,2024-05-02,Electronics,3,77.56,0.0,6
O010000,C04951,2024-10-03,Clothing,5,198.03,0.0,4
O010001,C04232,2024-02-06,Sports,3,107.36,0.0,5
O010002,C04858,2024-09-24,Home,4,142.23,0.0,3
O010003,C01010,2024-07-16,Beauty,1,61.13,6.21,6
O010004,C01630,2024-09-11,Clothing,8,355.48,0.0,7
O010005,C03120,2024-01-15,Clothing,1,57.05,10.96,2
O010006,C00850,2024-03-25,Clothing,2,46.86,11.02,8
O010007,C02868,2024-04-01,Beauty,1,31.35,10.29,7
O010008,C02040,2024-04-09,Sports,2,56.44,8.57,6
O010009,C03236,2024-06-22,Beauty,3,100.78,0.0,4
O010010,C00479,2024-08-02,Electronics,4,184.33,0.0,1
O010011,C01311,2024-12-30,Home,3,46.61,11.39,5
O010012,C04632,2024-03-26,Electronics,2,57.44,7.21,3
O010013,C02144,2024-03-22,Home,4,172.21,0.0,7
O010014,C00414,2024-11-17,Beauty,1,26.52,6.61,7
O010015,C01657,2024-04-26,Clothing,6,245.13,0.0,4
O010016,C02632,2024-06-15,Home,3,143.16,0.0,5
O010017,C03937,2024-08-29,Clothing,5,180.26,0.0,1
O010018,C01395,2024-10-04,Home,1,54.23,10.25,2
O010019,C02624,2024-12-07,Clothing,2,111.97,0.0,3
O010020,C02291,2024-05-13,Beauty,2,92.16,0.0,3
O010021,C00639,2024-06-28,Clothing,1,47.82,9.83,4
O010022,C03445,2024-06-13,Home,1,33.33,7.27,4
O010023,C00353,2024-07-30,Clothing,1,62.52,8.16,4
O010024,C04522,2024-01-06,Clothing,1,25.08,6.04,6
O010025,C03149,2024-03-13,Home,1,30.17,5.88,4
O010026,C04606,2024-12-22,Sports,1,56.83,10.92,5
O010027,C03589,2024-03-17,Clothing,3,127.74,0.0,4
O010028,C00140,2024-10-09,Home,2,75.83,0.0,4
O010029,C00252,2024-08-02,Beauty,3,94.92,0.0,5
O010030,C00669,2024-06-13,Home,5,160.09,0.0,5
O010031,C03843,2024-06-22,Clothing,2,35.44,8.87,2
O010032,C00317,2024-04-07,Clothing,2,47.31,6.75,1
O010033,C04019,2024-01-25,Beauty,3,120.63,0.0,6
O010034,C02927,2024-05-30,Sports,5,216.76,0.0,4
O010035,C02010,2024-08-07,Clothing,3,90.56,0.0,5
O010036,C02946,2024-06-02,Electronics,3,115.73,0.0,2
O010037,C01053,2024-03-16,Beauty,2,43.99,7.93,3
O010038,C04637,2024-08-18,Home,1,23.36,7.61,4
O010039,C03564,2024-01-03,Home,2,50.27,6.07,2
O010040,C01124,2024-03-13,Home,1,9.1,9.86,4
O010041,C01344,2024-04-20,Sports,2,121.27,0.0,5
O010042,C00570,2024-11-30,Electronics,3,137.55,0.0,4
O010043,C04819,2024-03-12,Clothing,2,76.74,0.0,5
O010044,C03722,2024-09-11,Electronics,5,173.37,0.0,6
O010045,C03917,2024-08-05,Clothing,3,51.24,7.85,6
O010046,C01001,2024-07-26,Electronics,5,247.39,0.0,2
O010047,C02924,2024-09-05,Beauty,2,60.2,9.34,2
O010048,C02237,2024-10-16,Clothing,1,29.09,10.49,3
O010049,C04546,2024-12-05,Electronics,3,164.47,0.0,4
O010050,C03926,2024-03-05,Clothing,2,82.01,0.0,3
O010051,C03253,2024-10-11,Clothing,2,134.39,0.0,6
O010052,C03393,2024-01-04,Sports,2,53.09,7.47,3
O010053,C02331,2024-07-14,Sports,3,119.84,0.0,3
O010054,C03393,2024-04-28,Clothing,8,287.3,0.0,5
O010055,C02618,2024-07-08,Home,7,200.04,0.0,4
O010056,C04121,2024-06-14,Sports,1,76.35,0.0,3
O010057,C04356,2024-08-19,Clothing,3,115.83,0.0,3
O010058,C02014,2024-05-09,Beauty,8,360.48,0.0,2
O010059,C01928,2024-04-01,Home,3,110.62,0.0,3
O010060,C02545,2024-11-27,Home,5,158.45,0.0,2
O010061,C04548,2024-05-04,Electronics,4,109.24,0.0,2
O010062,C04796,2024-10-26,Clothing,2,68.12,12.19,5
O010063,C03720,2024-07-25,Home,4,127.06,0.0,5
O010064,C03674,2024-04-23,Sports,3,30.02,8.81,8
O010065,C01552,2024-12-26,Clothing,3,56.96,5.48,6
O010066,C01683,2024-12-16,Sports,3,48.5,5.51,6
O010067,C00385,2024-04-10,Clothing,4,178.08,0.0,3
O010068,C04709,2024-02-01,Clothing,1,29.81,5.7,4
O010069,C03037,2024-05-10,Clothing,3,90.63,0.0,6
O010070,C02267,2024-01-17,Clothing,1,36.0,5.68,4
O010071,C04653,2024-09-04,Beauty,3,106.52,0.0,5
O010072,C04446,2024-03-04,Clothing,5,114.45,0.0,5
O010073,C00390,2024-03-18,Electronics,1,34.18,8.25,6
O010074,C02919,2024-07-18,Sports,1,67.06,5.72,5
O010075,C02114,2024-02-10,Electronics,2,75.6,0.0,2
O010076,C01143,2024-09-14,Home,1,27.26,12.56,5
O010077,C00746,2024-06-29,Beauty,3,61.39,9.96,3
O010078,C01731,2024-10-16,Electronics,2,35.49,5.55,4
O010079,C04123,2024-05-04,Clothing,4,172.37,0.0,3
O010080,C04386,2024-12-09,Electronics,4,181.94,0.0,6
O010081,C04124,2024-04-21,Home,2,60.25,8.85,4
O010082,C03231,2024-08-22,Clothing,3,150.46,0.0,5
O010083,C03217,2024-07-20,Clothing,2,56.87,9.08,3
O010084,C02515,2024-02-09,Sports,2,31.87,7.86,4
O010085,C01770,2024-07-17,Sports,3,53.9,6.77,2
O010086,C00108,2024-11-06,Sports,3,55.36,7.79,4
O010087,C04987,2024-05-05,Sports,5,173.07,0.0,4
O010088,C02487,2024-03-14,Clothing,2,58.91,7.43,4
O010089,C04299,2024-06-27,Clothing,3,130.96,0.0,3
O010090,C00777,2024-01-05,Home,1,11.1,11.33,2
O010091,C01934,2024-11-07,Home,2,48.74,5.34,7
O010092,C00438,2024-04-27,Beauty,1,50.53,9.74,4
O010093,C01035,2024-08-19,Beauty,2,68.92,5.23,2
O010094,C00837,2024-05-28,Electronics,2,76.54,0.0,3
O010095,C04703,2024-11-09,Clothing,2,71.22,7.83,3
O010096,C00642,2024-07-19,Electronics,3,84.06,0.0,4
O010097,C03175,2024-12-14,Sports,3,141.08,0.0,6
O010098,C01809,2024-01-31,Beauty,2,54.0,11.11,5
O010099,C03876,2024-08-24,Beauty,3,75.72,0.0,3
O010100,C00643,2024-06-03,Clothing,2,66.54,11.96,7
O010101,C00703,2024-07-16,Sports,3,127.88,0.0,6
O010102,C02849,2024-04-16,Clothing,5,255.24,0.0,8
O010103,C02918,2024-06-07,Clothing,2,22.28,12.9,3
O010104,C03613,2024-06-17,Beauty,1,37.36,8.82,1
O010105,C01723,2024-10-27,Home,1,23.46,9.07,5
O010106,C00849,2024-09-14,Home,1,24.65,5.61,5
O010107,C02555,2024-03-02,Electronics,5,188.12,0.0,6
O010108,C01463,2024-05-28,Beauty,2,63.08,8.73,2
O010109,C03830,2024-06-10,Sports,2,56.33,7.47,2
O010110,C03783,2024-03-26,Clothing,2,81.61,0.0,5
O010111,C00511,2024-01-13,Clothing,4,167.49,0.0,3
O010112,C02157,2024-10-01,Home,5,34.6,12.81,6
O010113,C02920,2024-05-03,Electronics,4,181.34,0.0,6
O010114,C00733,2024-12-23,Clothing,4,88.87,0.0,2
O010115,C02951,2024-04-13,Electronics,3,10.82,8.92,5
O010116,C03961,2024-02-18,Electronics,6,202.04,0.0,3
O010117,C01238,2024-01-03,Clothing,1,22.86,5.49,5
O010118,C01481,2024-09-06,Electronics,2,27.56,11.98,4
O010119,C02466,2024-09-09,Home,1,38.29,12.26,5
O010120,C02011,2024-07-29,Electronics,4,193.45,0.0,4
O010121,C04758,2024-03-11,Home,3,132.04,0.0,5
O010122,C02736,2024-09-27,Electronics,3,156.1,0.0,3
O010123,C04200,2024-02-07,Home,2,94.87,0.0,5
O010124,C02760,2024-06-01,Clothing,1,12.08,7.66,5
O010125,C00578,2024-11-12,Electronics,5,260.92,0.0,4
O010126,C03497,2024-08-02,Beauty,5,259.54,0.0,4
O010127,C00819,2024-01-10,Electronics,6,171.44,0.0,5
O010128,C04175,2024-04-09,Sports,5,165.04,0.0,2
O010129,C01890,2024-12-22,Sports,4,111.95,0.0,4
O010130,C00559,2024-10-24,Clothing,1,70.66,9.53,5
O010131,C02934,2024-08-21,Home,5,93.63,0.0,6
O010132,C01620,2024-07-17,Sports,3,47.08,7.54,1
O010133,C00070,2024-06-22,Beauty,4,160.14,0.0,2
O010134,C01190,2024-08-04,Beauty,2,81.89,0.0,4
O010135,C02903,2024-02-09,Beauty,1,28.04,5.84,5
O010136,C04341,2024-07-04,Sports,3,87.45,0.0,4
O010137,C03117,2024-10-06,Home,1,44.74,11.67,5
O010138,C00684,2024-03-09,Electronics,7,344.08,0.0,3
O010139,C03911,2024-09-05,Home,2,50.17,5.58,6
O010140,C03773,2024-03-25,Home,5,225.53,0.0,3
O010141,C00071,2024-06-16,Beauty,2,17.78,9.85,6
O010142,C01263,2024-01-29,Clothing,5,132.64,0.0,6
O010143,C02156,2024-02-06,Clothing,3,31.73,5.89,5
O010144,C04818,2024-01-20,Beauty,2,74.0,5.56,4
O010145,C04398,2024-05-25,Electronics,6,225.52,0.0,8
O010146,C01372,2024-09-16,Home,5,93.24,0.0,6
O010147,C01916,2024-05-18,Sports,6,183.07,0.0,5
O010148,C03806,2024-09-11,Beauty,2,65.58,10.69,3
O010149,C04352,2024-03-26,Sports,3,124.93,0.0,6
O010150,C01548,2024-02-21,Clothing,3,69.96,8.84,4
O010151,C03899,2024-10-25,Clothing,4,196.99,0.0,7
O010152,C04456,2024-05-21,Clothing,2,54.75,7.18,4
O010153,C03556,2024-05-01,Clothing,5,192.19,0.0,4
O010154,C01214,2024-05-30,Electronics,4,189.15,0.0,4
O010155,C02141,2024-11-28,Clothing,4,167.72,0.0,4
O010156,C00861,2024-05-27,Beauty,2,75.36,0.0,4
O010157,C00990,2024-03-23,Electronics,1,13.03,9.25,1
O010158,C04580,2024-05-28,Electronics,2,60.62,9.8,3
O010159,C02924,2024-06-18,Beauty,3,74.71,6.33,3
O010160,C01433,2024-11-20,Electronics,7,277.76,0.0,5
O010161,C00341,2024-09-26,Home,6,223.08,0.0,5
O010162,C02378,2024-08-15,Home,5,83.24,0.0,3
O010163,C01199,2024-11-21,Clothing,2,72.16,6.68,5
O010164,C01468,2024-01-05,Electronics,2,114.18,0.0,4
O010165,C04297,2024-05-31,Electronics,3,87.01,0.0,5
O010166,C04839,2024-08-08,Beauty,2,70.85,10.15,5
O010167,C04194,2024-06-05,Home,1,51.49,6.95,2
O010168,C01292,2024-09-14,Clothing,2,87.51,0.0,4
O010169,C04935,2024-01-06,Clothing,2,29.45,8.7,5
O010170,C00352,2024-10-16,Clothing,3,76.16,0.0,4
O010171,C01302,2024-07-22,Home,4,116.67,0.0,4
O010172,C03640,2024-10-04,Electronics,1,48.18,5.23,4
O010173,C03088,2024-05-13,Clothing,4,92.27,0.0,3
O010174,C00456,2024-11-18,Clothing,3,130.72,0.0,5
O010175,C03251,2024-03-17,Clothing,2,60.61,8.46,2
O010176,C01158,2024-12-11,Sports,6,200.25,0.0,3
O010177,C00258,2024-04-25,Sports,4,170.65,0.0,2
O010178,C02110,2024-07-19,Clothing,2,65.84,8.7,5
O010179,C00482,2024-03-27,Clothing,1,37.76,10.15,4
O010180,C04731,2024-03-08,Beauty,6,345.61,0.0,5
O010181,C03114,2024-04-10,Home,1,41.54,11.88,4
O010182,C01397,2024-06-10,Electronics,4,202.82,0.0,3
O010183,C02627,2024-11-08,Beauty,1,60.11,6.03,4
O010184,C00648,2024-03-11,Home,3,124.39,0.0,6
O010185,C01612,2024-06-21,Beauty,1,40.9,5.28,7
O010186,C03826,2024-06-17,Clothing,2,87.11,0.0,4
O010187,C04589,2024-04-12,Clothing,1,36.36,7.8,7
O010188,C04587,2024-08-15,Clothing,2,47.06,7.0,5
O010189,C02269,2024-05-12,Electronics,2,78.75,0.0,4
O010190,C03885,2024-02-29,Beauty,4,146.44,0.0,3
O010191,C02755,2024-05-24,Electronics,2,84.44,0.0,5
O010192,C04983,2024-07-29,Electronics,1,36.16,9.36,3
O010193,C03587,2024-04-18,Electronics,2,57.46,7.93,2
O010194,C03385,2024-07-11,Sports,1,42.53,6.03,4
O010195,C04590,2024-12-22,Electronics,1,15.57,8.09,4
O010196,C00759,2024-07-01,Home,4,166.0,0.0,4
O010197,C00633,2024-01-09,Home,3,116.43,0.0,5
O010198,C03585,2024-05-11,Electronics,5,124.77,0.0,5
O010199,C00330,2024-03-14,Home,3,83.58,0.0,1
O010200,C03020,2024-04-05,Beauty,2,45.23,5.79,3
O010201,C00010,2024-05-08,Electronics,2,102.12,0.0,3
O010202,C04054,2024-12-08,Home,5,236.5,0.0,1
O010203,C02175,2024-08-09,Electronics,1,21.81,10.41,4
O010204,C00985,2024-05-07,Clothing,4,177.46,0.0,4
O010205,C00669,2024-12-12,Home,2,107.06,0.0,5
O010206,C02279,2024-11-30,Clothing,6,164.04,0.0,1
O010207,C00442,2024-01-07,Electronics,5,178.95,0.0,1
O010208,C02926,2024-08-12,Sports,3,115.05,0.0,4
O010209,C04021,2024-04-25,Clothing,2,109.71,0.0,5
O010210,C00274,2024-04-12,Home,4,115.96,0.0,4
O010211,C04714,2024-08-13,Electronics,2,36.14,5.33,3
O010212,C01027,2024-02-22,Beauty,2,90.46,0.0,3
O010213,C02374,2024-01-03,Sports,4,151.02,0.0,3
O010214,C04349,2024-11-13,Home,1,21.05,7.65,3
O010215,C01558,2024-02-01,Home,5,139.31,0.0,5
O010216,C03127,2024-09-14,Clothing,4,97.67,0.0,2
O010217,C02934,2024-03-20,Home,5,226.56,0.0,5
O010218,C00448,2024-05-03,Sports,2,87.09,0.0,4
O010219,C03369,2024-12-02,Clothing,3,158.49,0.0,3
O010220,C03694,2024-11-04,Electronics,2,48.61,8.34,5
O010221,C03807,2024-09-16,Beauty,6,106.53,0.0,2
O010222,C04565,2024-11-07,Sports,5,109.81,0.0,4
O010223,C03997,2024-12-01,Electronics,3,99.87,0.0,3
O010224,C03318,2024-07-28,Electronics,3,98.81,0.0,4
O010225,C00070,2024-02-14,Home,3,148.28,0.0,4
O010226,C04577,2024-11-04,Home,3,148.93,0.0,4
O010227,C02578,2024-11-24,Electronics,4,190.65,0.0,4
O010228,C04586,2024-09-28,Electronics,2,68.3,9.44,1
O010229,C04599,2024-08-14,Sports,4,77.98,0.0,6
O010230,C03057,2024-12-14,Sports,2,58.58,7.52,4
O010231,C00117,2024-04-22,Electronics,2,79.93,0.0,5
O010232,C01814,2024-01-30,Sports,5,101.37,0.0,5
O010233,C00904,2024-10-02,Sports,5,134.28,0.0,5
O010234,C04524,2024-12-27,Home,2,88.95,0.0,4
O010235,C00494,2024-08-01,Electronics,1,43.0,8.02,7
O010236,C03859,2024-03-27,Beauty,1,64.83,7.65,4
O010237,C02684,2024-10-18,Clothing,2,101.48,0.0,2
O010238,C04176,2024-01-22,Sports,2,32.4,12.39,4
O010239,C03731,2024-01-21,Sports,2,61.28,12.88,4
O010240,C04691,2024-06-24,Clothing,1,35.52,9.72,4
O010241,C01541,2024-09-17,Electronics,3,123.86,0.0,5
O010242,C00626,2024-06-16,Home,4,102.6,0.0,4
O010243,C04380,2024-08-08,Clothing,3,117.63,0.0,6
O010244,C04859,2024-03-22,Beauty,2,25.59,7.64,5
O010245,C00838,2024-03-19,Electronics,3,23.21,10.65,2
O010246,C02016,2024-10-27,Sports,8,266.12,0.0,3
O010247,C02016,2024-06-07,Sports,3,65.24,12.88,5
O010248,C03080,2024-05-22,Home,4,119.88,0.0,3
O010249,C00072,2024-11-09,Clothing,2,112.4,0.0,5
O010250,C03453,2024-02-14,Home,2,36.63,9.42,4
O010251,C04749,2024-08-23,Clothing,2,112.72,0.0,4
O010252,C03879,2024-06-18,Beauty,2,48.17,5.11,4
O010253,C00064,2024-08-12,Electronics,6,168.55,0.0,4
O010254,C00030,2024-10-20,Home,3,90.05,0.0,2
O010255,C03972,2024-11-02,Electronics,2,101.57,0.0,2
O010256,C04653,2024-10-06,Clothing,5,215.33,0.0,5
O010257,C02326,2024-03-31,Electronics,5,157.5,0.0,2
O010258,C04373,2024-05-26,Sports,1,41.67,10.89,5
O010259,C04766,2024-10-07,Electronics,2,65.82,11.47,4
O010260,C02880,2024-03-10,Clothing,3,155.79,0.0,3
O010261,C02189,2024-02-18,Home,4,99.41,0.0,3
O010262,C02782,2024-01-17,Home,4,123.65,0.0,5
O010263,C04122,2024-05-28,Home,2,14.61,10.11,5
O010264,C02146,2024-02-12,Beauty,3,134.71,0.0,3
O010265,C00276,2024-07-30,Home,2,74.5,5.1,4
O010266,C01267,2024-07-22,Sports,5,137.87,0.0,4
O010267,C03974,2024-07-23,Clothing,4,185.6,0.0,4
O010268,C04105,2024-12-03,Clothing,2,59.89,8.03,8
O010269,C02944,2024-03-03,Home,3,114.88,0.0,5
O010270,C02981,2024-01-24,Beauty,4,184.47,0.0,6
O010271,C02320,2024-02-02,Clothing,2,76.75,0.0,4
O010272,C00032,2024-07-27,Electronics,5,176.74,0.0,1
O010273,C00852,2024-09-29,Clothing,3,125.54,0.0,4
O010274,C00605,2024-06-24,Clothing,2,83.53,0.0,4
O010275,C03200,2024-02-13,Electronics,5,203.01,0.0,4
O010276,C02065,2024-06-01,Home,1,23.11,12.39,4
O010277,C03545,2024-12-28,Electronics,5,168.12,0.0,4
O010278,C02349,2024-12-20,Clothing,5,206.4,0.0,4
O010279,C01808,2024-07-06,Clothing,3,128.05,0.0,5
O010280,C03860,2024-10-11,Clothing,3,118.78,0.0,5
O010281,C04138,2024-01-12,Clothing,1,5.0,12.92,3
O010282,C02199,2024-12-21,Sports,1,9.98,7.84,8
O010283,C03873,2024-05-16,Clothing,5,147.78,0.0,6
O010284,C03563,2024-03-26,Electronics,2,72.96,8.09,6
O010285,C03199,2024-02-22,Clothing,3,164.01,0.0,4
O010286,C04505,2024-03-01,Sports,2,43.88,5.79,6
O010287,C01893,2024-04-22,Clothing,4,141.77,0.0,5
O010288,C04440,2024-10-30,Sports,1,40.66,7.63,3
O010289,C03170,2024-04-17,Electronics,2,80.91,0.0,4
O010290,C02948,2024-11-30,Electronics,2,82.22,0.0,3
O010291,C04124,2024-10-29,Electronics,6,199.39,0.0,6
O010292,C03101,2024-03-07,Beauty,5,211.42,0.0,4
O010293,C03922,2024-11-15,Electronics,3,128.17,0.0,3
O010294,C04730,2024-05-01,Sports,1,56.2,6.24,4
O010295,C04308,2024-09-10,Home,2,106.85,0.0,5
O010296,C04784,2024-10-26,Home,1,14.61,9.26,2
O010297,C03689,2024-01-05,Electronics,1,30.29,11.72,3
O010298,C00072,2024-12-15,Home,3,76.15,0.0,5
O010299,C02158,2024-08-22,Electronics,6,192.81,0.0,4
O010300,C01137,2024-11-30,Home,5,283.78,0.0,4
O010301,C04328,2024-02-08,Sports,1,26.8,6.56,6
O010302,C04078,2024-07-18,Clothing,2,57.28,12.04,5
O010303,C00043,2024-06-18,Sports,1,59.37,6.64,5
O010304,C04361,2024-12-23,Electronics,2,28.4,10.98,2
O010305,C01832,2024-12-13,Electronics,3,78.91,0.0,3
O010306,C00046,2024-01-21,Clothing,2,114.08,0.0,3
O010307,C03642,2024-06-23,Clothing,5,158.58,0.0,4
O010308,C01676,2024-03-14,Home,2,96.76,0.0,6
O010309,C03353,2024-10-10,Clothing,3,73.48,11.09,6
O010310,C01270,2024-05-28,Sports,2,79.73,0.0,4
O010311,C03984,2024-04-22,Electronics,3,43.15,6.87,4
O010312,C03964,2024-10-10,Beauty,5,193.66,0.0,5
O010313,C03024,2024-03-26,Beauty,5,152.2,0.0,4
O010314,C02791,2024-04-11,Electronics,5,250.81,0.0,4
O010315,C03171,2024-01-19,Clothing,1,67.56,5.55,4
O010316,C04823,2024-03-03,Electronics,4,167.83,0.0,6
O010317,C01013,2024-04-25,Sports,4,151.98,0.0,4
O010318,C04590,2024-06-28,Clothing,1,46.73,10.27,3
O010319,C03508,2024-02-07,Home,1,66.7,5.77,5
O010320,C04803,2024-10-28,Electronics,3,137.77,0.0,7
O010321,C02072,2024-04-01,Clothing,2,72.65,10.62,4
O010322,C02006,2024-06-21,Clothing,4,176.84,0.0,5
O010323,C02318,2024-07-23,Electronics,2,30.42,12.17,4
O010324,C04834,2024-01-09,Beauty,2,56.48,8.77,3
O010325,C02176,2024-01-09,Clothing,2,40.34,9.82,3
O010326,C04639,2024-01-21,Electronics,6,181.15,0.0,3
O010327,C01787,2024-01-24,Home,2,76.52,0.0,6
O010328,C03130,2024-04-04,Clothing,3,143.17,0.0,5
O010329,C02373,2024-07-10,Home,1,55.5,6.74,5
O010330,C01461,2024-12-14,Clothing,3,88.65,0.0,4
O010331,C01465,2024-10-22,Home,3,63.27,6.57,2
O010332,C03042,2024-06-28,Clothing,4,121.88,0.0,4
O010333,C01059,2024-05-10,Clothing,2,94.96,0.0,2
O010334,C00972,2024-01-21,Clothing,2,29.96,11.61,1
O010335,C02391,2024-01-08,Home,7,280.95,0.0,4
O010336,C03000,2024-07-19,Beauty,2,51.59,9.46,1
O010337,C02505,2024-01-14,Beauty,2,101.6,0.0,6
O010338,C00899,2024-11-27,Clothing,2,122.16,0.0,6
O010339,C01814,2024-02-05,Beauty,2,99.83,0.0,4
O010340,C01503,2024-06-12,Sports,5,139.11,0.0,3
O010341,C00343,2024-02-14,Sports,4,125.72,0.0,5
O010342,C03861,2024-05-23,Electronics,1,43.94,5.64,8
O010343,C03352,2024-01-11,Sports,4,117.52,0.0,3
O010344,C02861,2024-11-18,Sports,1,27.97,11.91,6
O010345,C01249,2024-12-19,Electronics,3,99.63,0.0,3
O010346,C01209,2024-12-11,Clothing,7,161.39,0.0,5
O010347,C04391,2024-07-30,Home,2,27.09,12.29,5
O010348,C02140,2024-04-22,Beauty,3,86.13,0.0,3
O010349,C01611,2024-12-11,Home,2,52.2,11.66,5
O010350,C01980,2024-12-10,Electronics,1,48.13,7.05,4
O010351,C02798,2024-01-11,Electronics,4,101.62,0.0,5
O010352,C00557,2024-12-01,Electronics,4,84.87,0.0,4
O010353,C03995,2024-12-05,Clothing,2,84.11,0.0,5
O010354,C04405,2024-12-27,Electronics,1,5.0,12.22,4
O010355,C03687,2024-06-14,Beauty,3,62.97,8.2,3
O010356,C01153,2024-09-14,Clothing,4,161.41,0.0,6
O010357,C03745,2024-02-23,Electronics,1,20.52,8.86,3
O010358,C03622,2024-04-02,Clothing,5,77.16,0.0,7
O010359,C03360,2024-09-19,Beauty,3,121.86,0.0,2
O010360,C00973,2024-10-22,Home,2,54.11,6.25,6
O010361,C03908,2024-02-14,Beauty,1,43.54,6.07,6
O010362,C03729,2024-08-04,Clothing,3,121.95,0.0,4
O010363,C03412,2024-07-07,Electronics,3,84.99,0.0,4
O010364,C03067,2024-04-16,Home,3,162.71,0.0,6
O010365,C01292,2024-10-16,Clothing,4,139.07,0.0,3
O010366,C04314,2024-01-08,Beauty,3,82.24,0.0,2
O010367,C02861,2024-02-01,Clothing,5,164.57,0.0,6
O010368,C00164,2024-06-16,Electronics,2,75.02,0.0,5
O010369,C03920,2024-11-26,Electronics,3,158.44,0.0,1
O010370,C01715,2024-02-06,Clothing,2,61.4,10.1,5
O010371,C03463,2024-08-18,Electronics,2,42.2,7.34,6
O010372,C01441,2024-07-01,Electronics,1,39.81,9.43,7
O010373,C02096,2024-10-18,Clothing,4,192.75,0.0,4
O010374,C00801,2024-09-02,Electronics,3,133.59,0.0,4
O010375,C02766,2024-01-10,Clothing,1,17.51,6.3,7
O010376,C02661,2024-03-10,Home,1,28.42,10.69,4
O010377,C01691,2024-08-24,Home,5,182.1,0.0,4
O010378,C00234,2024-04-27,Clothing,3,45.75,10.33,2
O010379,C01877,2024-08-04,Electronics,3,125.84,0.0,4
O010380,C00962,2024-07-09,Electronics,3,94.8,0.0,3
O010381,C03371,2024-12-16,Sports,1,66.97,11.28,3
O010382,C01046,2024-08-26,Electronics,2,100.05,0.0,3
O010383,C04482,2024-11-23,Clothing,1,32.45,11.51,3
O010384,C04460,2024-11-12,Sports,4,177.28,0.0,6
O010385,C01408,2024-07-24,Beauty,1,37.06,6.14,4
O010386,C00208,2024-08-09,Home,2,59.3,11.01,3
O010387,C04371,2024-05-25,Clothing,1,19.97,6.79,4
O010388,C01753,2024-07-07,Sports,2,66.92,12.28,8
O010389,C00496,2024-08-25,Electronics,2,49.12,5.57,6
O010390,C00902,2024-10-18,Electronics,4,65.45,6.16,1
O010391,C03599,2024-08-10,Home,3,166.85,0.0,4
O010392,C02207,2024-09-02,Clothing,4,128.52,0.0,1
O010393,C01750,2024-09-03,Clothing,3,76.7,0.0,5
O010394,C00460,2024-02-07,Home,4,112.88,0.0,6
O010395,C04490,2024-07-25,Home,4,143.96,0.0,4
O010396,C00917,2024-07-05,Home,3,88.82,0.0,7
O010397,C04260,2024-12-25,Beauty,3,120.04,0.0,5
O010398,C04735,2024-04-01,Electronics,7,237.0,0.0,1
O010399,C03402,2024-01-06,Home,4,109.4,0.0,5
O010400,C04666,2024-05-12,Sports,5,162.99,0.0,3
O010401,C02195,2024-04-01,Clothing,1,7.01,12.3,5
O010402,C00960,2024-01-01,Clothing,3,141.33,0.0,5
O010403,C04864,2024-09-26,Clothing,2,74.51,12.03,2
O010404,C02158,2024-03-23,Electronics,3,98.47,0.0,2
O010405,C00394,2024-10-13,Sports,4,89.24,0.0,4
O010406,C03633,2024-06-27,Electronics,2,57.41,10.33,3
O010407,C04539,2024-11-30,Electronics,2,59.63,6.84,2
O010408,C04059,2024-05-26,Clothing,4,167.89,0.0,4
O010409,C04843,2024-04-11,Sports,4,59.07,11.37,3
O010410,C02178,2024-10-14,Sports,2,67.27,6.55,4
O010411,C01867,2024-11-08,Home,4,193.62,0.0,2
O010412,C01800,2024-01-31,Clothing,1,48.53,12.4,5
O010413,C00505,2024-11-09,Clothing,3,174.47,0.0,4
O010414,C00720,2024-06-02,Beauty,1,19.35,10.2,7
O010415,C01988,2024-02-17,Home,1,24.06,9.41,4
O010416,C00875,2024-02-10,Beauty,2,40.6,5.52,3
O010417,C02879,2024-06-01,Electronics,7,263.04,0.0,3
O010418,C00634,2024-06-30,Clothing,3,111.1,0.0,4
O010419,C04378,2024-08-19,Clothing,4,145.11,0.0,7
O010420,C02421,2024-04-30,Clothing,1,51.3,10.83,4
O010421,C01325,2024-07-03,Home,3,61.26,12.95,4
O010422,C01009,2024-11-12,Home,4,140.04,0.0,4
O010423,C02334,2024-04-29,Electronics,3,82.99,0.0,2
O010424,C01140,2024-12-17,Clothing,1,23.1,12.25,5
O010425,C03221,2024-08-13,Sports,1,32.7,11.04,3
O010426,C00404,2024-04-21,Clothing,4,161.35,0.0,3
O010427,C03754,2024-07-13,Home,2,65.74,6.1,6
O010428,C03191,2024-10-23,Clothing,5,154.04,0.0,4
O010429,C00696,2024-01-26,Electronics,7,178.53,0.0,7
O010430,C00908,2024-07-12,Home,2,101.08,0.0,1
O010431,C03848,2024-01-19,Sports,5,152.11,0.0,4
O010432,C03165,2024-12-08,Clothing,2,84.83,0.0,5
O010433,C01927,2024-01-25,Beauty,3,115.17,0.0,4
O010434,C00121,2024-02-16,Sports,1,31.5,7.09,6
O010435,C02866,2024-07-17,Beauty,4,108.63,0.0,2
O010436,C03732,2024-09-20,Home,4,96.89,0.0,5
O010437,C03916,2024-01-03,Home,2,91.73,0.0,6
O010438,C03592,2024-08-26,Clothing,2,62.7,12.29,3
O010439,C03577,2024-10-15,Electronics,1,65.7,10.28,1
O010440,C04487,2024-01-22,Clothing,3,84.07,0.0,4
O010441,C02415,2024-12-20,Clothing,3,67.91,7.67,4
O010442,C00841,2024-12-19,Electronics,1,5.0,9.0,7
O010443,C02806,2024-01-30,Electronics,1,25.38,6.34,6
O010444,C03307,2024-02-16,Beauty,5,172.3,0.0,5
O010445,C03434,2024-11-10,Electronics,2,104.44,0.0,4
O010446,C01466,2024-09-26,Electronics,2,87.95,0.0,2
O010447,C01857,2024-11-24,Clothing,1,60.38,9.78,4
O010448,C02236,2024-12-26,Clothing,1,5.0,7.08,5
O010449,C00404,2024-09-26,Electronics,2,30.09,7.31,5
O010450,C00413,2024-05-31,Beauty,1,36.46,6.36,6
O010451,C01538,2024-08-13,Sports,4,194.93,0.0,4
O010452,C04250,2024-09-04,Electronics,1,15.88,7.86,7
O010453,C00217,2024-10-31,Beauty,1,30.13,6.96,5
O010454,C01025,2024-06-19,Home,2,70.67,5.4,4
O010455,C02814,2024-08-24,Home,1,20.97,9.34,2
O010456,C04895,2024-08-23,Sports,1,5.0,5.61,4
O010457,C00806,2024-09-15,Electronics,4,81.23,0.0,5
O010458,C03350,2024-10-05,Clothing,4,93.01,0.0,6
O010459,C02817,2024-05-27,Clothing,3,141.31,0.0,6
O010460,C02810,2024-04-18,Electronics,4,161.02,0.0,4
O010461,C01272,2024-05-22,Sports,6,314.53,0.0,4
O010462,C00434,2024-10-25,Beauty,6,131.75,0.0,6
O010463,C00429,2024-03-11,Beauty,5,227.22,0.0,3
O010464,C01188,2024-11-06,Sports,2,42.69,12.7,4
O010465,C04258,2024-05-05,Beauty,3,97.42,0.0,5
O010466,C02555,2024-03-22,Clothing,1,55.24,11.86,3
O010467,C02313,2024-02-10,Clothing,8,289.85,0.0,1
O010468,C01996,2024-09-15,Electronics,3,138.33,0.0,2
O010469,C02158,2024-12-21,Clothing,6,278.75,0.0,4
O010470,C04996,2024-05-23,Beauty,2,9.7,11.68,3
O010471,C01743,2024-06-19,Sports,1,24.38,12.5,3
O010472,C01343,2024-10-05,Clothing,3,91.44,0.0,2
O010473,C01156,2024-05-22,Clothing,4,187.94,0.0,5
O010474,C03205,2024-05-06,Sports,1,36.81,11.91,2
O010475,C00394,2024-02-27,Electronics,3,142.78,0.0,2
O010476,C03643,2024-06-16,Electronics,3,91.72,0.0,4
O010477,C04818,2024-04-27,Electronics,6,285.51,0.0,4
O010478,C02041,2024-06-14,Sports,1,49.36,10.8,2
O010479,C02079,2024-03-22,Clothing,1,5.98,11.8,2
O010480,C02865,2024-12-23,Electronics,2,21.86,5.57,4
O010481,C03462,2024-05-13,Clothing,1,43.12,7.15,4
O010482,C04257,2024-12-29,Clothing,1,22.46,10.3,4
O010483,C01330,2024-02-15,Electronics,5,174.38,0.0,6
O010484,C01647,2024-09-18,Electronics,5,232.28,0.0,3
O010485,C02656,2024-05-02,Sports,6,196.77,0.0,2
O010486,C02386,2024-08-09,Home,3,125.46,0.0,3
O010487,C02838,2024-04-01,Clothing,2,75.63,0.0,6
O010488,C04433,2024-01-19,Electronics,1,19.91,8.3,6
O010489,C03306,2024-09-26,Sports,2,22.0,9.68,3
O010490,C03321,2024-03-05,Electronics,3,124.68,0.0,2
O010491,C03877,2024-08-06,Clothing,3,30.22,5.32,5
O010492,C03527,2024-12-17,Electronics,3,44.47,10.44,4
O010493,C04159,2024-06-05,Clothing,2,68.07,10.75,6
O010494,C04915,2024-06-01,Beauty,4,103.79,0.0,4
O010495,C02305,2024-09-03,Sports,1,45.9,11.63,3
O010496,C01272,2024-07-17,Electronics,1,34.63,12.93,4
O010497,C01288,2024-08-18,Electronics,3,48.28,7.86,5
O010498,C04945,2024-10-28,Home,2,86.14,0.0,3
O010499,C00361,2024-01-16,Home,4,192.29,0.0,4
O010500,C01975,2024-04-17,Beauty,3,107.1,0.0,4
O010501,C02928,2024-09-30,Electronics,1,54.32,6.43,3
O010502,C03465,2024-12-29,Clothing,7,171.28,0.0,3
O010503,C02227,2024-07-02,Home,5,153.8,0.0,5
O010504,C01851,2024-07-02,Electronics,4,149.89,0.0,3
O010505,C02547,2024-03-09,Beauty,1,37.56,11.75,4
O010506,C02725,2024-09-06,Sports,1,14.94,6.34,6
O010507,C03675,2024-08-05,Clothing,1,58.31,12.21,1
O010508,C03906,2024-03-28,Clothing,2,80.85,0.0,2
O010509,C03776,2024-12-11,Beauty,3,86.07,0.0,5
O010510,C04388,2024-09-28,Home,3,132.15,0.0,4
O010511,C04684,2024-08-04,Clothing,1,5.0,6.96,4
O010512,C00818,2024-12-23,Clothing,8,260.2,0.0,4
O010513,C02147,2024-06-28,Home,1,36.64,9.32,5
O010514,C00181,2024-05-04,Home,1,22.29,9.2,5
O010515,C04470,2024-07-01,Sports,4,127.85,0.0,5
O010516,C04720,2024-11-27,Clothing,2,64.19,9.76,4
O010517,C04959,2024-11-24,Electronics,2,42.8,6.71,5
O010518,C00442,2024-07-18,Clothing,3,63.09,7.06,4
O010519,C02293,2024-07-02,Electronics,3,87.04,0.0,3
O010520,C01663,2024-10-23,Beauty,2,89.32,0.0,4
O010521,C00871,2024-08-11,Home,4,89.56,0.0,5
O010522,C02875,2024-12-27,Clothing,4,146.79,0.0,3
O010523,C02500,2024-03-29,Beauty,5,116.11,0.0,6
O010524,C03213,2024-08-12,Home,7,297.38,0.0,4
O010525,C01657,2024-04-27,Sports,5,174.92,0.0,6
O010526,C01897,2024-06-04,Sports,2,42.49,6.31,4
O010527,C01090,2024-06-07,Home,5,121.51,0.0,3
O010528,C00483,2024-07-01,Home,6,192.83,0.0,3
O010529,C00309,2024-07-20,Sports,4,104.91,0.0,3
O010530,C00593,2024-03-06,Home,3,126.2,0.0,6
O010531,C03844,2024-02-15,Electronics,6,189.0,0.0,6
O010532,C01019,2024-12-29,Home,1,23.65,7.58,2
O010533,C04494,2024-09-16,Electronics,5,117.74,0.0,2
O010534,C04565,2024-08-31,Beauty,4,150.21,0.0,4
O010535,C04713,2024-06-04,Clothing,3,77.23,0.0,4
O010536,C04193,2024-09-05,Beauty,5,104.7,0.0,2
O010537,C03262,2024-04-04,Beauty,3,101.24,0.0,7
O010538,C04291,2024-09-11,Beauty,3,147.6,0.0,5
O010539,C01358,2024-12-27,Electronics,3,77.57,0.0,5
O010540,C00083,2024-12-01,Clothing,1,13.22,10.98,5
O010541,C00251,2024-07-19,Sports,5,160.19,0.0,4
O010542,C01094,2024-11-02,Home,3,83.88,0.0,5
O010543,C02388,2024-05-13,Clothing,5,249.35,0.0,5
O010544,C01409,2024-06-01,Home,2,50.8,11.17,4
O010545,C01482,2024-09-11,Beauty,2,60.73,8.67,6
O010546,C03212,2024-09-16,Sports,3,100.17,0.0,5
O010547,C01099,2024-08-27,Clothing,5,115.59,0.0,2
O010548,C04196,2024-05-31,Electronics,2,85.52,0.0,5
O010549,C03729,2024-03-31,Beauty,2,22.35,5.14,2
O010550,C03893,2024-08-27,Clothing,5,210.26,0.0,2
O010551,C00733,2024-07-01,Beauty,1,5.0,7.65,5
O010552,C00323,2024-11-05,Electronics,5,158.18,0.0,4
O010553,C02058,2024-09-15,Clothing,4,162.59,0.0,4
O010554,C03061,2024-10-12,Electronics,4,79.25,0.0,1
O010555,C03701,2024-03-16,Clothing,2,74.4,7.19,5
O010556,C03385,2024-10-23,Clothing,2,84.87,0.0,6
O010557,C01262,2024-12-27,Clothing,7,228.34,0.0,5
O010558,C00806,2024-07-01,Sports,2,72.31,11.46,3
O010559,C01534,2024-02-28,Clothing,2,116.23,0.0,3
O010560,C02042,2024-02-09,Home,1,69.01,12.4,5
O010561,C04226,2024-02-14,Electronics,3,154.92,0.0,5
O010562,C03825,2024-01-15,Clothing,1,24.53,10.22,5
O010563,C03457,2024-08-07,Clothing,1,15.15,12.53,5
O010564,C03665,2024-09-29,Clothing,3,72.21,11.84,6
O010565,C03097,2024-07-05,Sports,4,144.54,0.0,3
O010566,C04660,2024-12-29,Electronics,5,201.45,0.0,1
O010567,C01354,2024-01-25,Electronics,3,75.71,0.0,2
O010568,C00149,2024-10-25,Clothing,1,13.16,10.05,6
O010569,C01784,2024-07-10,Beauty,5,155.37,0.0,6
O010570,C02276,2024-06-27,Electronics,2,61.34,5.98,6
O010571,C00615,2024-03-01,Beauty,2,62.79,12.71,8
O010572,C01825,2024-05-10,Sports,3,93.36,0.0,5
O010573,C00240,2024-09-05,Beauty,4,159.67,0.0,6
O010574,C00913,2024-06-12,Sports,2,101.0,0.0,4
O010575,C03014,2024-07-25,Home,1,27.11,11.03,5
O010576,C03754,2024-08-25,Home,3,81.6,0.0,7
O010577,C00159,2024-07-10,Sports,2,83.2,0.0,2
O010578,C04659,2024-01-28,Clothing,4,131.74,0.0,5
O010579,C04572,2024-04-16,Clothing,9,445.55,0.0,4
O010580,C00548,2024-08-10,Electronics,3,59.14,11.02,4
O010581,C02901,2024-03-24,Clothing,2,53.49,5.4,5
O010582,C02266,2024-08-24,Sports,4,113.4,0.0,1
O010583,C00755,2024-05-28,Home,4,271.05,0.0,4
O010584,C00735,2024-10-09,Home,1,13.15,7.27,2
O010585,C03792,2024-12-04,Clothing,1,8.66,12.61,4
O010586,C02829,2024-04-09,Electronics,1,66.15,8.46,5
O010587,C04318,2024-11-27,Home,3,56.18,8.92,4
O010588,C02336,2024-02-04,Clothing,2,72.42,10.91,4
O010589,C01925,2024-04-06,Sports,1,37.41,9.66,4
O010590,C00524,2024-12-21,Clothing,3,98.29,0.0,1
O010591,C01511,2024-08-20,Electronics,2,62.41,9.71,5
O010592,C02747,2024-01-13,Sports,9,331.62,0.0,3
O010593,C04777,2024-09-02,Home,7,200.41,0.0,4
O010594,C00618,2024-09-18,Clothing,1,23.64,10.95,2
O010595,C00861,2024-08-10,Clothing,4,203.71,0.0,4
O010596,C04489,2024-03-14,Sports,1,53.55,5.5,4
O010597,C01308,2024-09-22,Clothing,1,48.97,6.14,3
O010598,C02901,2024-07-02,Home,2,113.12,0.0,4
O010599,C02822,2024-10-03,Electronics,3,113.37,0.0,3
O010600,C03866,2024-02-25,Clothing,2,104.62,0.0,2
O010601,C03315,2024-02-26,Clothing,1,66.61,9.58,5
O010602,C00035,2024-10-21,Clothing,2,53.64,5.96,5
O010603,C02101,2024-03-01,Clothing,1,45.08,6.75,6
O010604,C01380,2024-06-21,Sports,4,167.19,0.0,2
O010605,C04246,2024-04-19,Clothing,3,87.79,0.0,5
O010606,C00437,2024-05-25,Electronics,2,62.97,9.54,5
O010607,C04546,2024-01-14,Beauty,4,159.02,0.0,5
O010608,C02573,2024-07-01,Clothing,2,75.75,0.0,4
O010609,C04363,2024-11-10,Sports,4,115.18,0.0,7
O010610,C03980,2024-12-30,Electronics,4,54.14,9.19,3
O010611,C00309,2024-05-26,Clothing,1,19.53,11.13,2
O010612,C04361,2024-08-19,Clothing,5,173.05,0.0,6
O010613,C00492,2024-10-23,Home,3,119.37,0.0,5
O010614,C00522,2024-05-19,Electronics,3,102.63,0.0,6
O010615,C01915,2024-05-27,Beauty,2,80.32,0.0,2
O010616,C02926,2024-02-05,Clothing,4,74.57,6.92,2
O010617,C01369,2024-10-03,Sports,4,110.84,0.0,4
O010618,C03291,2024-02-25,Clothing,1,5.54,8.97,2
O010619,C02142,2024-02-10,Clothing,1,44.98,10.87,4
O010620,C03230,2024-06-17,Beauty,4,126.33,0.0,2
O010621,C04130,2024-06-19,Sports,3,136.85,0.0,1
O010622,C02849,2024-04-15,Home,3,127.68,0.0,3
O010623,C03578,2024-08-14,Home,3,146.31,0.0,3
O010624,C02572,2024-03-26,Sports,3,101.33,0.0,4
O010625,C00233,2024-10-20,Electronics,2,78.76,0.0,4
O010626,C01623,2024-05-25,Electronics,2,64.77,7.68,5
O010627,C02653,2024-09-20,Home,3,117.94,0.0,5
O010628,C01217,2024-09-03,Electronics,3,68.07,7.6,4
O010629,C03540,2024-05-27,Electronics,3,96.89,0.0,5
O010630,C00522,2024-12-27,Clothing,1,10.56,5.3,5
O010631,C04733,2024-08-09,Sports,5,138.67,0.0,4
O010632,C02835,2024-05-25,Home,1,47.38,10.75,4
O010633,C03067,2024-04-17,Electronics,5,146.51,0.0,4
O010634,C03200,2024-08-02,Clothing,4,86.66,0.0,4
O010635,C00341,2024-09-01,Home,2,103.47,0.0,4
O010636,C02745,2024-05-09,Beauty,4,135.38,0.0,4
O010637,C03947,2024-03-04,Beauty,4,185.63,0.0,4
O010638,C03939,2024-10-26,Clothing,2,64.78,12.1,2
O010639,C00059,2024-12-22,Home,2,29.48,10.12,5
O010640,C03254,2024-12-27,Clothing,3,98.46,0.0,4
O010641,C04682,2024-08-11,Electronics,2,66.26,12.43,3
O010642,C00243,2024-03-05,Clothing,1,45.51,10.43,3
O010643,C00228,2024-03-05,Beauty,2,62.17,12.13,6
O010644,C04614,2024-06-30,Clothing,2,83.63,0.0,3
O010645,C02603,2024-04-17,Sports,3,56.54,8.54,2
O010646,C00127,2024-12-16,Clothing,2,48.62,12.78,3
O010647,C04431,2024-11-18,Electronics,3,185.43,0.0,4
O010648,C04854,2024-04-20,Clothing,4,147.73,0.0,4
O010649,C01432,2024-03-16,Electronics,3,107.42,0.0,5
O010650,C02169,2024-09-06,Sports,3,75.07,0.0,1
O010651,C03960,2024-08-28,Beauty,4,141.9,0.0,5
O010652,C02749,2024-08-13,Beauty,2,79.46,0.0,4
O010653,C01309,2024-10-31,Electronics,3,81.16,0.0,4
O010654,C02126,2024-06-12,Electronics,3,117.88,0.0,4
O010655,C01594,2024-09-19,Clothing,7,195.95,0.0,6
O010656,C04080,2024-01-15,Beauty,1,53.79,5.86,6
O010657,C01494,2024-12-06,Home,2,98.72,0.0,6
O010658,C02031,2024-06-01,Clothing,3,84.76,0.0,5
O010659,C03253,2024-02-07,Home,5,214.94,0.0,7
O010660,C04361,2024-02-06,Sports,2,39.36,11.53,3
O010661,C04778,2024-05-01,Sports,4,50.12,9.8,2
O010662,C00247,2024-09-28,Electronics,9,410.35,0.0,7
O010663,C04520,2024-09-13,Home,2,48.5,9.04,2
O010664,C01083,2024-06-23,Home,3,68.0,10.02,5
O010665,C04929,2024-10-19,Electronics,2,59.88,7.79,7
O010666,C01482,2024-10-27,Electronics,2,113.38,0.0,4
O010667,C00011,2024-05-21,Beauty,3,131.19,0.0,6
O010668,C02007,2024-06-10,Clothing,2,68.97,5.79,2
O010669,C03442,2024-12-04,Clothing,3,129.68,0.0,6
O010670,C03530,2024-01-23,Beauty,2,91.69,0.0,5
O010671,C02293,2024-12-15,Sports,4,109.01,0.0,3
O010672,C00945,2024-12-02,Clothing,2,119.99,0.0,1
O010673,C00435,2024-03-06,Beauty,2,68.38,6.33,5
O010674,C03492,2024-02-27,Clothing,2,101.01,0.0,3
O010675,C02290,2024-01-29,Clothing,7,233.37,0.0,4
O010676,C03344,2024-03-23,Electronics,3,101.84,0.0,4
O010677,C02567,2024-05-08,Sports,4,206.54,0.0,5
O010678,C01760,2024-05-12,Sports,1,5.0,5.52,5
O010679,C03876,2024-04-24,Beauty,2,43.91,6.73,4
O010680,C02229,2024-02-03,Sports,6,170.46,0.0,5
O010681,C00268,2024-05-04,Clothing,3,112.82,0.0,6
O010682,C02199,2024-03-18,Beauty,2,92.45,0.0,2
O010683,C03688,2024-10-01,Electronics,1,44.01,6.26,4
O010684,C04478,2024-12-09,Clothing,5,121.84,0.0,4
O010685,C00515,2024-06-16,Beauty,1,47.43,5.91,3
O010686,C01744,2024-03-21,Electronics,1,65.8,12.67,3
O010687,C00930,2024-04-04,Electronics,1,5.0,8.25,3
O010688,C03932,2024-07-27,Clothing,4,264.55,0.0,5
O010689,C01449,2024-03-12,Sports,4,177.51,0.0,4
O010690,C03888,2024-05-24,Electronics,2,58.04,11.68,3
O010691,C00199,2024-02-07,Clothing,2,47.82,7.72,4
O010692,C02056,2024-06-19,Electronics,3,88.77,0.0,5
O010693,C01781,2024-02-09,Electronics,3,90.49,0.0,6
O010694,C04901,2024-06-21,Home,2,68.67,12.76,6
O010695,C04423,2024-07-17,Home,3,129.16,0.0,5
O010696,C01714,2024-12-09,Sports,2,34.81,10.63,7
O010697,C03093,2024-08-09,Home,2,68.25,9.76,4
O010698,C03505,2024-03-30,Home,6,79.44,0.0,4
O010699,C02568,2024-10-12,Home,6,115.04,0.0,6
O010700,C00930,2024-06-11,Clothing,1,34.22,6.27,3
O010701,C04626,2024-05-12,Electronics,2,78.19,0.0,4
O010702,C01420,2024-11-17,Electronics,8,279.42,0.0,7
O010703,C02006,2024-12-16,Sports,2,63.37,6.73,3
O010704,C01331,2024-10-09,Home,2,54.83,8.09,5
O010705,C02558,2024-05-31,Beauty,2,55.75,11.31,3
O010706,C00424,2024-11-07,Clothing,3,144.87,0.0,4
O010707,C00150,2024-02-14,Sports,1,35.96,9.28,3
O010708,C03464,2024-11-19,Home,7,390.26,0.0,3
O010709,C01514,2024-09-17,Sports,5,214.26,0.0,2
O010710,C02716,2024-08-06,Clothing,3,136.29,0.0,5
O010711,C02994,2024-04-17,Electronics,3,151.13,0.0,3
O010712,C00139,2024-02-16,Clothing,4,178.54,0.0,1
O010713,C03726,2024-05-12,Sports,4,212.09,0.0,7
O010714,C01871,2024-09-17,Beauty,2,67.05,10.09,4
O010715,C02062,2024-06-24,Beauty,4,70.74,12.82,3
O010716,C01996,2024-04-30,Sports,2,114.82,0.0,5
O010717,C02819,2024-11-24,Clothing,2,91.59,0.0,5
O010718,C01914,2024-10-29,Sports,4,197.72,0.0,4
O010719,C04281,2024-07-08,Home,2,57.78,5.77,6
O010720,C00743,2024-09-16,Beauty,3,19.47,8.95,6
O010721,C04182,2024-06-25,Sports,3,135.03,0.0,3
O010722,C04234,2024-12-12,Clothing,2,79.21,0.0,6
O010723,C03538,2024-03-05,Clothing,1,30.79,6.2,2
O010724,C00077,2024-12-17,Home,4,115.55,0.0,4
O010725,C01992,2024-12-01,Electronics,2,99.1,0.0,5
O010726,C03706,2024-12-08,Home,3,115.3,0.0,4
O010727,C03023,2024-08-07,Beauty,1,32.45,12.99,5
O010728,C04872,2024-11-12,Beauty,4,189.72,0.0,3
O010729,C01017,2024-05-27,Clothing,3,122.52,0.0,4
O010730,C00097,2024-04-09,Electronics,4,146.65,0.0,2
O010731,C00995,2024-04-28,Electronics,4,159.73,0.0,3
O010732,C01555,2024-04-18,Clothing,1,43.57,7.09,2
O010733,C01033,2024-03-22,Sports,2,48.78,8.92,3
O010734,C00083,2024-01-13,Sports,2,103.42,0.0,6
O010735,C01536,2024-10-25,Clothing,2,72.52,11.6,4
O010736,C04526,2024-04-01,Beauty,3,114.94,0.0,4
O010737,C00513,2024-08-25,Clothing,2,64.84,10.75,5
O010738,C01923,2024-07-02,Clothing,5,237.35,0.0,2
O010739,C01698,2024-06-26,Beauty,3,108.75,0.0,3
O010740,C03486,2024-07-28,Clothing,4,175.84,0.0,3
O010741,C02561,2024-10-02,Electronics,3,95.27,0.0,1
O010742,C01915,2024-10-30,Home,4,87.59,0.0,3
O010743,C04754,2024-12-21,Home,4,79.02,0.0,2
O010744,C03977,2024-10-01,Home,2,48.65,8.09,4
O010745,C00647,2024-11-20,Clothing,2,83.69,0.0,4
O010746,C00798,2024-09-29,Home,3,101.8,0.0,4
O010747,C00077,2024-02-05,Home,3,107.13,0.0,5
O010748,C02684,2024-12-03,Home,3,71.62,7.61,2
O010749,C00742,2024-03-10,Clothing,2,68.81,5.48,5
O010750,C01226,2024-04-25,Home,1,19.62,11.2,5
O010751,C04203,2024-01-01,Home,1,31.03,5.7,4
O010752,C00965,2024-03-21,Beauty,2,118.25,0.0,4
O010753,C04782,2024-02-04,Sports,2,59.56,12.47,5
O010754,C00312,2024-10-09,Sports,2,89.6,0.0,3
O010755,C02647,2024-07-13,Sports,1,45.19,11.27,2
O010756,C02732,2024-07-02,Beauty,5,140.44,0.0,3
O010757,C00633,2024-02-15,Home,2,85.6,0.0,4
O010758,C04764,2024-05-27,Sports,2,85.59,0.0,4
O010759,C04695,2024-09-20,Sports,5,92.04,0.0,5
O010760,C03682,2024-04-02,Sports,2,116.07,0.0,2
O010761,C00415,2024-11-23,Beauty,4,187.08,0.0,3
O010762,C03207,2024-04-23,Sports,1,46.84,11.83,5
O010763,C01543,2024-12-12,Clothing,3,92.99,0.0,3
O010764,C00772,2024-10-08,Sports,4,172.41,0.0,2
O010765,C04480,2024-04-12,Clothing,2,17.19,5.74,5
O010766,C02588,2024-07-20,Electronics,1,5.0,10.17,6
O010767,C00487,2024-03-02,Home,8,297.2,0.0,4
O010768,C01780,2024-04-03,Home,3,72.3,8.88,6
O010769,C00030,2024-11-12,Electronics,4,78.42,0.0,5
O010770,C00130,2024-08-15,Electronics,1,51.51,5.74,3
O010771,C04215,2024-03-08,Clothing,6,125.77,0.0,9
O010772,C02375,2024-10-11,Sports,7,300.33,0.0,4
O010773,C03984,2024-10-28,Home,4,141.98,0.0,4
O010774,C03142,2024-06-13,Clothing,4,205.83,0.0,5
O010775,C00208,2024-04-10,Clothing,2,38.75,9.72,1
O010776,C04187,2024-08-30,Electronics,6,182.75,0.0,6
O010777,C04216,2024-03-30,Electronics,7,190.71,0.0,3
O010778,C00982,2024-03-28,Home,4,150.62,0.0,2
O010779,C04303,2024-05-06,Electronics,4,151.35,0.0,4
O010780,C04502,2024-04-16,Clothing,3,119.62,0.0,2
O010781,C02172,2024-11-17,Beauty,4,154.62,0.0,7
O010782,C00112,2024-10-28,Electronics,5,186.95,0.0,3
O010783,C04710,2024-08-31,Clothing,5,163.07,0.0,4
O010784,C01410,2024-07-03,Clothing,4,142.03,0.0,4
O010785,C00706,2024-09-20,Beauty,3,148.93,0.0,3
O010786,C02780,2024-04-10,Beauty,6,162.43,0.0,4
O010787,C04200,2024-09-09,Clothing,2,62.92,11.72,4
O010788,C02601,2024-05-21,Home,2,71.49,8.61,3
O010789,C02616,2024-09-09,Home,3,96.19,0.0,7
O010790,C04858,2024-03-13,Clothing,1,57.13,8.38,3
O010791,C02975,2024-08-01,Home,4,172.47,0.0,6
O010792,C00848,2024-10-25,Clothing,1,37.59,9.84,2
O010793,C02944,2024-06-20,Home,5,199.06,0.0,5
O010794,C03221,2024-10-30,Electronics,5,118.65,0.0,5
O010795,C00169,2024-08-17,Clothing,6,125.59,0.0,3
O010796,C00985,2024-08-24,Beauty,3,79.95,0.0,5
O010797,C01108,2024-08-17,Electronics,4,114.81,0.0,4
O010798,C02568,2024-01-07,Home,1,27.46,11.88,2
O010799,C00107,2024-07-13,Electronics,1,42.96,7.22,2
O010800,C04981,2024-09-12,Beauty,5,209.36,0.0,5
O010801,C02706,2024-06-19,Home,2,40.63,8.46,2
O010802,C02079,2024-02-09,Beauty,3,36.44,5.68,4
O010803,C03619,2024-10-14,Electronics,4,149.76,0.0,4
O010804,C04343,2024-08-15,Electronics,4,113.84,0.0,4
O010805,C02974,2024-08-21,Sports,1,38.22,10.65,4
O010806,C01554,2024-12-26,Sports,3,149.11,0.0,4
O010807,C02003,2024-07-01,Home,1,35.63,5.54,6
O010808,C00498,2024-07-29,Sports,3,93.01,0.0,6
O010809,C04950,2024-12-15,Electronics,4,209.61,0.0,3
O010810,C04400,2024-08-16,Sports,5,204.59,0.0,3
O010811,C01422,2024-12-10,Sports,1,20.19,7.72,4
O010812,C03475,2024-09-11,Beauty,3,119.59,0.0,3
O010813,C04412,2024-03-17,Sports,2,92.07,0.0,3
O010814,C04374,2024-09-21,Home,3,153.45,0.0,3
O010815,C00542,2024-08-19,Clothing,5,53.85,4.99,6
O010816,C00789,2024-05-16,Clothing,3,100.84,0.0,4
O010817,C00356,2024-03-04,Clothing,2,42.13,8.61,5
O010818,C03975,2024-09-01,Beauty,3,151.08,0.0,5
O010819,C01227,2024-03-31,Home,1,48.47,11.42,3
O010820,C00250,2024-08-20,Electronics,3,165.35,0.0,3
O010821,C04199,2024-12-16,Clothing,4,85.66,0.0,5
O010822,C03396,2024-12-14,Beauty,1,20.12,7.71,7
O010823,C03970,2024-04-03,Electronics,3,30.56,12.27,5
O010824,C00532,2024-07-21,Home,2,48.35,12.81,3
O010825,C00559,2024-06-22,Home,3,106.27,0.0,5
O010826,C01620,2024-05-03,Electronics,1,59.12,6.66,4
O010827,C01292,2024-03-10,Clothing,2,46.04,6.17,5
O010828,C03125,2024-04-12,Clothing,1,55.03,12.19,4
O010829,C04881,2024-08-20,Clothing,3,46.47,8.56,6
O010830,C04114,2024-03-04,Electronics,2,7.38,6.79,3
O010831,C01128,2024-04-04,Beauty,2,62.35,7.44,5
O010832,C04248,2024-06-11,Electronics,4,198.89,0.0,5
O010833,C03912,2024-09-24,Sports,1,5.0,12.83,4
O010834,C04969,2024-10-30,Clothing,4,136.22,0.0,5
O010835,C01108,2024-11-14,Sports,4,68.69,8.93,5
O010836,C04645,2024-06-21,Sports,1,15.53,11.91,3
O010837,C01688,2024-01-06,Electronics,1,33.14,6.9,3
O010838,C04472,2024-10-27,Clothing,1,34.16,9.21,2
O010839,C04304,2024-12-11,Clothing,6,139.99,0.0,4
O010840,C04556,2024-04-10,Beauty,3,127.26,0.0,1
O010841,C03476,2024-12-25,Electronics,3,124.17,0.0,6
O010842,C02578,2024-05-10,Clothing,3,92.0,0.0,4
O010843,C02533,2024-01-20,Electronics,1,46.56,11.2,3
O010844,C04218,2024-07-29,Clothing,2,47.16,11.87,6
O010845,C02030,2024-10-21,Clothing,3,166.69,0.0,5
O010846,C01144,2024-10-18,Clothing,1,53.33,11.39,4
O010847,C04347,2024-12-13,Home,3,66.95,10.17,5
O010848,C04992,2024-09-21,Home,2,35.78,12.98,5
O010849,C03744,2024-09-09,Clothing,3,118.32,0.0,6
O010850,C03591,2024-02-13,Electronics,5,223.16,0.0,3
O010851,C03799,2024-03-15,Clothing,4,182.52,0.0,5
O010852,C01748,2024-02-22,Electronics,3,147.21,0.0,6
O010853,C04820,2024-10-12,Home,4,143.98,0.0,7
O010854,C00218,2024-03-06,Clothing,1,17.01,6.5,5
O010855,C02811,2024-02-07,Home,6,234.4,0.0,4
O010856,C03416,2024-09-10,Clothing,5,258.57,0.0,3
O010857,C01717,2024-10-20,Clothing,1,19.02,6.08,3
O010858,C04700,2024-07-17,Beauty,2,98.55,0.0,3
O010859,C00290,2024-08-23,Home,3,71.5,9.58,4
O010860,C04698,2024-02-24,Beauty,4,182.66,0.0,3
O010861,C03269,2024-11-27,Home,2,83.44,0.0,4
O010862,C02744,2024-04-25,Electronics,2,50.64,5.93,5
O010863,C00610,2024-03-25,Electronics,1,33.61,12.68,5
O010864,C02354,2024-10-05,Clothing,2,59.43,11.19,4
O010865,C00536,2024-05-21,Sports,2,65.88,8.33,5
O010866,C03292,2024-04-05,Electronics,2,77.97,0.0,4
O010867,C03758,2024-02-18,Electronics,3,92.04,0.0,3
O010868,C00757,2024-10-27,Home,2,99.94,0.0,4
O010869,C03850,2024-07-23,Sports,5,217.24,0.0,3
O010870,C00354,2024-12-17,Clothing,4,152.26,0.0,4
O010871,C04831,2024-07-13,Beauty,3,83.88,0.0,3
O010872,C03892,2024-10-31,Clothing,3,127.91,0.0,5
O010873,C04331,2024-09-06,Clothing,3,103.43,0.0,5
O010874,C00306,2024-09-14,Clothing,5,206.6,0.0,4
O010875,C02996,2024-12-24,Home,3,5.0,7.06,4
O010876,C03709,2024-02-28,Sports,3,94.26,0.0,1
O010877,C02215,2024-08-08,Clothing,1,33.2,10.9,7
O010878,C04149,2024-02-29,Home,2,30.68,7.8,5
O010879,C01210,2024-01-22,Sports,2,52.28,7.68,7
O010880,C00276,2024-12-10,Clothing,4,96.82,0.0,6
O010881,C00147,2024-12-27,Clothing,4,118.07,0.0,6
O010882,C03549,2024-02-22,Clothing,1,19.54,12.36,2
O010883,C04726,2024-10-01,Clothing,3,102.41,0.0,5
O010884,C01954,2024-02-18,Clothing,2,137.0,0.0,5
O010885,C00852,2024-01-17,Home,1,45.98,5.23,5
O010886,C04524,2024-05-06,Sports,3,141.63,0.0,5
O010887,C00488,2024-06-03,Clothing,3,103.23,0.0,4
O010888,C01554,2024-10-01,Beauty,6,111.64,0.0,5
O010889,C01762,2024-08-22,Sports,2,53.9,7.61,5
O010890,C03184,2024-10-12,Sports,6,76.37,0.0,4
O010891,C00584,2024-03-18,Clothing,2,75.28,0.0,6
O010892,C04712,2024-06-22,Home,1,42.32,12.1,6
O010893,C04311,2024-04-15,Electronics,2,91.67,0.0,3
O010894,C04606,2024-11-15,Home,2,86.98,0.0,3
O010895,C00511,2024-02-01,Electronics,3,108.06,0.0,3
O010896,C04122,2024-10-18,Home,4,105.99,0.0,1
O010897,C03814,2024-01-10,Clothing,5,210.74,0.0,6
O010898,C02241,2024-11-10,Home,8,5.0,7.53,9
O010899,C02151,2024-04-11,Electronics,3,93.42,0.0,5
O010900,C03203,2024-04-27,Clothing,3,103.93,0.0,4
O010901,C00343,2024-06-05,Home,5,156.2,0.0,3
O010902,C01424,2024-09-23,Electronics,4,131.91,0.0,2
O010903,C03868,2024-09-01,Clothing,2,98.22,0.0,6
O010904,C04396,2024-03-19,Electronics,3,134.49,0.0,2
O010905,C00146,2024-06-08,Electronics,2,86.23,0.0,5
O010906,C02818,2024-03-31,Clothing,1,38.18,11.14,4
O010907,C04558,2024-12-23,Sports,4,125.5,0.0,5
O010908,C00916,2024-05-08,Sports,3,146.47,0.0,5
O010909,C04920,2024-01-14,Clothing,3,131.12,0.0,4
O010910,C01912,2024-10-12,Beauty,3,71.79,11.73,2
O010911,C03702,2024-06-07,Beauty,1,59.54,5.55,6
O010912,C01340,2024-05-08,Home,3,41.95,8.99,6
O010913,C02247,2024-06-22,Home,1,29.55,5.87,3
O010914,C03918,2024-06-22,Clothing,6,248.98,0.0,4
O010915,C02952,2024-12-26,Electronics,2,38.98,6.41,4
O010916,C00498,2024-02-12,Electronics,2,90.34,0.0,6
O010917,C02949,2024-10-20,Clothing,4,88.71,0.0,7
O010918,C00791,2024-12-10,Clothing,5,150.46,0.0,3
O010919,C04201,2024-10-26,Beauty,1,67.07,6.75,1
O010920,C00010,2024-04-18,Home,6,296.27,0.0,4
O010921,C03099,2024-08-29,Beauty,3,81.52,0.0,4
O010922,C02817,2024-02-24,Clothing,2,84.52,0.0,7
O010923,C00327,2024-02-24,Electronics,5,122.66,0.0,5
O010924,C03567,2024-11-29,Beauty,4,223.94,0.0,3
O010925,C00883,2024-08-03,Home,4,120.24,0.0,6
O010926,C01672,2024-04-16,Home,3,99.05,0.0,3
O010927,C00738,2024-11-08,Clothing,2,28.85,7.87,4
O010928,C02175,2024-07-02,Home,4,115.59,0.0,5
O010929,C00924,2024-05-09,Sports,4,215.06,0.0,4
O010930,C04267,2024-05-03,Clothing,2,92.9,0.0,6
O010931,C04483,2024-02-18,Home,7,263.51,0.0,4
O010932,C02825,2024-11-15,Electronics,1,36.78,6.88,5
O010933,C01154,2024-09-09,Clothing,1,32.16,7.05,1
O010934,C02071,2024-12-08,Sports,1,32.04,7.86,3
O010935,C04601,2024-03-09,Clothing,1,60.28,10.17,3
O010936,C00921,2024-11-13,Beauty,7,307.74,0.0,2
O010937,C03483,2024-02-21,Sports,1,36.89,5.99,3
O010938,C01444,2024-02-02,Sports,3,92.59,0.0,4
O010939,C04508,2024-01-20,Clothing,5,188.12,0.0,1
O010940,C02802,2024-08-16,Clothing,4,111.42,0.0,3
O010941,C01776,2024-07-05,Home,2,65.64,12.17,4
O010942,C00029,2024-07-06,Home,2,91.78,0.0,5
O010943,C02293,2024-07-09,Beauty,3,104.7,0.0,6
O010944,C03704,2024-04-21,Electronics,4,134.54,0.0,6
O010945,C00826,2024-07-02,Clothing,1,28.18,6.36,2
O010946,C03742,2024-10-19,Sports,2,37.46,11.91,5
O010947,C00139,2024-12-27,Sports,1,59.4,6.49,3
O010948,C04453,2024-12-26,Home,5,181.43,0.0,7
O010949,C02260,2024-11-02,Home,2,80.57,0.0,3
O010950,C01163,2024-10-11,Electronics,1,54.27,12.55,7
O010951,C03440,2024-08-14,Sports,1,66.02,12.35,3
O010952,C02534,2024-05-16,Electronics,3,77.82,0.0,6
O010953,C01360,2024-03-26,Electronics,1,19.95,11.91,3
O010954,C02226,2024-10-22,Home,2,64.34,6.8,5
O010955,C02561,2024-06-19,Home,3,127.9,0.0,4
O010956,C03673,2024-12-21,Home,3,125.06,0.0,6
O010957,C02161,2024-10-05,Beauty,4,194.73,0.0,2
O010958,C00283,2024-12-24,Beauty,5,37.42,10.11,1
O010959,C01140,2024-09-08,Clothing,4,139.12,0.0,2
O010960,C01798,2024-01-08,Sports,4,96.07,0.0,5
O010961,C04137,2024-03-14,Clothing,4,138.81,0.0,5
O010962,C02980,2024-11-15,Clothing,2,5.0,5.42,7
O010963,C01191,2024-05-30,Home,3,124.43,0.0,5
O010964,C01245,2024-04-02,Clothing,2,57.14,6.6,2
O010965,C04409,2024-12-30,Clothing,4,94.35,0.0,5
O010966,C01931,2024-04-05,Home,3,91.45,0.0,3
O010967,C02519,2024-05-21,Sports,2,123.06,0.0,4
O010968,C00048,2024-03-20,Clothing,2,79.86,0.0,4
O010969,C00134,2024-12-24,Home,1,31.75,11.59,8
O010970,C03047,2024-08-27,Home,1,65.46,8.15,4
O010971,C02365,2024-09-29,Electronics,3,104.63,0.0,3
O010972,C03510,2024-01-20,Electronics,3,126.13,0.0,4
O010973,C03507,2024-01-12,Sports,3,161.73,0.0,3
O010974,C02134,2024-05-03,Beauty,4,149.63,0.0,7
O010975,C04095,2024-05-01,Electronics,2,91.48,0.0,5
O010976,C02538,2024-11-23,Clothing,1,26.4,10.62,4
O010977,C02472,2024-08-16,Home,4,65.03,11.08,7
O010978,C02435,2024-03-25,Beauty,3,89.61,0.0,5
O010979,C04336,2024-09-30,Electronics,8,177.81,0.0,3
O010980,C03523,2024-01-29,Electronics,8,195.71,0.0,5
O010981,C02306,2024-05-14,Home,3,159.14,0.0,5
O010982,C04140,2024-02-09,Home,4,163.73,0.0,4
O010983,C01811,2024-04-10,Beauty,2,82.14,0.0,3
O010984,C00664,2024-05-13,Electronics,4,114.11,0.0,7
O010985,C03055,2024-11-06,Clothing,3,121.3,0.0,3
O010986,C04850,2024-11-24,Beauty,4,169.43,0.0,3
O010987,C04201,2024-06-29,Sports,3,106.45,0.0,4
O010988,C03493,2024-07-18,Home,1,9.17,8.83,4
O010989,C00954,2024-07-27,Beauty,2,103.56,0.0,3
O010990,C01674,2024-03-28,Electronics,3,92.9,0.0,3
O010991,C01343,2024-05-04,Electronics,3,134.55,0.0,7
O010992,C03492,2024-01-22,Home,3,128.36,0.0,4
O010993,C02743,2024-02-19,Clothing,4,129.29,0.0,2
O010994,C02105,2024-08-26,Electronics,1,45.03,12.77,2
O010995,C00240,2024-08-01,Clothing,3,84.91,0.0,4
O010996,C02625,2024-10-09,Home,1,24.66,10.96,2
O010997,C03050,2024-02-17,Sports,2,49.02,8.43,3
O010998,C02110,2024-03-06,Electronics,2,87.35,0.0,4
O010999,C04248,2024-05-09,Sports,5,158.18,0.0,7
O011000,C04226,2024-10-28,Electronics,2,70.5,7.31,3
O011001,C01464,2024-11-22,Clothing,2,18.51,5.33,7
O011002,C00400,2024-09-23,Home,5,200.15,0.0,4
O011003,C02722,2024-08-26,Electronics,2,111.62,0.0,1
O011004,C01938,2024-01-26,Beauty,3,68.87,7.04,7
O011005,C04637,2024-07-09,Sports,3,37.94,7.76,3
O011006,C00182,2024-02-18,Electronics,4,115.53,0.0,2
O011007,C01075,2024-11-14,Electronics,3,53.72,5.83,2
O011008,C02574,2024-01-21,Sports,4,109.22,0.0,4
O011009,C02398,2024-03-19,Clothing,3,75.21,0.0,4
O011010,C01082,2024-03-20,Electronics,3,113.34,0.0,4
O011011,C00419,2024-01-09,Clothing,1,31.56,5.17,4
O011012,C01161,2024-05-28,Beauty,3,102.28,0.0,2
O011013,C00640,2024-02-24,Electronics,3,162.59,0.0,5
O011014,C02085,2024-10-23,Electronics,3,82.6,0.0,2
O011015,C04590,2024-01-06,Beauty,6,200.39,0.0,5
O011016,C00359,2024-09-13,Home,1,36.07,8.09,3
O011017,C01804,2024-12-16,Home,6,193.66,0.0,5
O011018,C00539,2024-07-10,Clothing,3,62.37,11.19,5
O011019,C04440,2024-08-16,Electronics,1,41.77,8.3,6
O011020,C02219,2024-09-03,Electronics,5,226.13,0.0,5
O011021,C01714,2024-10-08,Electronics,7,316.34,0.0,2
O011022,C00866,2024-09-13,Beauty,2,89.03,0.0,5
O011023,C02068,2024-09-13,Electronics,5,191.37,0.0,4
O011024,C02351,2024-04-02,Clothing,9,350.94,0.0,4
O011025,C00776,2024-08-01,Clothing,2,111.6,0.0,4
O011026,C03269,2024-10-20,Home,2,95.4,0.0,3
O011027,C04672,2024-02-10,Electronics,3,121.91,0.0,6
O011028,C03628,2024-06-04,Electronics,3,85.55,0.0,5
O011029,C01036,2024-05-12,Clothing,6,201.14,0.0,4
O011030,C00361,2024-11-14,Sports,3,126.17,0.0,5
O011031,C02820,2024-03-26,Home,5,148.41,0.0,5
O011032,C00296,2024-03-24,Clothing,4,105.47,0.0,3
O011033,C01427,2024-12-30,Sports,1,46.42,11.04,3
O011034,C03510,2024-09-04,Clothing,6,211.61,0.0,6
O011035,C02817,2024-12-25,Home,2,84.99,0.0,7
O011036,C02866,2024-02-04,Home,2,82.22,0.0,6
O011037,C00693,2024-09-05,Home,3,72.06,5.62,4
O011038,C04596,2024-11-26,Home,1,61.47,11.81,2
O011039,C01068,2024-05-04,Clothing,3,63.17,11.58,4
O011040,C01133,2024-02-21,Clothing,7,135.68,0.0,3
O011041,C01122,2024-10-15,Clothing,4,143.19,0.0,5
O011042,C01242,2024-09-26,Home,1,72.17,6.49,4
O011043,C00947,2024-08-08,Home,4,107.73,0.0,3
O011044,C03148,2024-11-04,Home,3,124.2,0.0,6
O011045,C01616,2024-03-01,Electronics,1,35.57,12.15,5
O011046,C04660,2024-09-25,Clothing,2,57.77,5.18,4
O011047,C00063,2024-01-15,Home,2,78.19,0.0,4
O011048,C00394,2024-11-06,Beauty,4,80.07,0.0,5
O011049,C01527,2024-06-29,Clothing,3,129.53,0.0,6
O011050,C01502,2024-07-18,Beauty,2,46.84,5.36,2
O011051,C00520,2024-10-29,Home,1,28.02,6.07,2
O011052,C00389,2024-12-18,Home,5,180.4,0.0,2
O011053,C00588,2024-03-15,Sports,3,56.61,6.33,3
O011054,C03498,2024-08-31,Sports,3,73.26,11.59,4
O011055,C03062,2024-09-27,Home,2,41.51,7.55,7
O011056,C04732,2024-01-21,Clothing,6,211.5,0.0,2
O011057,C02572,2024-02-05,Clothing,2,74.64,11.84,4
O011058,C00280,2024-07-16,Clothing,3,101.71,0.0,4
O011059,C03117,2024-06-01,Clothing,4,139.87,0.0,4
O011060,C03473,2024-02-13,Sports,2,90.44,0.0,4
O011061,C01985,2024-05-08,Clothing,3,67.63,7.91,4
O011062,C02282,2024-02-11,Sports,5,87.0,0.0,7
O011063,C04282,2024-02-02,Sports,8,380.08,0.0,3
O011064,C00805,2024-12-24,Home,3,77.75,0.0,2
O011065,C00075,2024-10-22,Clothing,4,49.66,5.96,3
O011066,C02986,2024-12-18,Clothing,4,169.81,0.0,5
O011067,C00710,2024-04-24,Sports,3,80.53,0.0,6
O011068,C03663,2024-12-23,Clothing,5,166.98,0.0,6
O011069,C04631,2024-07-21,Home,3,122.81,0.0,4
O011070,C01431,2024-03-04,Electronics,1,62.39,9.66,3
O011071,C04992,2024-10-10,Clothing,2,32.83,10.62,5
O011072,C00647,2024-08-10,Sports,2,88.22,0.0,2
O011073,C02039,2024-12-01,Beauty,2,73.57,8.78,2
O011074,C04134,2024-07-28,Sports,4,222.12,0.0,5
O011075,C03939,2024-03-26,Clothing,3,110.67,0.0,3
O011076,C02216,2024-08-14,Sports,2,71.24,9.13,3
O011077,C03357,2024-12-27,Home,6,223.98,0.0,7
O011078,C00103,2024-10-30,Sports,5,272.49,0.0,7
O011079,C00145,2024-07-03,Sports,1,28.85,11.36,4
O011080,C00755,2024-09-21,Beauty,3,106.27,0.0,3
O011081,C04058,2024-06-21,Sports,4,198.57,0.0,7
O011082,C04462,2024-08-03,Home,1,45.24,5.29,4
O011083,C01831,2024-03-23,Clothing,5,134.89,0.0,6
O011084,C03710,2024-03-18,Electronics,3,67.64,5.02,4
O011085,C00083,2024-11-17,Electronics,4,155.84,0.0,6
O011086,C01312,2024-12-11,Clothing,4,110.7,0.0,3
O011087,C03340,2024-03-12,Clothing,1,35.31,12.8,4
O011088,C03695,2024-09-27,Clothing,1,30.93,8.83,4
O011089,C03932,2024-12-30,Sports,2,38.66,12.25,4
O011090,C03448,2024-10-22,Clothing,4,107.88,0.0,1
O011091,C03669,2024-05-20,Beauty,3,29.91,5.36,4
O011092,C01616,2024-07-26,Electronics,3,102.16,0.0,4
O011093,C04247,2024-12-07,Sports,1,49.44,9.83,3
O011094,C02804,2024-02-02,Electronics,1,47.8,12.71,2
O011095,C04826,2024-04-18,Sports,5,177.19,0.0,5
O011096,C02063,2024-06-10,Clothing,5,167.47,0.0,2
O011097,C04197,2024-01-16,Beauty,2,53.77,5.82,6
O011098,C00780,2024-01-14,Clothing,5,186.81,0.0,2
O011099,C01059,2024-08-18,Home,1,51.99,10.19,2
O011100,C02399,2024-09-02,Home,4,78.24,0.0,6
O011101,C03005,2024-02-15,Home,2,62.61,9.36,4
O011102,C02331,2024-11-01,Clothing,4,90.14,0.0,4
O011103,C04733,2024-04-22,Sports,7,284.75,0.0,3
O011104,C01760,2024-02-12,Clothing,5,158.97,0.0,6
O011105,C04621,2024-02-17,Home,3,93.71,0.0,6
O011106,C04261,2024-07-10,Home,5,212.25,0.0,6
O011107,C00428,2024-07-20,Home,3,165.3,0.0,4
O011108,C03877,2024-05-21,Home,4,122.84,0.0,6
O011109,C02491,2024-07-07,Clothing,6,295.68,0.0,3
O011110,C02117,2024-08-06,Electronics,2,91.53,0.0,5
O011111,C02322,2024-09-08,Sports,3,90.15,0.0,4
O011112,C00560,2024-10-03,Clothing,8,187.87,0.0,4
O011113,C04945,2024-11-06,Home,3,104.61,0.0,5
O011114,C01386,2024-04-25,Clothing,6,314.55,0.0,5
O011115,C02618,2024-12-29,Clothing,6,147.17,0.0,5
O011116,C01955,2024-01-02,Sports,4,159.13,0.0,2
O011117,C00590,2024-01-13,Clothing,5,110.33,0.0,3
O011118,C00499,2024-10-03,Electronics,1,27.52,12.71,4
O011119,C02823,2024-09-08,Electronics,2,68.48,12.48,3
O011120,C01530,2024-08-15,Sports,5,254.55,0.0,3
O011121,C01639,2024-05-25,Home,2,41.17,11.92,2
O011122,C01133,2024-08-04,Electronics,4,123.59,0.0,3
O011123,C04484,2024-08-24,Home,5,114.62,0.0,2
O011124,C00416,2024-10-20,Clothing,4,160.74,0.0,7
O011125,C04997,2024-09-12,Sports,3,107.31,0.0,4
O011126,C01592,2024-10-07,Home,3,67.97,10.75,5
O011127,C04408,2024-06-14,Sports,1,12.61,12.7,5
O011128,C03884,2024-05-22,Beauty,3,62.11,8.02,3
O011129,C01608,2024-08-25,Beauty,3,33.64,10.97,2
O011130,C03725,2024-04-06,Clothing,1,27.03,10.84,3
O011131,C01716,2024-07-10,Electronics,4,92.84,0.0,3
O011132,C00203,2024-10-14,Home,1,31.9,9.08,5
O011133,C03855,2024-02-12,Clothing,2,51.41,9.2,4
O011134,C03960,2024-09-25,Sports,6,204.88,0.0,4
O011135,C00110,2024-07-27,Electronics,2,35.75,6.73,3
O011136,C04178,2024-11-29,Electronics,4,132.73,0.0,5
O011137,C00769,2024-01-25,Electronics,4,144.86,0.0,5
O011138,C00139,2024-10-31,Electronics,3,86.46,0.0,2
O011139,C00221,2024-03-28,Clothing,4,119.16,0.0,6
O011140,C00861,2024-04-29,Home,3,133.79,0.0,5
O011141,C03928,2024-08-12,Sports,2,49.76,7.85,3
O011142,C02388,2024-05-15,Sports,4,72.29,10.82,4
O011143,C02526,2024-09-07,Beauty,2,77.35,0.0,1
O011144,C01446,2024-07-29,Clothing,4,134.21,0.0,4
O011145,C01610,2024-01-11,Clothing,4,184.57,0.0,3
O011146,C00199,2024-01-10,Electronics,1,52.38,6.18,5
O011147,C02864,2024-11-10,Home,1,52.44,10.09,2
O011148,C01161,2024-03-05,Electronics,4,141.38,0.0,3
O011149,C01370,2024-03-20,Clothing,3,126.58,0.0,3
O011150,C03572,2024-04-01,Home,7,233.92,0.0,1
O011151,C02223,2024-05-12,Beauty,4,152.13,0.0,6
O011152,C00489,2024-04-21,Sports,2,42.68,8.47,4
O011153,C03541,2024-07-13,Beauty,1,27.98,7.4,4
O011154,C02868,2024-03-27,Clothing,3,163.45,0.0,1
O011155,C02428,2024-06-10,Home,2,50.19,10.51,3
O011156,C01878,2024-12-13,Beauty,2,75.95,0.0,4
O011157,C04538,2024-01-01,Beauty,4,149.23,0.0,5
O011158,C00865,2024-04-28,Electronics,2,58.42,6.12,5
O011159,C02181,2024-09-10,Beauty,3,96.02,0.0,4
O011160,C03029,2024-07-09,Electronics,2,81.87,0.0,2
O011161,C03099,2024-10-16,Home,4,225.87,0.0,6
O011162,C03329,2024-12-16,Beauty,2,94.35,0.0,5
O011163,C03635,2024-10-14,Sports,4,108.68,0.0,3
O011164,C00656,2024-04-25,Electronics,2,89.9,0.0,3
O011165,C01380,2024-07-17,Sports,7,284.96,0.0,2
O011166,C00236,2024-08-22,Clothing,1,51.99,9.47,3
O011167,C00989,2024-08-17,Sports,2,69.23,12.12,5
O011168,C01383,2024-08-13,Clothing,3,64.03,9.73,6
O011169,C00815,2024-07-14,Clothing,1,5.0,5.67,4
O011170,C02967,2024-10-04,Clothing,2,74.7,11.19,6
O011171,C01690,2024-06-05,Home,2,75.73,0.0,6
O011172,C03801,2024-12-19,Sports,1,24.38,7.18,3
O011173,C02487,2024-10-27,Home,1,25.59,6.61,4
O011174,C01666,2024-06-21,Home,2,22.56,12.55,4
O011175,C02636,2024-11-18,Clothing,2,108.08,0.0,5
O011176,C03987,2024-01-21,Beauty,2,126.68,0.0,3
O011177,C01824,2024-07-06,Clothing,3,80.55,0.0,5
O011178,C04089,2024-10-11,Home,2,70.79,9.19,3
O011179,C00611,2024-10-15,Electronics,7,208.49,0.0,3
O011180,C01336,2024-06-15,Home,4,134.56,0.0,4
O011181,C03869,2024-07-08,Home,3,99.96,0.0,1
O011182,C04326,2024-03-30,Beauty,1,49.41,6.31,4
O011183,C03693,2024-10-27,Beauty,5,239.57,0.0,4
O011184,C04436,2024-03-13,Home,3,137.61,0.0,4
O011185,C03567,2024-03-22,Home,6,308.56,0.0,5
O011186,C02212,2024-01-11,Sports,3,119.69,0.0,3
O011187,C02164,2024-09-05,Home,1,29.23,5.55,4
O011188,C00071,2024-06-08,Clothing,4,90.21,0.0,2
O011189,C01750,2024-04-16,Sports,4,123.26,0.0,3
O011190,C04946,2024-03-31,Home,4,98.62,0.0,4
O011191,C00342,2024-08-28,Electronics,1,13.84,8.8,5
O011192,C04684,2024-07-22,Sports,7,188.85,0.0,8
O011193,C02827,2024-11-11,Electronics,2,106.92,0.0,5
O011194,C03832,2024-12-23,Clothing,3,89.81,0.0,5
O011195,C02380,2024-05-28,Beauty,3,148.76,0.0,4
O011196,C03870,2024-09-18,Beauty,1,31.29,6.06,6
O011197,C04203,2024-06-14,Clothing,2,91.36,0.0,7
O011198,C03274,2024-04-25,Beauty,1,21.46,11.19,5
O011199,C02440,2024-01-08,Beauty,4,130.16,0.0,3
O011200,C04326,2024-08-16,Sports,4,163.0,0.0,4
O011201,C02068,2024-03-10,Sports,2,66.92,11.76,5
O011202,C03540,2024-07-09,Electronics,4,139.46,0.0,5
O011203,C04748,2024-06-10,Clothing,1,76.84,0.0,2
O011204,C00472,2024-06-25,Clothing,1,5.0,8.33,3
O011205,C03766,2024-02-09,Beauty,5,239.21,0.0,2
O011206,C04170,2024-12-07,Beauty,3,123.19,0.0,2
O011207,C00654,2024-01-29,Electronics,5,126.48,0.0,4
O011208,C00462,2024-01-09,Clothing,2,83.44,0.0,5
O011209,C01174,2024-10-03,Home,3,71.17,5.87,4
O011210,C01668,2024-10-14,Clothing,4,157.88,0.0,4
O011211,C03746,2024-03-12,Sports,3,91.78,0.0,1
O011212,C03322,2024-07-01,Home,3,123.4,0.0,2
O011213,C00640,2024-01-10,Electronics,3,65.51,8.61,3
O011214,C04370,2024-06-25,Sports,2,73.4,8.26,4
O011215,C00482,2024-03-27,Electronics,3,103.04,0.0,6
O011216,C00082,2024-03-24,Clothing,2,31.75,12.59,3
O011217,C03304,2024-03-26,Clothing,4,152.09,0.0,5
O011218,C04127,2024-10-23,Sports,2,94.06,0.0,5
O011219,C02794,2024-07-25,Electronics,6,147.35,0.0,5
O011220,C01108,2024-10-13,Clothing,2,98.86,0.0,1
O011221,C03786,2024-04-18,Electronics,4,120.87,0.0,4
O011222,C00251,2024-02-01,Home,1,42.05,5.38,5
O011223,C02435,2024-01-13,Clothing,5,160.21,0.0,1
O011224,C01621,2024-07-31,Electronics,2,36.5,11.21,6
O011225,C01719,2024-04-27,Sports,1,29.67,7.63,8
O011226,C00266,2024-04-15,Clothing,2,40.29,10.47,2
O011227,C00022,2024-01-15,Beauty,3,112.2,0.0,2
O011228,C02124,2024-11-15,Electronics,1,35.96,7.75,5
O011229,C01511,2024-07-31,Home,1,42.89,8.54,4
O011230,C03853,2024-07-06,Clothing,1,29.84,11.74,2
O011231,C04776,2024-08-21,Beauty,4,134.18,0.0,6
O011232,C02939,2024-09-20,Home,4,130.7,0.0,3
O011233,C03423,2024-08-10,Sports,5,147.43,0.0,2
O011234,C00240,2024-07-31,Clothing,5,215.14,0.0,3
O011235,C00051,2024-05-24,Clothing,2,32.78,12.53,6
O011236,C03008,2024-01-05,Clothing,4,201.17,0.0,3
O011237,C00476,2024-05-20,Electronics,7,316.01,0.0,5
O011238,C02005,2024-01-21,Sports,2,73.78,10.91,2
O011239,C04990,2024-04-26,Home,1,28.67,12.16,6
O011240,C00157,2024-04-24,Home,1,24.72,10.98,2
O011241,C04762,2024-02-13,Sports,5,160.98,0.0,4
O011242,C02784,2024-07-22,Home,5,145.42,0.0,6
O011243,C02020,2024-11-04,Beauty,3,120.66,0.0,2
O011244,C01687,2024-11-17,Sports,1,35.85,11.7,4
O011245,C04171,2024-12-26,Home,3,85.57,0.0,3
O011246,C03859,2024-05-05,Electronics,3,119.49,0.0,5
O011247,C02415,2024-04-29,Beauty,1,44.85,7.35,3
O011248,C02804,2024-08-01,Electronics,6,230.12,0.0,5
O011249,C03250,2024-11-08,Sports,2,76.39,0.0,3
O011250,C02156,2024-11-06,Clothing,5,182.65,0.0,4
O011251,C01827,2024-05-09,Home,4,121.58,0.0,7
O011252,C03758,2024-04-03,Beauty,6,223.87,0.0,4
O011253,C00093,2024-03-05,Electronics,1,9.31,11.07,6
O011254,C04277,2024-07-23,Clothing,4,92.01,0.0,5
O011255,C00671,2024-07-05,Home,4,133.23,0.0,5
O011256,C02144,2024-07-30,Beauty,1,17.23,7.45,4
O011257,C00232,2024-07-09,Clothing,3,116.06,0.0,2
O011258,C03990,2024-09-17,Beauty,2,53.03,7.57,1
O011259,C01603,2024-11-17,Sports,3,103.58,0.0,2
O011260,C02952,2024-03-30,Beauty,1,24.57,5.4,5
O011261,C01773,2024-09-01,Clothing,1,36.56,8.12,3
O011262,C02067,2024-05-29,Clothing,1,24.03,12.01,1
O011263,C01311,2024-05-19,Beauty,2,77.62,0.0,1
O011264,C00159,2024-10-19,Sports,1,36.04,12.92,7
O011265,C03779,2024-04-28,Clothing,2,23.3,5.21,5
O011266,C01587,2024-09-03,Clothing,5,214.94,0.0,6
O011267,C00378,2024-04-07,Electronics,1,37.02,9.59,3
O011268,C03296,2024-06-18,Clothing,2,70.95,11.36,6
O011269,C00714,2024-11-05,Clothing,2,58.09,9.31,5
O011270,C04188,2024-03-07,Home,3,87.19,0.0,7
O011271,C02224,2024-02-25,Home,1,11.36,8.18,5
O011272,C04072,2024-02-15,Home,2,64.18,11.88,5
O011273,C02783,2024-01-05,Electronics,4,162.21,0.0,4
O011274,C00738,2024-02-25,Home,2,20.29,9.11,3
O011275,C02501,2024-05-30,Beauty,6,220.12,0.0,6
O011276,C03147,2024-11-13,Clothing,2,18.94,12.96,5
O011277,C01864,2024-05-20,Beauty,2,62.29,6.72,5
O011278,C00492,2024-11-10,Beauty,1,25.37,12.54,4
O011279,C03005,2024-10-10,Clothing,1,36.45,8.67,3
O011280,C03614,2024-01-06,Electronics,3,48.05,5.45,4
O011281,C01530,2024-07-07,Clothing,1,79.4,0.0,4
O011282,C00946,2024-11-12,Electronics,2,79.5,0.0,4
O011283,C03641,2024-08-06,Clothing,4,122.56,0.0,4
O011284,C00702,2024-06-21,Clothing,2,32.07,5.02,3
O011285,C03957,2024-04-02,Clothing,5,160.1,0.0,3
O011286,C02485,2024-01-12,Sports,4,166.57,0.0,6
O011287,C02756,2024-06-11,Electronics,4,39.41,6.29,4
O011288,C03269,2024-11-13,Home,1,48.93,11.86,3
O011289,C03103,2024-01-05,Home,3,110.57,0.0,6
O011290,C01868,2024-03-06,Clothing,1,17.42,8.59,7
O011291,C04126,2024-07-21,Beauty,4,147.5,0.0,4
O011292,C03806,2024-11-19,Electronics,8,435.12,0.0,9
O011293,C03034,2024-12-07,Electronics,3,126.99,0.0,2
O011294,C04780,2024-07-11,Home,3,37.0,5.81,6
O011295,C00390,2024-12-30,Home,2,46.43,7.65,1
O011296,C01244,2024-12-01,Electronics,4,114.32,0.0,3
O011297,C03348,2024-03-06,Clothing,4,144.26,0.0,2
O011298,C00012,2024-06-17,Clothing,2,75.56,0.0,2
O011299,C01517,2024-06-03,Beauty,1,31.85,6.22,3
O011300,C01621,2024-03-16,Clothing,1,24.4,8.82,4
O011301,C01758,2024-09-17,Clothing,2,98.03,0.0,1
O011302,C00049,2024-05-12,Sports,4,265.6,0.0,4
O011303,C01716,2024-12-07,Home,2,24.57,7.28,5
O011304,C00261,2024-05-20,Clothing,2,61.76,7.18,5
O011305,C00320,2024-12-01,Clothing,3,112.19,0.0,5
O011306,C04282,2024-12-11,Beauty,2,101.08,0.0,4
O011307,C02277,2024-05-16,Electronics,3,117.39,0.0,2
O011308,C01928,2024-06-24,Electronics,5,153.68,0.0,5
O011309,C02833,2024-10-14,Clothing,2,65.66,10.8,3
O011310,C04117,2024-12-04,Clothing,3,63.24,10.04,2
O011311,C00016,2024-02-05,Sports,3,83.26,0.0,3
O011312,C02528,2024-05-22,Sports,1,30.72,7.73,4
O011313,C03867,2024-05-16,Electronics,5,172.26,0.0,4
O011314,C04102,2024-01-16,Clothing,3,196.46,0.0,4
O011315,C02346,2024-09-06,Clothing,3,72.54,7.01,6
O011316,C00941,2024-01-06,Electronics,3,92.3,0.0,5
O011317,C00259,2024-03-12,Home,6,206.92,0.0,5
O011318,C01064,2024-06-09,Home,2,43.57,7.48,3
O011319,C00276,2024-08-11,Clothing,2,73.88,12.1,3
O011320,C02792,2024-12-21,Clothing,2,38.22,12.42,3
O011321,C02567,2024-11-10,Beauty,2,87.29,0.0,6
O011322,C04923,2024-02-05,Electronics,3,168.94,0.0,2
O011323,C01931,2024-02-03,Sports,4,140.65,0.0,4
O011324,C03583,2024-01-13,Sports,3,143.22,0.0,4
O011325,C01332,2024-07-20,Clothing,1,57.43,10.4,5
O011326,C01557,2024-02-26,Clothing,2,73.2,8.22,7
O011327,C00480,2024-01-07,Electronics,2,81.81,0.0,4
O011328,C04510,2024-11-10,Clothing,2,62.13,12.0,5
O011329,C03047,2024-04-20,Beauty,3,84.34,0.0,4
O011330,C03595,2024-04-25,Beauty,2,32.69,12.46,5
O011331,C01489,2024-11-02,Beauty,3,91.39,0.0,3
O011332,C02825,2024-09-15,Electronics,4,162.94,0.0,7
O011333,C02093,2024-06-03,Electronics,1,13.4,10.64,4
O011334,C00830,2024-07-24,Home,4,128.44,0.0,3
O011335,C04371,2024-11-05,Home,1,76.45,0.0,2
O011336,C01935,2024-04-03,Clothing,3,171.72,0.0,4
O011337,C02701,2024-07-10,Home,4,122.26,0.0,6
O011338,C00144,2024-10-16,Sports,2,58.87,7.54,3
O011339,C04931,2024-10-05,Clothing,3,86.66,0.0,5
O011340,C02805,2024-02-17,Beauty,5,119.16,0.0,4
O011341,C01887,2024-02-24,Clothing,3,137.76,0.0,5
O011342,C02595,2024-01-17,Clothing,1,52.3,11.83,2
O011343,C00784,2024-11-30,Beauty,2,100.11,0.0,4
O011344,C04274,2024-03-02,Sports,4,54.81,8.5,4
O011345,C02830,2024-05-04,Sports,4,192.45,0.0,4
O011346,C02199,2024-08-24,Electronics,2,49.11,7.17,3
O011347,C00611,2024-03-01,Clothing,4,164.64,0.0,4
O011348,C03519,2024-02-13,Clothing,3,49.17,8.54,5
O011349,C00541,2024-11-22,Electronics,2,36.14,6.32,4
O011350,C02198,2024-05-07,Electronics,3,183.1,0.0,4
O011351,C02310,2024-09-15,Beauty,3,129.1,0.0,4
O011352,C00413,2024-07-19,Clothing,1,5.86,11.0,4
O011353,C01784,2024-11-18,Home,5,129.31,0.0,5
O011354,C04588,2024-04-21,Electronics,4,114.48,0.0,3
O011355,C01728,2024-12-20,Sports,2,83.95,0.0,3
O011356,C01428,2024-05-22,Electronics,4,121.74,0.0,2
O011357,C03511,2024-07-25,Clothing,6,153.97,0.0,2
O011358,C01638,2024-12-24,Sports,4,131.23,0.0,5
O011359,C04577,2024-05-19,Clothing,2,51.85,9.61,5
O011360,C00180,2024-08-14,Beauty,5,158.6,0.0,4
O011361,C03397,2024-11-14,Electronics,3,104.31,0.0,3
O011362,C04678,2024-05-15,Clothing,1,54.5,12.9,4
O011363,C01643,2024-10-16,Home,6,209.71,0.0,1
O011364,C01295,2024-07-18,Beauty,4,135.58,0.0,4
O011365,C01583,2024-10-04,Electronics,3,77.43,0.0,2
O011366,C03537,2024-11-01,Beauty,1,39.56,10.97,2
O011367,C00364,2024-05-19,Sports,1,5.0,5.4,4
O011368,C02117,2024-05-29,Electronics,4,175.95,0.0,6
O011369,C02356,2024-03-31,Clothing,4,182.81,0.0,4
O011370,C04519,2024-07-04,Electronics,4,109.18,0.0,7
O011371,C02562,2024-03-22,Electronics,2,64.2,11.62,5
O011372,C03117,2024-01-19,Beauty,1,43.32,8.8,4
O011373,C02543,2024-05-12,Electronics,5,261.97,0.0,7
O011374,C04021,2024-09-28,Clothing,1,21.89,12.09,1
O011375,C00884,2024-06-17,Beauty,1,63.52,8.76,5
O011376,C01173,2024-01-19,Electronics,4,91.94,0.0,6
O011377,C01785,2024-09-09,Sports,2,44.62,7.91,3
O011378,C04675,2024-12-29,Clothing,1,55.67,12.07,6
O011379,C03969,2024-07-11,Beauty,3,97.4,0.0,3
O011380,C02163,2024-10-04,Sports,5,100.4,0.0,4
O011381,C02676,2024-05-24,Home,1,43.06,8.93,5
O011382,C04333,2024-02-04,Home,6,331.07,0.0,3
O011383,C02095,2024-06-15,Clothing,4,218.51,0.0,3
O011384,C02322,2024-08-31,Home,3,86.92,0.0,3
O011385,C00113,2024-03-13,Clothing,3,153.66,0.0,3
O011386,C00792,2024-11-06,Electronics,5,216.23,0.0,6
O011387,C01316,2024-05-12,Beauty,2,24.59,8.15,7
O011388,C02364,2024-03-13,Home,6,213.87,0.0,1
O011389,C03234,2024-04-24,Clothing,5,242.55,0.0,5
O011390,C00051,2024-09-23,Home,1,5.0,7.27,3
O011391,C03496,2024-11-29,Clothing,2,78.0,0.0,6
O011392,C00144,2024-04-19,Home,3,63.13,9.6,5
O011393,C03688,2024-06-16,Sports,4,157.19,0.0,3
O011394,C02576,2024-08-03,Clothing,4,142.78,0.0,3
O011395,C04486,2024-12-05,Home,2,86.56,0.0,4
O011396,C02021,2024-04-06,Beauty,6,215.51,0.0,5
O011397,C03731,2024-03-20,Sports,6,77.07,0.0,4
O011398,C00749,2024-08-04,Clothing,4,177.19,0.0,3
O011399,C00875,2024-07-04,Electronics,4,140.84,0.0,3
O011400,C02945,2024-03-04,Clothing,1,47.64,5.04,5
O011401,C04804,2024-03-07,Clothing,5,237.64,0.0,5
O011402,C01209,2024-04-05,Electronics,6,155.03,0.0,2
O011403,C03734,2024-02-03,Home,2,83.31,0.0,4
O011404,C00214,2024-12-10,Electronics,1,35.57,9.46,2
O011405,C04109,2024-08-21,Clothing,3,144.79,0.0,5
O011406,C01819,2024-06-11,Clothing,4,110.8,0.0,4
O011407,C03495,2024-06-05,Home,5,274.97,0.0,5
O011408,C00486,2024-10-07,Clothing,2,30.29,11.52,2
O011409,C03016,2024-01-28,Sports,1,66.46,10.78,7
O011410,C03724,2024-03-09,Sports,2,61.19,5.87,5
O011411,C03480,2024-11-27,Beauty,6,267.96,0.0,4
O011412,C04215,2024-12-03,Electronics,2,79.33,0.0,6
O011413,C04028,2024-08-17,Electronics,1,52.99,10.27,7
O011414,C04938,2024-12-15,Home,1,29.58,7.4,3
O011415,C03119,2024-05-16,Home,5,199.77,0.0,4
O011416,C00664,2024-04-21,Clothing,1,56.75,11.18,5
O011417,C01024,2024-10-25,Electronics,2,73.06,12.16,1
O011418,C04883,2024-01-25,Clothing,2,75.22,0.0,3
O011419,C04443,2024-04-03,Clothing,2,95.36,0.0,3
O011420,C00237,2024-03-06,Home,1,64.39,10.16,4
O011421,C03285,2024-01-17,Electronics,2,107.75,0.0,2
O011422,C03344,2024-04-18,Clothing,2,77.16,0.0,3
O011423,C02126,2024-10-04,Electronics,1,17.3,11.71,7
O011424,C03218,2024-01-10,Electronics,4,124.31,0.0,7
O011425,C01956,2024-12-11,Clothing,4,143.44,0.0,6
O011426,C00229,2024-05-20,Beauty,2,76.24,0.0,1
O011427,C04939,2024-10-24,Sports,3,48.3,11.58,4
O011428,C03413,2024-01-28,Home,6,272.54,0.0,4
O011429,C02887,2024-04-09,Electronics,4,216.63,0.0,7
O011430,C04260,2024-07-05,Home,5,248.1,0.0,5
O011431,C04478,2024-09-23,Home,1,33.59,9.87,2
O011432,C04678,2024-07-26,Sports,4,105.79,0.0,5
O011433,C02820,2024-12-02,Sports,3,99.58,0.0,3
O011434,C02990,2024-11-06,Home,1,23.19,9.94,4
O011435,C01087,2024-09-17,Home,2,68.57,10.86,3
O011436,C01994,2024-03-09,Clothing,2,77.34,0.0,4
O011437,C04342,2024-02-07,Electronics,6,219.65,0.0,5
O011438,C03046,2024-03-06,Clothing,2,107.41,0.0,4
O011439,C03306,2024-08-22,Home,3,64.29,7.16,3
O011440,C01993,2024-03-04,Home,5,196.04,0.0,4
O011441,C03600,2024-08-22,Electronics,2,63.99,11.22,2
O011442,C03588,2024-06-01,Electronics,3,62.96,5.95,4
O011443,C01306,2024-06-28,Home,4,185.34,0.0,3
O011444,C04460,2024-06-14,Electronics,3,62.12,11.11,1
O011445,C00920,2024-11-28,Home,2,62.64,6.17,4
O011446,C00042,2024-10-01,Sports,3,106.41,0.0,3
O011447,C01283,2024-04-08,Clothing,5,122.84,0.0,2
O011448,C03566,2024-01-25,Clothing,2,89.73,0.0,6
O011449,C02121,2024-10-30,Beauty,3,153.71,0.0,3
O011450,C03146,2024-03-13,Sports,2,55.11,7.07,6
O011451,C02683,2024-02-04,Clothing,5,195.03,0.0,3
O011452,C04497,2024-05-22,Clothing,3,70.01,7.05,2
O011453,C03151,2024-08-01,Clothing,2,50.58,9.31,4
O011454,C03725,2024-07-23,Electronics,2,83.07,0.0,4
O011455,C01834,2024-10-31,Clothing,3,128.45,0.0,5
O011456,C02518,2024-08-04,Beauty,4,95.01,0.0,3
O011457,C03837,2024-12-10,Clothing,3,107.84,0.0,3
O011458,C03863,2024-08-19,Sports,1,27.8,9.56,5
O011459,C00129,2024-03-26,Beauty,4,77.44,0.0,5
O011460,C04475,2024-06-17,Clothing,4,124.94,0.0,6
O011461,C03187,2024-05-04,Beauty,3,131.59,0.0,2
O011462,C01346,2024-11-24,Electronics,1,65.54,11.07,2
O011463,C02437,2024-08-23,Clothing,2,86.47,0.0,3
O011464,C02834,2024-05-24,Clothing,5,63.53,9.79,6
O011465,C04560,2024-04-14,Beauty,3,100.0,0.0,3
O011466,C04643,2024-12-09,Home,3,151.35,0.0,3
O011467,C04505,2024-09-20,Home,2,43.45,7.36,4
O011468,C04714,2024-05-13,Home,2,5.0,10.04,5
O011469,C04857,2024-01-09,Beauty,2,71.27,11.62,5
O011470,C03224,2024-01-15,Electronics,6,155.15,0.0,3
O011471,C03477,2024-03-04,Beauty,4,93.99,0.0,6
O011472,C02539,2024-06-26,Sports,1,50.17,5.42,3
O011473,C02855,2024-05-03,Beauty,4,97.0,0.0,4
O011474,C01436,2024-01-11,Beauty,2,55.39,10.04,3
O011475,C00256,2024-04-04,Beauty,4,144.79,0.0,5
O011476,C02418,2024-04-29,Electronics,2,119.09,0.0,7
O011477,C01754,2024-10-27,Home,2,74.44,10.76,3
O011478,C04747,2024-09-02,Home,4,163.14,0.0,4
O011479,C03412,2024-03-17,Clothing,1,72.71,8.71,5
O011480,C00076,2024-04-03,Electronics,1,53.67,5.68,3
O011481,C03612,2024-11-10,Home,3,171.37,0.0,4
O011482,C00505,2024-06-01,Sports,4,176.81,0.0,5
O011483,C03393,2024-08-27,Home,2,27.88,11.73,4
O011484,C01993,2024-05-19,Clothing,4,194.53,0.0,2
O011485,C04758,2024-03-25,Clothing,1,32.17,12.17,3
O011486,C03379,2024-08-03,Electronics,1,16.85,8.73,2
O011487,C02395,2024-10-08,Beauty,3,68.19,7.54,2
O011488,C01417,2024-10-19,Electronics,3,123.81,0.0,6
O011489,C02230,2024-08-28,Clothing,5,148.56,0.0,4
O011490,C00240,2024-01-23,Clothing,5,128.8,0.0,2
O011491,C01778,2024-11-16,Clothing,5,236.79,0.0,6
O011492,C04261,2024-02-14,Home,5,117.7,0.0,5
O011493,C04159,2024-03-14,Clothing,1,48.46,12.46,1
O011494,C02403,2024-04-11,Sports,3,158.13,0.0,5
O011495,C04147,2024-10-10,Sports,1,45.47,9.28,5
O011496,C02632,2024-03-12,Clothing,2,35.75,10.49,3
O011497,C03907,2024-02-10,Clothing,4,133.83,0.0,3
O011498,C03011,2024-10-05,Home,2,83.17,0.0,4
O011499,C03390,2024-07-30,Clothing,3,48.88,6.75,5
O011500,C04077,2024-06-08,Beauty,3,112.94,0.0,4
O011501,C01215,2024-03-27,Home,3,54.85,7.52,1
O011502,C00670,2024-01-07,Beauty,3,85.02,0.0,2
O011503,C03562,2024-07-01,Electronics,2,86.29,0.0,4
O011504,C00616,2024-11-23,Electronics,2,82.25,0.0,1
O011505,C04659,2024-10-25,Beauty,1,34.37,9.18,4
O011506,C01131,2024-01-14,Electronics,5,120.93,0.0,3
O011507,C01522,2024-04-09,Beauty,3,113.23,0.0,5
O011508,C04452,2024-08-31,Electronics,3,71.82,9.3,5
O011509,C02665,2024-06-17,Clothing,1,52.76,10.91,5
O011510,C04863,2024-08-19,Sports,1,5.0,9.92,1
O011511,C00304,2024-04-20,Clothing,2,55.25,12.77,3
O011512,C03980,2024-12-12,Home,3,152.02,0.0,5
O011513,C01895,2024-12-05,Electronics,2,32.49,7.04,3
O011514,C01516,2024-04-11,Clothing,3,154.45,0.0,7
O011515,C00584,2024-08-04,Clothing,1,34.1,12.61,5
O011516,C00367,2024-08-27,Electronics,2,62.67,5.5,5
O011517,C02047,2024-08-27,Clothing,1,10.9,7.94,2
O011518,C00459,2024-08-08,Clothing,9,329.69,0.0,4
O011519,C00120,2024-09-26,Sports,4,145.69,0.0,2
O011520,C03285,2024-01-28,Sports,2,31.68,5.8,4
O011521,C03255,2024-10-12,Electronics,1,35.44,6.4,4
O011522,C03566,2024-11-30,Clothing,4,163.62,0.0,5
O011523,C03303,2024-02-23,Clothing,1,13.59,5.53,5
O011524,C04460,2024-07-31,Sports,3,154.98,0.0,2
O011525,C01969,2024-04-29,Clothing,1,27.08,12.43,5
O011526,C02532,2024-03-15,Clothing,4,176.17,0.0,4
O011527,C00852,2024-03-10,Clothing,4,144.77,0.0,2
O011528,C01930,2024-11-18,Electronics,2,20.5,5.16,4
O011529,C01944,2024-08-20,Clothing,2,56.77,12.6,4
O011530,C00764,2024-09-27,Clothing,4,52.89,6.63,5
O011531,C03297,2024-05-11,Home,6,124.45,0.0,5
O011532,C02679,2024-04-07,Sports,1,19.89,7.44,5
O011533,C03812,2024-04-11,Home,3,62.74,8.69,5
O011534,C00902,2024-06-15,Sports,6,273.41,0.0,4
O011535,C01519,2024-04-14,Electronics,7,210.71,0.0,3
O011536,C03257,2024-03-26,Electronics,3,92.72,0.0,6
O011537,C03987,2024-02-06,Clothing,4,143.93,0.0,6
O011538,C00742,2024-06-08,Electronics,4,177.29,0.0,5
O011539,C03554,2024-05-02,Clothing,1,68.07,5.46,7
O011540,C01694,2024-05-11,Home,8,384.06,0.0,3
O011541,C02130,2024-09-22,Beauty,1,9.71,12.43,5
O011542,C04012,2024-10-09,Sports,4,169.48,0.0,3
O011543,C03253,2024-12-05,Clothing,3,132.28,0.0,5
O011544,C01366,2024-09-17,Home,3,170.42,0.0,5
O011545,C00196,2024-12-20,Beauty,2,62.18,10.85,2
O011546,C00151,2024-07-07,Beauty,5,209.65,0.0,2
O011547,C04524,2024-01-31,Clothing,3,138.52,0.0,3
O011548,C00331,2024-10-01,Clothing,1,54.72,7.75,6
O011549,C03111,2024-11-05,Electronics,1,35.46,6.93,6
O011550,C03325,2024-05-11,Sports,4,147.55,0.0,4
O011551,C00890,2024-06-24,Electronics,5,184.1,0.0,4
O011552,C00955,2024-10-30,Beauty,3,81.98,0.0,4
O011553,C03690,2024-02-18,Clothing,3,133.58,0.0,5
O011554,C04450,2024-06-20,Sports,2,57.01,9.68,7
O011555,C02949,2024-11-07,Sports,1,5.0,8.77,4
O011556,C03242,2024-11-25,Beauty,4,135.36,0.0,2
O011557,C02396,2024-01-06,Electronics,1,63.95,7.91,3
O011558,C02045,2024-03-16,Home,3,85.74,0.0,4
O011559,C03600,2024-07-22,Home,5,259.24,0.0,3
O011560,C03991,2024-07-28,Sports,1,14.31,12.17,4
O011561,C04015,2024-02-05,Beauty,1,23.31,12.35,4
O011562,C02056,2024-10-07,Clothing,5,219.11,0.0,3
O011563,C02671,2024-06-25,Home,3,118.52,0.0,4
O011564,C01576,2024-02-24,Beauty,2,73.19,9.66,6
O011565,C01853,2024-06-17,Clothing,3,128.39,0.0,2
O011566,C02214,2024-11-08,Home,3,166.39,0.0,1
O011567,C01227,2024-11-22,Home,2,54.91,7.58,5
O011568,C01664,2024-02-17,Sports,3,79.56,0.0,4
O011569,C00364,2024-04-13,Home,5,191.25,0.0,5
O011570,C01948,2024-01-03,Clothing,2,69.11,11.6,4
O011571,C04754,2024-03-25,Electronics,7,285.32,0.0,7
O011572,C03633,2024-06-21,Beauty,2,60.09,5.72,3
O011573,C03482,2024-10-02,Clothing,3,53.05,8.53,3
O011574,C01275,2024-11-24,Clothing,4,120.67,0.0,5
O011575,C01446,2024-08-20,Clothing,2,62.43,9.0,5
O011576,C04828,2024-06-12,Beauty,4,138.61,0.0,5
O011577,C02958,2024-02-29,Electronics,5,160.93,0.0,3
O011578,C03457,2024-03-18,Electronics,4,153.07,0.0,4
O011579,C02166,2024-01-18,Clothing,6,267.8,0.0,5
O011580,C01010,2024-04-06,Electronics,5,188.68,0.0,4
O011581,C02820,2024-03-06,Clothing,1,48.74,8.45,6
O011582,C01729,2024-01-31,Clothing,2,97.3,0.0,3
O011583,C00696,2024-08-25,Clothing,4,162.07,0.0,4
O011584,C04618,2024-09-21,Electronics,1,54.28,12.03,3
O011585,C02385,2024-05-27,Clothing,4,160.85,0.0,5
O011586,C01383,2024-05-27,Clothing,3,53.18,9.28,2
O011587,C02496,2024-02-16,Sports,1,15.89,5.1,3
O011588,C03606,2024-08-31,Home,3,81.75,0.0,3
O011589,C01848,2024-09-13,Electronics,4,108.55,0.0,5
O011590,C01729,2024-03-23,Home,4,139.54,0.0,2
O011591,C00653,2024-12-21,Beauty,3,110.2,0.0,6
O011592,C00759,2024-05-21,Clothing,3,70.4,8.14,7
O011593,C01280,2024-05-08,Sports,1,49.43,5.51,4
O011594,C00442,2024-01-10,Beauty,1,5.0,9.14,4
O011595,C04505,2024-06-25,Electronics,1,34.76,12.36,6
O011596,C04906,2024-07-28,Home,3,71.27,10.15,6
O011597,C03489,2024-02-11,Electronics,4,114.4,0.0,4
O011598,C03574,2024-05-03,Electronics,2,94.1,0.0,4
O011599,C04793,2024-07-05,Beauty,2,95.99,0.0,4
O011600,C04194,2024-01-25,Home,1,42.84,8.1,4
O011601,C03971,2024-06-12,Clothing,3,125.12,0.0,4
O011602,C04638,2024-12-16,Sports,1,53.0,7.92,3
O011603,C01527,2024-02-04,Electronics,3,118.28,0.0,3
O011604,C00191,2024-09-09,Electronics,3,111.85,0.0,3
O011605,C01874,2024-09-03,Clothing,4,71.2,8.51,6
O011606,C03016,2024-01-10,Clothing,1,46.25,8.89,4
O011607,C00258,2024-09-20,Clothing,3,124.92,0.0,6
O011608,C00155,2024-04-14,Electronics,6,159.45,0.0,1
O011609,C02992,2024-08-07,Sports,1,45.48,7.89,3
O011610,C04094,2024-09-11,Beauty,2,82.28,0.0,5
O011611,C03903,2024-05-13,Electronics,4,116.61,0.0,5
O011612,C02276,2024-07-24,Home,3,67.08,8.13,6
O011613,C03583,2024-05-03,Clothing,2,45.17,9.93,4
O011614,C04170,2024-08-03,Beauty,2,73.67,5.85,5
O011615,C02413,2024-03-04,Sports,3,102.98,0.0,2
O011616,C00024,2024-10-28,Home,3,76.11,0.0,4
O011617,C01742,2024-12-25,Sports,4,144.6,0.0,7
O011618,C03161,2024-02-07,Clothing,2,89.54,0.0,4
O011619,C03606,2024-09-04,Clothing,1,56.5,5.77,3
O011620,C03372,2024-06-01,Electronics,3,117.63,0.0,6
O011621,C02092,2024-08-09,Clothing,1,29.94,6.87,4
O011622,C01061,2024-12-07,Beauty,4,95.06,0.0,2
O011623,C03352,2024-09-14,Clothing,4,131.12,0.0,6
O011624,C00461,2024-01-24,Beauty,3,110.57,0.0,2
O011625,C02118,2024-12-22,Home,3,109.15,0.0,6
O011626,C01607,2024-03-07,Electronics,3,152.25,0.0,2
O011627,C00072,2024-09-05,Clothing,3,90.28,0.0,4
O011628,C04924,2024-08-22,Electronics,5,147.84,0.0,5
O011629,C04273,2024-03-30,Electronics,4,160.13,0.0,3
O011630,C00707,2024-04-03,Clothing,1,24.7,5.74,4
O011631,C01929,2024-12-14,Beauty,3,71.55,9.98,3
O011632,C04980,2024-11-22,Beauty,3,78.6,0.0,2
O011633,C02799,2024-07-07,Sports,3,87.88,0.0,2
O011634,C01178,2024-05-16,Clothing,5,137.91,0.0,5
O011635,C00154,2024-06-21,Home,4,80.61,0.0,6
O011636,C00030,2024-01-16,Home,4,115.23,0.0,4
O011637,C03312,2024-12-29,Clothing,3,59.82,9.22,7
O011638,C03827,2024-08-19,Electronics,1,13.78,5.66,6
O011639,C04787,2024-06-22,Clothing,2,52.29,7.99,7
O011640,C01875,2024-04-10,Clothing,2,88.31,0.0,6
O011641,C00237,2024-07-04,Sports,7,315.97,0.0,7
O011642,C02186,2024-01-30,Sports,3,83.73,0.0,2
O011643,C04726,2024-11-07,Clothing,2,110.75,0.0,6
O011644,C00618,2024-12-15,Sports,4,27.79,7.28,3
O011645,C01572,2024-10-14,Sports,5,290.07,0.0,7
O011646,C02438,2024-03-18,Beauty,3,125.83,0.0,2
O011647,C04456,2024-01-23,Home,3,162.4,0.0,7
O011648,C00582,2024-01-17,Clothing,4,111.33,0.0,4
O011649,C02255,2024-05-01,Sports,5,167.53,0.0,6
O011650,C00601,2024-08-15,Beauty,4,84.05,0.0,4
O011651,C00979,2024-06-23,Sports,3,135.05,0.0,3
O011652,C00515,2024-02-10,Home,1,30.96,11.5,3
O011653,C00810,2024-01-15,Electronics,3,91.52,0.0,6
O011654,C02486,2024-08-01,Electronics,2,99.91,0.0,5
O011655,C01447,2024-03-31,Clothing,1,20.6,6.2,3
O011656,C00469,2024-02-21,Electronics,2,56.78,9.93,6
O011657,C00630,2024-11-11,Sports,1,15.6,7.61,2
O011658,C03383,2024-02-26,Home,5,258.8,0.0,4
O011659,C00114,2024-10-15,Electronics,3,76.62,0.0,6
O011660,C01226,2024-05-28,Home,2,65.17,11.42,5
O011661,C04343,2024-01-20,Clothing,5,228.36,0.0,1
O011662,C01617,2024-11-19,Beauty,1,37.65,12.16,2
O011663,C03318,2024-04-10,Electronics,4,96.37,0.0,1
O011664,C04641,2024-12-22,Home,3,79.86,0.0,6
O011665,C02671,2024-07-06,Electronics,2,94.68,0.0,2
O011666,C04814,2024-02-02,Clothing,3,52.78,7.72,6
O011667,C04874,2024-01-31,Sports,4,78.5,0.0,5
O011668,C03069,2024-06-10,Beauty,4,145.62,0.0,3
O011669,C02538,2024-10-04,Clothing,3,93.2,0.0,5
O011670,C03175,2024-12-27,Sports,3,146.26,0.0,2
O011671,C02638,2024-10-12,Home,2,91.46,0.0,3
O011672,C02223,2024-01-05,Beauty,3,76.99,0.0,2
O011673,C00052,2024-06-17,Home,3,104.64,0.0,3
O011674,C02345,2024-06-21,Sports,5,136.47,0.0,5
O011675,C02223,2024-08-02,Beauty,1,36.36,8.43,3
O011676,C04696,2024-11-12,Sports,2,46.98,5.11,2
O011677,C04267,2024-04-26,Beauty,3,90.05,0.0,2
O011678,C03109,2024-09-11,Clothing,5,77.69,0.0,2
O011679,C01659,2024-09-25,Sports,3,143.41,0.0,4
O011680,C03558,2024-09-08,Home,1,20.08,6.19,3
O011681,C04551,2024-07-24,Electronics,4,69.39,11.84,3
O011682,C04823,2024-07-27,Sports,2,52.65,10.35,6
O011683,C00887,2024-06-11,Electronics,1,52.68,7.18,6
O011684,C03054,2024-09-30,Clothing,2,92.76,0.0,7
O011685,C02803,2024-05-19,Home,1,69.55,12.61,4
O011686,C02198,2024-06-17,Clothing,2,107.86,0.0,3
O011687,C04011,2024-05-23,Beauty,7,174.25,0.0,4
O011688,C00636,2024-08-09,Electronics,4,170.53,0.0,6
O011689,C03015,2024-09-25,Beauty,3,37.6,10.47,4
O011690,C03886,2024-03-16,Beauty,4,136.19,0.0,4
O011691,C02083,2024-04-27,Electronics,3,98.63,0.0,3
O011692,C00175,2024-04-07,Electronics,1,61.58,6.76,6
O011693,C01057,2024-02-02,Clothing,5,203.33,0.0,6
O011694,C01749,2024-12-03,Home,3,61.89,6.28,4
O011695,C02763,2024-03-07,Electronics,2,82.06,0.0,5
O011696,C03469,2024-11-05,Sports,2,79.84,0.0,3
O011697,C02302,2024-01-06,Sports,1,52.84,8.34,2
O011698,C00568,2024-10-18,Electronics,2,89.04,0.0,4
O011699,C04419,2024-08-28,Clothing,1,46.3,7.54,6
O011700,C01784,2024-02-24,Home,6,152.98,0.0,4
O011701,C02144,2024-03-11,Clothing,1,37.7,5.65,3
O011702,C04439,2024-04-03,Sports,3,143.09,0.0,2
O011703,C02241,2024-05-22,Home,7,172.17,0.0,4
O011704,C02559,2024-01-22,Beauty,4,176.19,0.0,3
O011705,C01475,2024-02-18,Home,1,20.46,12.84,7
O011706,C04103,2024-05-15,Beauty,2,89.65,0.0,5
O011707,C00330,2024-08-18,Sports,6,220.53,0.0,2
O011708,C04179,2024-04-09,Electronics,3,26.2,5.33,5
O011709,C02674,2024-10-19,Sports,4,172.06,0.0,5
O011710,C04623,2024-07-18,Home,3,178.09,0.0,3
O011711,C00890,2024-11-29,Sports,2,64.66,10.1,3
O011712,C00762,2024-04-30,Beauty,1,72.97,12.44,3
O011713,C01024,2024-08-14,Sports,3,10.57,10.6,5
O011714,C01681,2024-08-26,Home,2,94.87,0.0,6
O011715,C03257,2024-10-03,Beauty,3,75.28,0.0,3
O011716,C01062,2024-04-10,Home,3,131.87,0.0,3
O011717,C00904,2024-07-05,Clothing,1,43.51,8.67,1
O011718,C00134,2024-06-07,Clothing,3,170.5,0.0,6
O011719,C01126,2024-01-06,Clothing,4,79.11,0.0,2
O011720,C01965,2024-06-18,Sports,2,95.24,0.0,1
O011721,C02040,2024-06-28,Home,4,133.33,0.0,3
O011722,C04189,2024-07-30,Sports,4,97.02,0.0,5
O011723,C02850,2024-06-12,Beauty,2,61.16,6.93,4
O011724,C03212,2024-05-07,Clothing,4,152.58,0.0,3
O011725,C03367,2024-10-22,Clothing,4,161.44,0.0,4
O011726,C02912,2024-08-05,Home,1,12.24,8.74,1
O011727,C04870,2024-05-20,Sports,2,56.61,10.27,4
O011728,C02592,2024-05-11,Clothing,1,62.24,12.01,3
O011729,C04284,2024-12-19,Electronics,2,32.34,11.88,6
O011730,C02184,2024-09-07,Beauty,4,206.66,0.0,4
O011731,C04262,2024-04-10,Electronics,1,43.42,5.43,2
O011732,C03549,2024-11-15,Clothing,2,72.96,5.88,4
O011733,C00245,2024-04-07,Home,4,128.19,0.0,6
O011734,C01180,2024-12-01,Home,1,44.42,5.55,2
O011735,C04926,2024-10-05,Electronics,1,60.87,9.69,4
O011736,C01779,2024-07-04,Sports,2,89.21,0.0,4
O011737,C02536,2024-12-08,Beauty,1,62.36,9.75,3
O011738,C00437,2024-05-22,Beauty,6,158.66,0.0,3
O011739,C02271,2024-12-10,Clothing,5,138.91,0.0,3
O011740,C01825,2024-12-14,Clothing,2,50.46,10.73,4
O011741,C00794,2024-12-21,Clothing,1,16.59,10.36,4
O011742,C04269,2024-03-19,Sports,2,131.21,0.0,3
O011743,C01281,2024-12-22,Home,3,112.36,0.0,5
O011744,C01739,2024-12-20,Electronics,2,12.1,11.52,4
O011745,C00450,2024-02-08,Electronics,3,97.08,0.0,2
O011746,C01955,2024-10-29,Electronics,2,114.1,0.0,4
O011747,C00615,2024-02-06,Home,2,43.15,12.73,1
O011748,C04322,2024-12-13,Clothing,4,113.06,0.0,4
O011749,C00739,2024-10-12,Clothing,2,65.47,10.68,4
O011750,C01632,2024-11-19,Home,3,90.16,0.0,5
O011751,C04172,2024-01-07,Beauty,1,28.84,12.72,4
O011752,C03666,2024-12-18,Sports,4,152.43,0.0,3
O011753,C00069,2024-10-29,Beauty,4,106.91,0.0,2
O011754,C01875,2024-10-29,Home,2,59.66,12.83,4
O011755,C00870,2024-07-28,Beauty,2,48.91,6.93,6
O011756,C01394,2024-03-19,Beauty,2,45.86,7.3,4
O011757,C03471,2024-12-20,Home,1,33.91,8.15,1
O011758,C03192,2024-12-22,Home,2,37.78,11.24,4
O011759,C03120,2024-05-12,Sports,1,5.0,5.05,4
O011760,C02116,2024-06-24,Clothing,1,36.69,11.74,4
O011761,C03966,2024-03-27,Clothing,4,125.11,0.0,5
O011762,C00377,2024-09-05,Beauty,3,160.96,0.0,1
O011763,C02324,2024-08-04,Clothing,2,105.5,0.0,5
O011764,C02816,2024-12-16,Home,2,31.45,12.64,5
O011765,C01942,2024-04-01,Sports,5,100.02,0.0,3
O011766,C00205,2024-07-25,Sports,1,17.49,10.4,5
O011767,C00745,2024-08-19,Clothing,2,64.51,5.0,6
O011768,C03137,2024-11-03,Clothing,4,153.44,0.0,8
O011769,C01550,2024-07-17,Electronics,4,115.21,0.0,4
O011770,C04421,2024-02-07,Clothing,3,92.87,0.0,3
O011771,C02426,2024-03-17,Home,2,79.99,0.0,4
O011772,C02865,2024-03-07,Sports,2,110.76,0.0,4
O011773,C03974,2024-07-03,Clothing,2,50.42,8.77,2
O011774,C04777,2024-10-01,Sports,4,147.32,0.0,2
O011775,C00671,2024-03-30,Beauty,5,171.25,0.0,4
O011776,C03418,2024-10-12,Beauty,7,373.81,0.0,4
O011777,C03066,2024-12-13,Beauty,4,97.89,0.0,5
O011778,C01728,2024-07-25,Clothing,4,156.53,0.0,4
O011779,C04027,2024-01-18,Electronics,3,123.9,0.0,4
O011780,C02933,2024-08-31,Sports,2,85.7,0.0,4
O011781,C03815,2024-11-14,Clothing,2,59.52,12.71,6
O011782,C01704,2024-01-07,Clothing,3,117.92,0.0,6
O011783,C03087,2024-07-06,Electronics,5,97.4,0.0,3
O011784,C03265,2024-03-28,Clothing,4,104.72,0.0,3
O011785,C04542,2024-04-25,Beauty,2,54.97,12.99,5
O011786,C00054,2024-03-03,Home,4,125.55,0.0,1
O011787,C00692,2024-12-09,Sports,4,175.13,0.0,3
O011788,C04100,2024-03-15,Sports,2,38.82,11.35,4
O011789,C00257,2024-10-21,Clothing,3,108.89,0.0,5
O011790,C03433,2024-06-19,Beauty,3,174.75,0.0,4
O011791,C00834,2024-08-19,Beauty,3,99.42,0.0,4
O011792,C02530,2024-09-04,Electronics,3,67.18,12.25,2
O011793,C02897,2024-12-28,Electronics,1,39.71,6.7,3
O011794,C01162,2024-08-12,Clothing,3,103.66,0.0,4
O011795,C03523,2024-10-02,Home,2,25.42,6.78,3
O011796,C00473,2024-12-27,Sports,5,291.2,0.0,3
O011797,C02027,2024-07-10,Home,3,77.79,0.0,5
O011798,C01638,2024-06-15,Clothing,2,25.64,9.38,6
O011799,C03549,2024-04-08,Clothing,3,117.47,0.0,5
O011800,C02241,2024-08-15,Home,3,126.25,0.0,6
O011801,C02355,2024-11-09,Clothing,2,51.89,8.54,2
O011802,C04855,2024-11-21,Sports,4,171.97,0.0,4
O011803,C00906,2024-03-02,Clothing,5,163.3,0.0,5
O011804,C01184,2024-05-08,Clothing,3,65.04,10.8,4
O011805,C02220,2024-09-06,Clothing,4,219.6,0.0,3
O011806,C03645,2024-05-18,Beauty,2,54.98,6.4,3
O011807,C01089,2024-08-17,Clothing,3,90.86,0.0,3
O011808,C01193,2024-02-28,Clothing,1,21.37,8.6,3
O011809,C02129,2024-06-13,Sports,2,106.76,0.0,2
O011810,C03452,2024-07-22,Beauty,2,50.02,10.81,6
O011811,C03842,2024-04-07,Beauty,4,137.09,0.0,4
O011812,C00332,2024-12-03,Electronics,1,30.64,8.62,4
O011813,C01212,2024-09-02,Clothing,2,110.73,0.0,4
O011814,C01049,2024-05-16,Electronics,1,6.13,9.95,4
O011815,C04089,2024-02-15,Electronics,3,109.41,0.0,3
O011816,C02276,2024-07-22,Home,3,107.02,0.0,6
O011817,C01635,2024-07-11,Beauty,4,144.82,0.0,4
O011818,C03606,2024-11-22,Home,2,49.54,10.14,5
O011819,C00503,2024-12-24,Sports,5,217.31,0.0,5
O011820,C03570,2024-02-11,Home,1,37.99,8.61,6
O011821,C01080,2024-06-10,Home,5,192.12,0.0,2
O011822,C01335,2024-08-11,Sports,5,239.31,0.0,6
O011823,C04648,2024-09-10,Sports,3,67.3,7.27,2
O011824,C04019,2024-10-10,Clothing,3,121.03,0.0,3
O011825,C04217,2024-08-05,Clothing,1,74.33,9.7,4
O011826,C02074,2024-04-09,Beauty,3,112.54,0.0,4
O011827,C04055,2024-03-01,Beauty,3,84.35,0.0,3
O011828,C00023,2024-02-09,Clothing,4,203.78,0.0,2
O011829,C01850,2024-06-30,Clothing,3,68.49,6.79,4
O011830,C02164,2024-02-28,Clothing,3,118.0,0.0,2
O011831,C00480,2024-08-10,Sports,3,87.37,0.0,6
O011832,C02355,2024-07-26,Clothing,3,87.4,0.0,4
O011833,C02749,2024-06-18,Home,1,22.16,7.37,1
O011834,C02540,2024-05-18,Beauty,4,146.19,0.0,6
O011835,C04865,2024-07-21,Electronics,3,52.19,6.43,1
O011836,C01144,2024-09-10,Beauty,3,146.65,0.0,5
O011837,C02334,2024-06-14,Beauty,1,23.63,6.67,4
O011838,C02646,2024-02-26,Sports,2,84.11,0.0,3
O011839,C00839,2024-05-02,Beauty,4,152.95,0.0,2
O011840,C01850,2024-05-16,Electronics,1,24.82,8.67,8
O011841,C03387,2024-09-06,Beauty,5,179.24,0.0,3
O011842,C02853,2024-02-26,Beauty,4,217.48,0.0,4
O011843,C02210,2024-03-07,Beauty,2,69.36,11.42,5
O011844,C01393,2024-08-18,Electronics,1,29.75,8.01,3
O011845,C03257,2024-08-31,Home,4,168.94,0.0,4
O011846,C01960,2024-10-12,Home,4,96.58,0.0,5
O011847,C00276,2024-04-30,Clothing,5,41.56,9.71,3
O011848,C04625,2024-02-23,Sports,2,35.54,6.74,3
O011849,C01460,2024-10-14,Sports,2,67.66,7.78,3
O011850,C03332,2024-10-04,Electronics,4,120.17,0.0,6
O011851,C00959,2024-12-30,Clothing,2,100.23,0.0,6
O011852,C01842,2024-03-06,Clothing,1,24.18,11.52,4
O011853,C04060,2024-09-26,Electronics,5,191.56,0.0,4
O011854,C04146,2024-01-13,Sports,5,118.59,0.0,2
O011855,C03378,2024-12-08,Home,1,37.61,5.51,3
O011856,C02525,2024-05-03,Clothing,3,128.85,0.0,3
O011857,C00488,2024-03-17,Electronics,3,137.93,0.0,7
O011858,C02128,2024-12-04,Home,5,127.35,0.0,6
O011859,C01941,2024-01-24,Electronics,3,115.79,0.0,5
O011860,C02454,2024-02-04,Home,6,293.09,0.0,4
O011861,C04015,2024-11-19,Home,1,40.31,5.13,2
O011862,C03798,2024-03-14,Home,4,150.29,0.0,3
O011863,C04351,2024-10-16,Electronics,5,167.22,0.0,5
O011864,C00960,2024-10-16,Electronics,2,74.96,8.99,4
O011865,C02564,2024-01-19,Sports,4,101.85,0.0,3
O011866,C00464,2024-09-15,Sports,3,67.38,8.19,3
O011867,C01937,2024-04-25,Sports,1,28.21,5.89,5
O011868,C04132,2024-10-18,Clothing,2,51.8,6.77,5
O011869,C00016,2024-09-16,Clothing,1,16.01,9.04,4
O011870,C04071,2024-06-02,Electronics,4,134.19,0.0,4
O011871,C00919,2024-07-21,Clothing,5,215.04,0.0,5
O011872,C01614,2024-05-10,Electronics,7,282.46,0.0,4
O011873,C00823,2024-05-07,Sports,3,117.51,0.0,3
O011874,C02121,2024-09-21,Electronics,2,62.56,10.19,5
O011875,C03392,2024-10-28,Clothing,3,130.79,0.0,3
O011876,C01967,2024-09-26,Home,2,51.66,5.13,5
O011877,C01882,2024-01-03,Clothing,2,96.3,0.0,4
O011878,C00740,2024-09-14,Beauty,3,114.75,0.0,4
O011879,C04854,2024-12-07,Electronics,1,26.93,6.91,1
O011880,C03067,2024-04-09,Sports,3,79.81,0.0,1
O011881,C03844,2024-02-22,Clothing,1,14.98,12.51,4
O011882,C00798,2024-06-14,Electronics,3,92.93,0.0,2
O011883,C03211,2024-05-28,Home,5,142.9,0.0,5
O011884,C01587,2024-06-11,Beauty,3,86.15,0.0,1
O011885,C03731,2024-03-23,Home,3,128.61,0.0,3
O011886,C01778,2024-01-22,Clothing,3,95.02,0.0,4
O011887,C02532,2024-01-20,Beauty,3,95.65,0.0,6
O011888,C02435,2024-12-21,Electronics,1,24.47,8.99,5
O011889,C03918,2024-07-29,Beauty,2,71.65,6.05,2
O011890,C04554,2024-11-19,Sports,4,215.4,0.0,6
O011891,C02470,2024-12-17,Clothing,1,22.27,7.82,5
O011892,C02280,2024-01-08,Clothing,3,110.05,0.0,3
O011893,C01368,2024-11-02,Electronics,3,87.58,0.0,6
O011894,C02768,2024-06-02,Home,2,53.25,12.72,3
O011895,C01398,2024-02-20,Home,3,123.46,0.0,1
O011896,C00155,2024-09-02,Electronics,1,34.54,8.6,3
O011897,C03187,2024-06-02,Home,2,68.46,12.13,4
O011898,C01116,2024-09-02,Clothing,2,60.39,8.31,6
O011899,C03666,2024-10-29,Home,2,84.01,0.0,3
O011900,C03597,2024-02-12,Home,3,25.24,12.51,2
O011901,C01115,2024-06-11,Home,6,182.24,0.0,4
O011902,C00700,2024-05-26,Beauty,4,115.84,0.0,3
O011903,C04201,2024-12-01,Electronics,2,42.0,7.32,6
O011904,C00596,2024-06-04,Electronics,3,147.95,0.0,7
O011905,C01014,2024-01-03,Home,3,80.93,0.0,1
O011906,C00540,2024-05-25,Sports,1,38.57,8.23,4
O011907,C00012,2024-09-25,Home,2,28.84,8.61,3
O011908,C01944,2024-08-31,Electronics,5,226.89,0.0,2
O011909,C04460,2024-10-22,Home,2,41.36,11.29,5
O011910,C00662,2024-10-21,Electronics,4,129.13,0.0,7
O011911,C04634,2024-11-09,Sports,4,173.55,0.0,5
O011912,C04410,2024-02-26,Electronics,1,38.86,8.45,5
O011913,C01423,2024-10-06,Electronics,6,127.66,0.0,2
O011914,C01246,2024-04-28,Clothing,1,71.09,9.38,3
O011915,C00580,2024-01-22,Clothing,2,9.02,7.93,5
O011916,C00262,2024-02-20,Electronics,2,66.58,9.67,7
O011917,C00496,2024-07-30,Beauty,3,84.11,0.0,6
O011918,C04226,2024-08-03,Beauty,2,42.38,7.72,5
O011919,C04888,2024-03-16,Clothing,1,33.7,9.06,2
O011920,C02137,2024-07-22,Home,2,32.56,8.4,4
O011921,C00630,2024-06-14,Clothing,4,94.04,0.0,3
O011922,C00506,2024-03-01,Beauty,1,28.96,10.54,4
O011923,C00207,2024-10-31,Home,1,43.87,5.65,5
O011924,C03432,2024-10-05,Sports,1,43.07,5.22,3
O011925,C03131,2024-09-16,Sports,4,114.31,0.0,4
O011926,C01855,2024-03-16,Electronics,1,50.69,8.1,3
O011927,C01661,2024-07-27,Clothing,3,182.5,0.0,5
O011928,C02582,2024-02-06,Electronics,6,167.91,0.0,4
O011929,C04980,2024-04-02,Electronics,2,79.41,0.0,5
O011930,C00285,2024-05-13,Beauty,4,123.18,0.0,6
O011931,C00719,2024-08-26,Clothing,3,97.66,0.0,4
O011932,C03989,2024-05-15,Clothing,3,41.93,6.39,2
O011933,C00502,2024-08-10,Sports,3,90.39,0.0,5
O011934,C00258,2024-05-27,Beauty,1,12.88,7.77,5
O011935,C04906,2024-09-08,Clothing,3,147.41,0.0,4
O011936,C02598,2024-03-19,Electronics,1,48.32,6.77,4
O011937,C01923,2024-08-31,Home,5,237.85,0.0,3
O011938,C01240,2024-11-13,Clothing,2,58.88,8.47,4
O011939,C03295,2024-04-29,Home,3,133.11,0.0,3
O011940,C03014,2024-11-04,Clothing,4,113.06,0.0,4
O011941,C04618,2024-05-01,Sports,2,67.2,7.6,3
O011942,C00888,2024-07-30,Clothing,8,203.02,0.0,5
O011943,C03455,2024-10-10,Sports,1,48.81,5.24,4
O011944,C00745,2024-09-10,Clothing,2,40.28,12.12,3
O011945,C03437,2024-01-18,Beauty,3,149.21,0.0,4
O011946,C01705,2024-09-19,Electronics,1,26.22,8.01,2
O011947,C00211,2024-10-03,Home,8,327.54,0.0,2
O011948,C04065,2024-02-10,Clothing,4,82.72,0.0,3
O011949,C01957,2024-12-29,Home,4,61.48,10.66,3
O011950,C02527,2024-01-31,Beauty,3,75.74,0.0,3
O011951,C01703,2024-10-24,Sports,1,60.35,9.87,2
O011952,C04215,2024-11-10,Beauty,2,94.69,0.0,4
O011953,C00486,2024-04-27,Clothing,5,220.22,0.0,3
O011954,C02157,2024-12-25,Clothing,3,153.02,0.0,3
O011955,C02502,2024-08-21,Clothing,3,132.08,0.0,4
O011956,C03311,2024-02-12,Electronics,2,49.43,5.57,5
O011957,C04608,2024-08-15,Sports,3,84.97,0.0,2
O011958,C01067,2024-05-13,Sports,2,47.92,7.19,6
O011959,C04228,2024-11-28,Beauty,3,121.55,0.0,1
O011960,C01816,2024-06-05,Home,3,128.46,0.0,4
O011961,C02799,2024-07-24,Clothing,4,129.47,0.0,6
O011962,C03630,2024-03-29,Home,4,204.58,0.0,5
O011963,C04057,2024-04-08,Home,3,119.0,0.0,4
O011964,C00198,2024-02-06,Sports,4,129.62,0.0,5
O011965,C03372,2024-07-17,Sports,4,110.72,0.0,4
O011966,C04316,2024-12-21,Clothing,1,51.59,5.34,4
O011967,C04964,2024-02-24,Clothing,2,63.77,11.57,3
O011968,C01316,2024-04-14,Home,4,141.1,0.0,3
O011969,C02573,2024-08-30,Beauty,3,103.79,0.0,5
O011970,C04863,2024-03-14,Beauty,1,31.8,5.46,3
O011971,C01182,2024-11-09,Electronics,5,181.82,0.0,4
O011972,C03342,2024-04-13,Sports,7,262.5,0.0,5
O011973,C00257,2024-08-08,Electronics,2,82.76,0.0,3
O011974,C02749,2024-01-16,Home,2,77.86,0.0,4
O011975,C02563,2024-01-29,Beauty,4,154.84,0.0,4
O011976,C01668,2024-09-20,Electronics,4,131.08,0.0,4
O011977,C02649,2024-12-21,Clothing,4,170.08,0.0,2
O011978,C00637,2024-07-01,Electronics,5,146.52,0.0,4
O011979,C02823,2024-02-21,Clothing,3,100.59,0.0,5
O011980,C00008,2024-12-12,Electronics,3,156.22,0.0,4
O011981,C01580,2024-11-28,Sports,3,74.82,11.83,3
O011982,C00135,2024-04-15,Electronics,1,18.14,11.27,4
O011983,C03832,2024-01-25,Beauty,3,89.08,0.0,3
O011984,C04926,2024-04-01,Clothing,4,154.93,0.0,6
O011985,C04121,2024-11-24,Clothing,1,28.76,12.8,7
O011986,C02513,2024-01-26,Electronics,2,103.52,0.0,4
O011987,C04470,2024-03-30,Clothing,1,37.09,12.11,5
O011988,C02244,2024-06-23,Clothing,4,117.0,0.0,3
O011989,C02170,2024-12-07,Beauty,5,148.99,0.0,7
O011990,C04868,2024-01-30,Home,3,101.37,0.0,2
O011991,C04655,2024-01-14,Clothing,8,230.08,0.0,4
O011992,C03958,2024-05-09,Home,6,133.77,0.0,6
O011993,C01233,2024-05-10,Clothing,2,65.91,7.49,6
O011994,C03373,2024-01-06,Clothing,4,188.77,0.0,3
O011995,C00954,2024-07-29,Home,3,141.11,0.0,5
O011996,C01539,2024-05-28,Sports,6,232.64,0.0,3
O011997,C00908,2024-10-02,Clothing,2,74.17,10.8,3
O011998,C01681,2024-05-28,Home,5,166.41,0.0,3
O011999,C01910,2024-02-09,Beauty,1,52.07,8.2,7
O012000,C04090,2024-07-14,Clothing,4,160.73,0.0,5
O012001,C00619,2024-05-03,Home,5,154.44,0.0,3
O012002,C02789,2024-03-11,Clothing,5,178.51,0.0,5
O012003,C01910,2024-07-17,Clothing,5,197.65,0.0,3
O012004,C02845,2024-02-02,Home,7,179.73,0.0,3
O012005,C04302,2024-11-02,Clothing,2,53.07,6.36,7
O012006,C04679,2024-03-30,Electronics,2,75.33,0.0,7
O012007,C00697,2024-03-30,Clothing,5,178.75,0.0,3
O012008,C03405,2024-11-30,Clothing,5,101.35,0.0,6
O012009,C04304,2024-10-02,Beauty,3,62.64,11.14,5
O012010,C00405,2024-10-01,Home,4,115.54,0.0,5
O012011,C02436,2024-07-17,Clothing,1,29.4,8.57,3
O012012,C01511,2024-02-25,Home,1,15.72,6.16,6
O012013,C04963,2024-08-24,Home,3,73.64,8.3,3
O012014,C02319,2024-01-01,Home,4,149.14,0.0,4
O012015,C04089,2024-06-15,Beauty,1,31.69,7.54,5
O012016,C02485,2024-02-06,Beauty,4,206.32,0.0,3
O012017,C00858,2024-09-30,Beauty,2,26.58,11.2,3
O012018,C03730,2024-03-19,Electronics,2,30.79,5.37,1
O012019,C02393,2024-08-29,Home,2,71.87,12.23,3
O012020,C04069,2024-05-13,Home,3,138.77,0.0,5
O012021,C04283,2024-09-08,Beauty,6,236.74,0.0,5
O012022,C00020,2024-12-22,Sports,6,257.05,0.0,4
O012023,C02421,2024-01-22,Clothing,1,18.37,5.72,7
O012024,C03027,2024-09-23,Clothing,2,49.19,11.5,3
O012025,C00067,2024-08-05,Sports,4,164.63,0.0,8
O012026,C03134,2024-03-12,Home,5,118.74,0.0,3
O012027,C03558,2024-01-09,Home,5,129.72,0.0,3
O012028,C00786,2024-05-14,Clothing,2,79.06,0.0,5
O012029,C02133,2024-07-13,Sports,3,103.07,0.0,1
O012030,C01430,2024-10-28,Electronics,4,137.9,0.0,3
O012031,C01419,2024-02-27,Beauty,2,69.89,10.4,3
O012032,C03691,2024-10-10,Home,2,86.31,0.0,6
O012033,C01548,2024-10-13,Home,7,314.65,0.0,4
O012034,C04272,2024-11-03,Electronics,2,118.23,0.0,6
O012035,C00359,2024-09-07,Clothing,4,93.98,0.0,2
O012036,C01563,2024-03-31,Beauty,4,245.8,0.0,3
O012037,C04387,2024-07-22,Electronics,4,221.85,0.0,2
O012038,C02178,2024-01-08,Sports,1,42.39,10.28,4
O012039,C03811,2024-04-17,Clothing,2,60.48,6.64,4
O012040,C00479,2024-08-20,Home,6,177.25,0.0,3
O012041,C00648,2024-12-07,Home,5,247.85,0.0,4
O012042,C00264,2024-09-30,Home,4,94.21,0.0,5
O012043,C03743,2024-04-29,Electronics,3,139.06,0.0,4
O012044,C02957,2024-10-31,Beauty,5,218.65,0.0,2
O012045,C01562,2024-01-11,Sports,3,65.72,11.92,4
O012046,C01437,2024-07-01,Home,5,185.1,0.0,3
O012047,C02006,2024-11-04,Sports,2,28.8,11.9,6
O012048,C03141,2024-06-27,Electronics,6,261.02,0.0,3
O012049,C00908,2024-07-24,Sports,5,161.26,0.0,4
O012050,C00130,2024-04-01,Clothing,2,81.51,0.0,3
O012051,C00938,2024-08-14,Sports,3,130.49,0.0,5
O012052,C03719,2024-01-06,Home,3,81.62,0.0,4
O012053,C00815,2024-12-21,Home,2,100.36,0.0,3
O012054,C03963,2024-01-12,Beauty,1,21.71,5.08,5
O012055,C03382,2024-09-06,Home,3,105.22,0.0,3
O012056,C00015,2024-07-16,Beauty,4,192.41,0.0,2
O012057,C02038,2024-05-06,Clothing,4,107.77,0.0,4
O012058,C03489,2024-02-06,Beauty,6,193.61,0.0,5
O012059,C00707,2024-01-08,Home,3,38.81,8.5,1
O012060,C00703,2024-06-13,Sports,4,82.23,0.0,2
O012061,C04842,2024-04-29,Home,1,33.88,6.95,5
O012062,C04132,2024-08-19,Clothing,4,164.17,0.0,5
O012063,C04843,2024-08-12,Clothing,3,68.92,10.89,7
O012064,C02556,2024-08-20,Home,2,52.2,11.44,2
O012065,C04742,2024-10-13,Clothing,1,51.22,10.64,2
O012066,C02987,2024-08-13,Clothing,2,108.99,0.0,6
O012067,C03940,2024-05-24,Clothing,2,65.44,7.27,4
O012068,C04952,2024-09-06,Clothing,1,50.09,12.99,5
O012069,C03339,2024-09-28,Home,3,121.25,0.0,3
O012070,C00517,2024-10-12,Sports,7,285.61,0.0,3
O012071,C00798,2024-02-08,Clothing,1,20.82,9.1,4
O012072,C00485,2024-02-13,Clothing,1,55.79,7.77,5
O012073,C03675,2024-02-06,Clothing,7,178.31,0.0,3
O012074,C02712,2024-09-12,Electronics,4,117.43,0.0,3
O012075,C00443,2024-07-29,Clothing,1,36.72,7.09,4
O012076,C01654,2024-04-01,Electronics,6,250.18,0.0,3
O012077,C01014,2024-01-19,Home,3,119.69,0.0,7
O012078,C00963,2024-04-09,Home,2,23.43,6.02,5
O012079,C00573,2024-05-26,Home,1,33.96,5.41,5
O012080,C04454,2024-03-09,Sports,5,291.67,0.0,3
O012081,C04717,2024-05-09,Clothing,3,42.98,11.28,3
O012082,C01831,2024-01-25,Beauty,3,107.75,0.0,3
O012083,C03843,2024-04-24,Beauty,2,76.51,0.0,5
O012084,C04902,2024-03-30,Clothing,2,104.55,0.0,4
O012085,C00816,2024-10-12,Electronics,3,80.64,0.0,2
O012086,C03672,2024-09-29,Electronics,3,113.5,0.0,2
O012087,C02537,2024-12-06,Home,5,206.06,0.0,1
O012088,C01211,2024-07-30,Home,3,88.24,0.0,1
O012089,C03135,2024-04-20,Clothing,7,322.34,0.0,4
O012090,C00555,2024-12-13,Clothing,10,315.39,0.0,6
O012091,C02793,2024-03-16,Clothing,4,168.67,0.0,4
O012092,C04921,2024-10-22,Electronics,3,136.09,0.0,3
O012093,C04063,2024-03-28,Electronics,5,192.91,0.0,2
O012094,C03766,2024-06-18,Clothing,5,97.52,0.0,1
O012095,C04303,2024-05-26,Beauty,1,53.07,12.0,3
O012096,C01265,2024-08-27,Beauty,1,42.26,7.38,4
O012097,C00894,2024-02-24,Sports,2,52.03,6.02,4
O012098,C02173,2024-04-01,Sports,2,50.2,8.7,6
O012099,C02305,2024-09-09,Home,7,344.71,0.0,3
O012100,C03164,2024-06-05,Electronics,3,126.6,0.0,5
O012101,C04833,2024-09-07,Electronics,1,39.54,9.61,3
O012102,C03959,2024-09-20,Sports,5,225.47,0.0,5
O012103,C04384,2024-01-08,Clothing,4,212.2,0.0,5
O012104,C01239,2024-11-20,Beauty,5,117.85,0.0,3
O012105,C01818,2024-10-25,Home,6,135.82,0.0,4
O012106,C00767,2024-04-07,Home,3,130.28,0.0,4
O012107,C02560,2024-02-19,Sports,4,133.6,0.0,5
O012108,C00573,2024-07-31,Clothing,2,76.72,0.0,6
O012109,C04464,2024-01-04,Clothing,6,101.92,0.0,6
O012110,C02333,2024-12-29,Clothing,3,95.01,0.0,3
O012111,C02111,2024-10-18,Beauty,2,39.32,5.51,4
O012112,C04742,2024-08-28,Electronics,1,70.85,6.22,2
O012113,C00751,2024-01-19,Sports,2,10.95,11.48,3
O012114,C02812,2024-09-26,Sports,3,127.04,0.0,5
O012115,C04457,2024-10-30,Clothing,3,102.92,0.0,5
O012116,C03555,2024-11-23,Sports,4,85.03,0.0,4
O012117,C02419,2024-07-19,Clothing,1,15.88,10.72,2
O012118,C02989,2024-04-13,Beauty,1,49.85,5.93,4
O012119,C00855,2024-11-26,Clothing,1,44.83,10.32,6
O012120,C02851,2024-12-29,Beauty,1,18.87,10.03,4
O012121,C03380,2024-03-22,Sports,1,9.11,8.75,6
O012122,C00194,2024-11-14,Home,4,169.35,0.0,2
O012123,C01578,2024-02-24,Clothing,2,87.01,0.0,3
O012124,C01481,2024-10-14,Electronics,2,86.55,0.0,7
O012125,C04429,2024-08-23,Home,4,171.72,0.0,6
O012126,C00747,2024-06-12,Clothing,2,36.29,5.54,6
O012127,C04962,2024-12-30,Home,2,93.63,0.0,3
O012128,C03088,2024-03-25,Clothing,8,212.77,0.0,6
O012129,C04741,2024-08-06,Beauty,3,121.2,0.0,1
O012130,C00150,2024-12-27,Beauty,5,134.61,0.0,4
O012131,C03866,2024-07-31,Clothing,2,73.4,4.99,4
O012132,C04898,2024-07-21,Sports,2,55.79,8.97,3
O012133,C04978,2024-11-08,Clothing,1,33.22,5.0,2
O012134,C02329,2024-10-26,Electronics,4,138.12,0.0,1
O012135,C01676,2024-08-29,Beauty,4,130.93,0.0,4
O012136,C02587,2024-06-10,Electronics,8,303.59,0.0,4
O012137,C02390,2024-06-27,Sports,5,115.41,0.0,4
O012138,C00674,2024-04-01,Sports,7,204.9,0.0,5
O012139,C03702,2024-05-17,Home,1,26.41,11.04,3
O012140,C01361,2024-04-21,Sports,7,305.66,0.0,2
O012141,C03067,2024-06-17,Clothing,2,75.01,0.0,5
O012142,C03147,2024-11-16,Clothing,2,93.07,0.0,7
O012143,C03618,2024-04-10,Electronics,3,89.19,0.0,4
O012144,C03068,2024-10-22,Electronics,5,212.72,0.0,4
O012145,C02163,2024-07-11,Beauty,3,49.15,8.87,4
O012146,C01445,2024-12-23,Clothing,1,10.94,10.0,4
O012147,C04026,2024-07-25,Sports,6,166.49,0.0,5
O012148,C02161,2024-10-12,Home,3,85.26,0.0,7
O012149,C03354,2024-08-03,Clothing,4,191.55,0.0,4
O012150,C04820,2024-08-15,Home,2,79.23,0.0,3
O012151,C01771,2024-12-26,Clothing,4,123.92,0.0,5
O012152,C04545,2024-02-12,Home,1,49.78,12.24,5
O012153,C01703,2024-06-29,Home,3,73.43,6.98,2
O012154,C00195,2024-12-12,Sports,2,82.38,0.0,6
O012155,C00575,2024-10-12,Electronics,4,112.65,0.0,6
O012156,C02630,2024-10-23,Clothing,3,100.39,0.0,6
O012157,C04687,2024-02-13,Home,4,145.63,0.0,4
O012158,C04644,2024-02-06,Electronics,3,169.06,0.0,4
O012159,C00389,2024-09-05,Sports,6,207.45,0.0,3
O012160,C01753,2024-03-23,Home,2,88.49,0.0,5
O012161,C00661,2024-09-13,Clothing,1,43.31,12.31,3
O012162,C02833,2024-08-04,Clothing,1,36.9,11.51,3
O012163,C04630,2024-01-10,Sports,5,133.42,0.0,5
O012164,C00297,2024-08-25,Home,2,53.56,8.94,5
O012165,C00331,2024-01-26,Home,2,65.57,7.56,3
O012166,C03850,2024-09-07,Home,1,39.22,6.22,1
O012167,C04951,2024-08-02,Clothing,4,87.12,0.0,6
O012168,C01285,2024-05-24,Home,2,87.4,0.0,4
O012169,C01079,2024-11-15,Home,2,30.65,11.88,7
O012170,C00875,2024-08-09,Clothing,2,35.29,8.86,4
O012171,C03867,2024-11-19,Clothing,3,151.45,0.0,2
O012172,C04838,2024-01-18,Beauty,1,41.69,8.73,4
O012173,C02686,2024-12-04,Electronics,1,30.7,12.6,2
O012174,C02490,2024-08-15,Beauty,2,47.13,6.61,4
O012175,C01586,2024-08-23,Clothing,3,77.61,0.0,4
O012176,C03808,2024-12-11,Beauty,4,128.77,0.0,5
O012177,C02941,2024-10-02,Beauty,1,53.5,7.29,4
O012178,C04487,2024-04-30,Sports,2,48.87,7.61,1
O012179,C04469,2024-03-02,Home,3,85.08,0.0,3
O012180,C01503,2024-11-26,Electronics,3,91.91,0.0,3
O012181,C00746,2024-07-05,Beauty,4,136.69,0.0,2
O012182,C02613,2024-01-25,Beauty,2,53.77,12.87,5
O012183,C01509,2024-12-04,Electronics,3,88.22,0.0,3
O012184,C01771,2024-04-05,Clothing,2,60.88,5.66,2
O012185,C03780,2024-11-16,Beauty,3,88.79,0.0,3
O012186,C01962,2024-07-11,Sports,2,71.42,11.77,3
O012187,C01596,2024-09-10,Sports,2,76.03,0.0,5
O012188,C04781,2024-03-07,Home,2,91.25,0.0,7
O012189,C02534,2024-11-09,Electronics,2,38.41,10.03,5
O012190,C03659,2024-02-09,Electronics,2,103.82,0.0,4
O012191,C00466,2024-08-11,Sports,1,43.52,6.36,4
O012192,C02070,2024-12-21,Sports,4,38.05,12.68,6
O012193,C02444,2024-08-09,Sports,4,183.75,0.0,5
O012194,C01233,2024-04-12,Clothing,2,72.53,12.26,6
O012195,C00145,2024-11-13,Home,2,83.29,0.0,4
O012196,C02353,2024-09-04,Clothing,4,98.38,0.0,5
O012197,C01808,2024-06-10,Sports,4,121.22,0.0,5
O012198,C03049,2024-09-20,Clothing,4,147.25,0.0,7
O012199,C04043,2024-01-25,Home,2,56.35,9.36,4
O012200,C04140,2024-06-02,Home,3,134.02,0.0,4
O012201,C04203,2024-08-06,Beauty,3,116.11,0.0,7
O012202,C04246,2024-09-10,Clothing,2,41.67,7.9,5
O012203,C01288,2024-08-02,Home,5,180.97,0.0,4
O012204,C00110,2024-06-17,Electronics,2,51.61,9.66,4
O012205,C04846,2024-03-20,Electronics,1,40.61,7.79,6
O012206,C04820,2024-03-12,Home,3,122.08,0.0,5
O012207,C02791,2024-03-03,Sports,2,102.22,0.0,7
O012208,C04424,2024-03-15,Sports,1,37.67,8.15,6
O012209,C00862,2024-09-19,Electronics,1,38.94,8.94,4
O012210,C00461,2024-04-07,Electronics,4,197.49,0.0,1
O012211,C01105,2024-03-25,Sports,4,162.27,0.0,4
O012212,C00744,2024-11-20,Beauty,4,175.23,0.0,2
O012213,C02411,2024-11-01,Electronics,5,147.69,0.0,2
O012214,C03793,2024-09-29,Electronics,2,44.17,9.36,3
O012215,C04994,2024-05-28,Electronics,4,97.12,0.0,3
O012216,C00443,2024-01-06,Clothing,1,87.5,0.0,6
O012217,C01834,2024-04-18,Home,4,143.02,0.0,2
O012218,C00886,2024-07-17,Clothing,1,37.9,10.0,5
O012219,C03605,2024-11-26,Clothing,1,59.46,5.04,2
O012220,C04357,2024-12-03,Clothing,2,70.21,11.55,3
O012221,C04376,2024-02-07,Clothing,3,121.93,0.0,7
O012222,C03222,2024-11-14,Electronics,3,76.7,0.0,3
O012223,C00152,2024-05-07,Electronics,7,177.82,0.0,2
O012224,C01597,2024-05-19,Electronics,5,171.73,0.0,1
O012225,C01672,2024-09-04,Electronics,2,75.73,0.0,6
O012226,C01535,2024-09-15,Home,7,148.4,0.0,1
O012227,C01566,2024-05-26,Clothing,3,68.18,12.9,3
O012228,C00951,2024-12-08,Electronics,1,38.89,9.67,4
O012229,C02915,2024-07-13,Home,4,59.3,9.59,3
O012230,C02493,2024-08-02,Home,4,149.58,0.0,5
O012231,C01342,2024-08-28,Clothing,3,23.79,5.93,6
O012232,C00732,2024-05-12,Electronics,4,193.22,0.0,5
O012233,C04334,2024-01-29,Sports,2,51.7,9.84,3
O012234,C00539,2024-04-07,Clothing,2,48.96,5.62,6
O012235,C00769,2024-12-29,Beauty,2,51.94,9.23,1
O012236,C02857,2024-06-30,Home,7,260.04,0.0,6
O012237,C03726,2024-05-31,Clothing,3,50.78,12.3,3
O012238,C02122,2024-04-12,Clothing,4,108.3,0.0,3
O012239,C01735,2024-10-14,Home,1,31.95,9.19,3
O012240,C04392,2024-08-22,Sports,3,106.22,0.0,4
O012241,C00014,2024-05-12,Beauty,4,190.69,0.0,4
O012242,C04708,2024-08-17,Beauty,2,78.65,0.0,2
O012243,C03675,2024-02-04,Clothing,1,36.99,10.62,4
O012244,C04491,2024-12-23,Beauty,7,187.31,0.0,5
O012245,C00191,2024-03-20,Beauty,3,162.8,0.0,2
O012246,C02865,2024-12-20,Electronics,2,53.97,7.79,6
O012247,C04103,2024-08-29,Home,5,188.2,0.0,2
O012248,C01105,2024-12-09,Home,10,470.48,0.0,4
O012249,C02813,2024-05-12,Beauty,2,41.29,10.96,5
O012250,C00652,2024-01-09,Home,2,50.07,7.93,4
O012251,C01381,2024-09-09,Home,4,139.05,0.0,5
O012252,C00802,2024-02-02,Clothing,3,120.29,0.0,4
O012253,C04545,2024-12-12,Sports,5,128.4,0.0,2
O012254,C02122,2024-07-05,Electronics,1,54.72,11.5,3
O012255,C01985,2024-01-11,Electronics,2,50.36,7.7,3
O012256,C04141,2024-03-09,Sports,2,41.83,7.95,6
O012257,C01553,2024-05-17,Electronics,2,46.3,11.84,3
O012258,C02793,2024-05-10,Clothing,7,227.25,0.0,2
O012259,C02724,2024-09-07,Electronics,2,5.0,10.74,8
O012260,C02023,2024-05-02,Clothing,3,88.53,0.0,3
O012261,C04671,2024-09-29,Beauty,3,120.22,0.0,4
O012262,C01431,2024-08-30,Sports,3,108.78,0.0,2
O012263,C04189,2024-06-10,Clothing,2,82.38,0.0,4
O012264,C02514,2024-04-04,Electronics,1,5.0,6.5,5
O012265,C00604,2024-06-10,Electronics,4,145.72,0.0,5
O012266,C00327,2024-11-18,Home,4,233.55,0.0,4
O012267,C03839,2024-10-10,Home,1,24.59,10.08,4
O012268,C02776,2024-12-26,Electronics,3,95.36,0.0,3
O012269,C03640,2024-08-16,Beauty,4,164.37,0.0,2
O012270,C00591,2024-04-25,Clothing,2,82.23,0.0,4
O012271,C01439,2024-08-08,Home,5,344.65,0.0,2
O012272,C03571,2024-06-17,Sports,6,152.6,0.0,4
O012273,C00851,2024-11-10,Electronics,2,43.53,9.1,4
O012274,C00440,2024-11-25,Electronics,4,144.42,0.0,4
O012275,C02996,2024-05-24,Sports,1,39.82,8.42,4
O012276,C04424,2024-10-12,Beauty,3,133.81,0.0,6
O012277,C01666,2024-06-30,Clothing,2,58.55,6.53,4
O012278,C02909,2024-11-03,Electronics,4,71.9,9.12,5
O012279,C01258,2024-10-01,Beauty,6,112.25,0.0,4
O012280,C01545,2024-02-06,Electronics,2,41.2,11.81,5
O012281,C01906,2024-12-28,Electronics,4,101.21,0.0,4
O012282,C03680,2024-02-05,Sports,4,176.09,0.0,4
O012283,C01816,2024-03-08,Home,4,152.15,0.0,5
O012284,C02277,2024-12-25,Electronics,1,48.8,9.33,4
O012285,C03317,2024-04-30,Sports,3,64.69,11.7,4
O012286,C01451,2024-06-03,Clothing,3,113.54,0.0,5
O012287,C02048,2024-07-23,Sports,2,49.82,12.66,5
O012288,C04840,2024-02-13,Beauty,1,54.65,10.48,4
O012289,C03545,2024-10-15,Home,1,48.46,12.63,5
O012290,C04907,2024-03-30,Sports,1,13.62,7.17,8
O012291,C03635,2024-07-30,Home,1,59.07,9.79,4
O012292,C00174,2024-03-03,Electronics,2,55.48,6.4,4
O012293,C01099,2024-03-12,Clothing,1,86.58,0.0,4
O012294,C01123,2024-12-01,Electronics,1,46.21,6.17,3
O012295,C02561,2024-10-16,Clothing,4,133.33,0.0,4
O012296,C02043,2024-01-27,Home,1,32.38,11.91,3
O012297,C03779,2024-12-27,Clothing,3,64.91,5.49,5
O012298,C02177,2024-02-22,Home,3,127.16,0.0,4
O012299,C02422,2024-08-29,Sports,2,101.8,0.0,3
O012300,C04332,2024-10-19,Home,1,70.3,8.64,4
O012301,C04838,2024-04-09,Clothing,2,158.52,0.0,3
O012302,C03773,2024-03-19,Clothing,1,11.55,7.21,4
O012303,C01693,2024-11-21,Clothing,1,38.69,8.65,5
O012304,C00291,2024-03-30,Clothing,4,139.57,0.0,3
O012305,C03932,2024-01-25,Electronics,2,68.64,9.49,5
O012306,C01419,2024-06-09,Clothing,5,188.46,0.0,2
O012307,C01989,2024-07-13,Sports,6,203.74,0.0,3
O012308,C00568,2024-07-19,Home,3,129.47,0.0,3
O012309,C03039,2024-06-14,Clothing,4,179.43,0.0,3
O012310,C02346,2024-08-09,Clothing,4,223.87,0.0,7
O012311,C03144,2024-10-09,Electronics,1,22.14,10.67,6
O012312,C02304,2024-01-13,Electronics,2,93.75,0.0,7
O012313,C00309,2024-12-08,Sports,2,82.02,0.0,5
O012314,C02139,2024-12-20,Home,1,34.87,12.91,1
O012315,C02197,2024-09-02,Clothing,4,86.22,0.0,4
O012316,C00462,2024-03-28,Clothing,5,145.92,0.0,3
O012317,C04731,2024-05-19,Clothing,4,132.22,0.0,3
O012318,C03821,2024-11-05,Home,7,214.84,0.0,4
O012319,C04733,2024-09-12,Home,4,101.4,0.0,7
O012320,C00646,2024-10-02,Electronics,4,186.59,0.0,3
O012321,C04614,2024-05-25,Home,2,90.22,0.0,2
O012322,C01397,2024-01-07,Electronics,4,74.06,10.48,5
O012323,C03269,2024-09-02,Electronics,4,139.9,0.0,5
O012324,C04286,2024-12-11,Clothing,1,34.42,6.32,3
O012325,C03875,2024-07-22,Beauty,1,35.26,9.87,4
O012326,C04175,2024-08-27,Beauty,1,48.0,8.23,3
O012327,C01571,2024-04-03,Electronics,3,92.03,0.0,4
O012328,C00816,2024-11-05,Home,2,107.86,0.0,3
O012329,C01906,2024-01-08,Home,3,47.59,11.0,5
O012330,C04168,2024-06-18,Clothing,2,72.65,12.67,2
O012331,C02091,2024-04-28,Beauty,1,38.61,5.94,2
O012332,C04899,2024-09-02,Beauty,3,45.2,9.27,5
O012333,C03205,2024-05-07,Home,2,12.99,10.19,3
O012334,C03871,2024-08-09,Electronics,2,116.17,0.0,4
O012335,C01130,2024-03-03,Sports,3,107.86,0.0,1
O012336,C02056,2024-04-26,Clothing,3,111.61,0.0,6
O012337,C01798,2024-04-18,Home,3,34.25,9.28,1
O012338,C03415,2024-08-21,Clothing,4,140.92,0.0,4
O012339,C02485,2024-07-23,Clothing,5,114.99,0.0,4
O012340,C00689,2024-03-28,Clothing,1,29.8,5.95,3
O012341,C03464,2024-11-20,Beauty,1,49.5,9.81,3
O012342,C00576,2024-08-27,Electronics,4,154.18,0.0,4
O012343,C04996,2024-07-16,Sports,3,30.72,12.63,4
O012344,C03011,2024-01-04,Home,1,15.21,9.68,4
O012345,C03903,2024-04-15,Home,2,86.14,0.0,5
O012346,C04816,2024-04-16,Home,3,87.93,0.0,4
O012347,C04322,2024-09-08,Clothing,3,79.42,0.0,4
O012348,C03871,2024-07-04,Electronics,3,143.24,0.0,2
O012349,C02840,2024-08-13,Home,4,253.25,0.0,2
O012350,C03075,2024-01-21,Clothing,4,186.07,0.0,5
O012351,C04641,2024-06-02,Beauty,3,78.36,0.0,2
O012352,C02526,2024-08-11,Clothing,2,59.53,6.39,3
O012353,C03482,2024-03-26,Home,4,78.35,0.0,6
O012354,C02018,2024-02-10,Beauty,2,68.42,5.7,5
O012355,C03379,2024-11-29,Clothing,4,127.8,0.0,6
O012356,C03286,2024-06-20,Electronics,2,63.39,7.08,5
O012357,C03102,2024-06-08,Home,2,66.28,12.39,5
O012358,C04515,2024-06-08,Sports,3,82.54,0.0,5
O012359,C03609,2024-02-20,Beauty,2,52.6,6.33,5
O012360,C01052,2024-04-27,Sports,3,108.63,0.0,6
O012361,C04705,2024-10-06,Clothing,1,51.13,10.37,2
O012362,C00087,2024-06-20,Beauty,2,51.41,10.51,1
O012363,C03098,2024-11-27,Sports,4,146.53,0.0,5
O012364,C04809,2024-03-24,Home,4,208.63,0.0,4
O012365,C02440,2024-10-19,Clothing,3,106.59,0.0,7
O012366,C01278,2024-12-05,Beauty,2,63.72,10.25,5
O012367,C00520,2024-03-06,Electronics,3,52.54,12.2,7
O012368,C00387,2024-09-26,Clothing,4,166.46,0.0,5
O012369,C00014,2024-12-09,Home,4,178.57,0.0,6
O012370,C04187,2024-09-27,Home,3,103.36,0.0,5
O012371,C03476,2024-03-01,Electronics,6,276.45,0.0,5
O012372,C03577,2024-06-25,Clothing,1,15.48,11.13,5
O012373,C00004,2024-12-19,Clothing,3,111.81,0.0,5
O012374,C03070,2024-04-26,Clothing,6,239.34,0.0,4
O012375,C03291,2024-05-15,Clothing,3,66.09,12.01,4
O012376,C03660,2024-09-15,Home,1,26.58,11.14,5
O012377,C04892,2024-09-12,Beauty,2,68.14,6.59,5
O012378,C03939,2024-11-26,Beauty,4,209.38,0.0,2
O012379,C04312,2024-09-27,Electronics,3,122.35,0.0,4
O012380,C01603,2024-02-01,Electronics,6,177.57,0.0,5
O012381,C04800,2024-09-10,Electronics,7,333.17,0.0,4
O012382,C04827,2024-09-23,Home,2,80.88,0.0,5
O012383,C03974,2024-10-08,Clothing,4,168.0,0.0,2
O012384,C02543,2024-01-07,Beauty,1,53.59,10.0,6
O012385,C01643,2024-12-13,Home,4,121.13,0.0,7
O012386,C01490,2024-02-08,Clothing,1,16.27,11.46,4
O012387,C04059,2024-01-04,Clothing,2,79.4,0.0,4
O012388,C03234,2024-01-30,Beauty,3,129.7,0.0,3
O012389,C01696,2024-06-14,Home,3,95.95,0.0,5
O012390,C01387,2024-11-02,Clothing,2,75.92,0.0,3
O012391,C04793,2024-02-05,Sports,3,134.47,0.0,1
O012392,C01198,2024-12-16,Clothing,5,118.93,0.0,3
O012393,C02286,2024-07-29,Electronics,5,251.27,0.0,6
O012394,C00988,2024-04-22,Clothing,3,101.98,0.0,4
O012395,C03990,2024-04-26,Clothing,2,26.92,5.32,4
O012396,C02960,2024-11-11,Sports,4,109.3,0.0,3
O012397,C01262,2024-02-20,Clothing,1,53.13,6.78,6
O012398,C04726,2024-01-15,Home,1,65.57,8.6,3
O012399,C01256,2024-07-19,Electronics,3,104.46,0.0,3
O012400,C00588,2024-12-12,Home,2,52.96,9.64,6
O012401,C01541,2024-05-03,Sports,3,106.82,0.0,1
O012402,C00794,2024-12-05,Electronics,2,37.35,11.69,2
O012403,C03917,2024-06-04,Beauty,2,108.14,0.0,6
O012404,C02021,2024-07-26,Beauty,1,57.02,11.37,4
O012405,C00119,2024-08-29,Electronics,1,34.93,10.98,3
O012406,C01214,2024-06-12,Clothing,1,26.92,9.65,4
O012407,C00614,2024-09-16,Clothing,1,29.87,11.18,4
O012408,C04582,2024-10-03,Sports,2,26.94,9.84,6
O012409,C04418,2024-12-12,Clothing,7,250.53,0.0,3
O012410,C04235,2024-07-11,Sports,3,111.86,0.0,3
O012411,C03474,2024-11-20,Clothing,2,65.62,9.34,6
O012412,C03298,2024-08-25,Electronics,5,236.69,0.0,6
O012413,C01290,2024-02-19,Clothing,5,236.77,0.0,4
O012414,C02381,2024-07-31,Sports,4,106.26,0.0,4
O012415,C00224,2024-09-22,Clothing,2,9.94,9.75,6
O012416,C04668,2024-03-30,Clothing,3,145.29,0.0,3
O012417,C02824,2024-05-23,Electronics,1,27.46,12.06,5
O012418,C03015,2024-06-14,Clothing,5,182.44,0.0,5
O012419,C02641,2024-03-07,Electronics,1,29.1,11.74,2
O012420,C04905,2024-01-20,Electronics,5,106.03,0.0,1
O012421,C00987,2024-04-20,Sports,3,50.63,10.58,3
O012422,C01024,2024-03-09,Home,2,73.2,6.59,3
O012423,C01544,2024-01-25,Home,5,107.21,0.0,5
O012424,C01273,2024-12-10,Clothing,6,238.7,0.0,3
O012425,C01780,2024-11-05,Sports,4,66.22,5.97,3
O012426,C01701,2024-01-12,Clothing,6,323.11,0.0,2
O012427,C03931,2024-03-05,Electronics,4,34.9,5.4,4
O012428,C02235,2024-06-30,Clothing,2,65.74,5.38,3
O012429,C04345,2024-08-21,Sports,5,192.2,0.0,2
O012430,C03199,2024-11-18,Electronics,2,93.13,0.0,4
O012431,C03160,2024-05-12,Beauty,2,21.91,11.22,3
O012432,C03984,2024-07-04,Home,5,139.34,0.0,3
O012433,C01024,2024-03-19,Sports,3,75.38,0.0,4
O012434,C03840,2024-05-11,Home,8,295.72,0.0,7
O012435,C00826,2024-10-01,Clothing,1,21.15,11.81,5
O012436,C02737,2024-12-02,Electronics,1,61.05,11.03,6
O012437,C03407,2024-11-06,Home,3,108.12,0.0,1
O012438,C02775,2024-11-12,Clothing,2,64.59,12.5,4
O012439,C04633,2024-07-18,Electronics,1,44.4,11.67,2
O012440,C00492,2024-04-10,Clothing,2,58.44,8.19,3
O012441,C01860,2024-05-31,Clothing,1,5.0,12.47,1
O012442,C02340,2024-08-03,Beauty,1,80.52,0.0,1
O012443,C00592,2024-05-26,Clothing,2,123.37,0.0,5
O012444,C02735,2024-10-06,Sports,2,68.83,8.01,5
O012445,C01493,2024-11-05,Sports,2,124.97,0.0,6
O012446,C00948,2024-08-20,Clothing,4,225.63,0.0,4
O012447,C01576,2024-05-28,Clothing,1,15.37,8.72,6
O012448,C00683,2024-12-02,Clothing,4,91.38,0.0,5
O012449,C00629,2024-10-01,Electronics,3,111.25,0.0,2
O012450,C04689,2024-06-29,Home,2,58.32,7.11,5
O012451,C04483,2024-05-30,Electronics,1,26.76,7.23,4
O012452,C04748,2024-10-19,Beauty,3,84.1,0.0,4
O012453,C02241,2024-10-10,Electronics,2,43.61,8.19,6
O012454,C03755,2024-07-22,Beauty,1,46.93,7.94,4
O012455,C00101,2024-03-20,Sports,2,60.2,9.46,1
O012456,C01094,2024-11-22,Clothing,3,131.62,0.0,1
O012457,C02492,2024-05-28,Home,3,100.29,0.0,4
O012458,C03773,2024-10-03,Clothing,5,174.6,0.0,3
O012459,C00433,2024-02-04,Clothing,2,96.59,0.0,2
O012460,C00537,2024-08-03,Home,3,101.98,0.0,3
O012461,C00601,2024-01-01,Electronics,1,13.44,10.29,5
O012462,C01667,2024-07-24,Clothing,3,125.48,0.0,4
O012463,C02756,2024-04-01,Sports,2,104.53,0.0,4
O012464,C00319,2024-03-31,Home,3,85.8,0.0,4
O012465,C04942,2024-03-10,Electronics,1,23.21,10.06,4
O012466,C01863,2024-05-11,Home,2,53.05,12.5,5
O012467,C03733,2024-09-13,Home,2,61.08,9.45,4
O012468,C01528,2024-12-20,Clothing,2,78.51,0.0,2
O012469,C00071,2024-04-01,Beauty,2,82.62,0.0,4
O012470,C00444,2024-03-22,Beauty,4,82.55,0.0,5
O012471,C04695,2024-11-03,Clothing,5,186.28,0.0,5
O012472,C00387,2024-04-08,Clothing,3,87.83,0.0,5
O012473,C01870,2024-02-22,Home,4,101.65,0.0,3
O012474,C04649,2024-12-06,Beauty,6,277.48,0.0,5
O012475,C02012,2024-03-20,Clothing,3,36.81,5.49,6
O012476,C02922,2024-11-07,Clothing,1,37.87,11.91,3
O012477,C03352,2024-12-24,Electronics,3,100.97,0.0,4
O012478,C00280,2024-12-08,Electronics,1,28.08,10.42,4
O012479,C00771,2024-09-02,Sports,1,49.41,7.85,2
O012480,C00954,2024-10-15,Home,5,165.8,0.0,6
O012481,C04425,2024-10-05,Beauty,2,29.34,11.56,4
O012482,C01560,2024-09-18,Clothing,2,115.19,0.0,3
O012483,C02498,2024-12-06,Clothing,3,66.81,5.21,5
O012484,C03447,2024-09-17,Sports,2,53.18,6.62,6
O012485,C03368,2024-11-28,Sports,3,122.24,0.0,3
O012486,C03548,2024-08-19,Home,1,62.09,5.85,4
O012487,C02441,2024-09-04,Clothing,3,89.43,0.0,3
O012488,C00109,2024-09-11,Beauty,3,157.41,0.0,3
O012489,C04455,2024-03-23,Clothing,2,72.55,9.31,3
O012490,C00956,2024-09-21,Clothing,2,141.92,0.0,3
O012491,C03361,2024-01-03,Electronics,6,206.38,0.0,4
O012492,C03490,2024-08-10,Home,3,54.51,5.02,5
O012493,C00318,2024-09-06,Electronics,4,161.66,0.0,5
O012494,C00341,2024-07-10,Electronics,4,77.57,0.0,3
O012495,C04445,2024-02-15,Sports,5,267.84,0.0,5
O012496,C02075,2024-10-21,Home,3,91.01,0.0,7
O012497,C00638,2024-09-25,Electronics,4,196.14,0.0,4
O012498,C04497,2024-02-10,Electronics,3,118.74,0.0,3
O012499,C04464,2024-05-18,Beauty,1,25.21,10.55,4
O012500,C02391,2024-02-10,Clothing,2,99.39,0.0,5
O012501,C03989,2024-11-26,Beauty,2,109.67,0.0,5
O012502,C05000,2024-06-23,Clothing,5,218.4,0.0,5
O012503,C03194,2024-10-17,Electronics,5,129.67,0.0,6
O012504,C03937,2024-11-18,Clothing,4,138.74,0.0,4
O012505,C04282,2024-10-06,Beauty,3,50.11,6.18,5
O012506,C02367,2024-04-03,Sports,2,97.24,0.0,4
O012507,C03003,2024-12-17,Electronics,6,222.59,0.0,5
O012508,C04690,2024-12-05,Electronics,6,92.18,0.0,4
O012509,C01566,2024-07-23,Sports,5,182.02,0.0,4
O012510,C00793,2024-02-25,Sports,3,84.83,0.0,5
O012511,C03705,2024-08-18,Home,2,113.64,0.0,2
O012512,C02401,2024-09-16,Clothing,2,64.69,7.69,5
O012513,C00355,2024-08-07,Home,1,65.21,12.67,3
O012514,C04202,2024-06-16,Electronics,2,108.14,0.0,2
O012515,C03896,2024-06-19,Electronics,1,25.18,9.45,2
O012516,C04514,2024-11-09,Beauty,3,129.96,0.0,5
O012517,C04018,2024-11-13,Clothing,2,97.46,0.0,4
O012518,C04738,2024-05-16,Beauty,3,173.62,0.0,5
O012519,C02253,2024-10-04,Clothing,1,29.94,12.69,8
O012520,C00565,2024-09-16,Sports,3,116.14,0.0,2
O012521,C03454,2024-10-17,Sports,3,158.27,0.0,5
O012522,C01303,2024-10-15,Home,5,183.21,0.0,5
O012523,C01751,2024-05-14,Home,2,31.83,6.07,6
O012524,C02591,2024-04-14,Home,3,105.11,0.0,2
O012525,C00258,2024-08-14,Electronics,3,175.8,0.0,1
O012526,C01596,2024-07-08,Beauty,3,120.16,0.0,3
O012527,C01047,2024-07-13,Beauty,1,36.38,10.74,4
O012528,C02233,2024-03-04,Beauty,3,159.87,0.0,3
O012529,C02595,2024-06-19,Clothing,2,92.34,0.0,3
O012530,C04078,2024-01-18,Beauty,3,120.43,0.0,4
O012531,C03585,2024-09-15,Home,2,51.5,11.4,5
O012532,C01641,2024-11-10,Clothing,8,273.83,0.0,3
O012533,C01712,2024-07-08,Home,4,134.38,0.0,4
O012534,C00049,2024-10-21,Electronics,3,62.13,5.83,3
O012535,C00168,2024-11-15,Clothing,4,142.39,0.0,5
O012536,C01854,2024-09-09,Electronics,2,21.87,5.5,3
O012537,C03855,2024-03-21,Beauty,2,98.34,0.0,3
O012538,C03742,2024-02-29,Electronics,4,112.36,0.0,6
O012539,C02069,2024-04-14,Clothing,2,108.01,0.0,2
O012540,C00392,2024-12-30,Home,1,56.6,8.51,4
O012541,C02951,2024-09-17,Home,3,126.97,0.0,5
O012542,C01450,2024-09-11,Sports,1,47.01,8.62,6
O012543,C00229,2024-02-15,Clothing,2,79.95,0.0,3
O012544,C03253,2024-05-11,Sports,2,70.09,6.55,1
O012545,C00352,2024-01-14,Clothing,1,66.67,7.33,4
O012546,C02273,2024-09-23,Electronics,6,242.35,0.0,4
O012547,C04038,2024-01-22,Electronics,1,5.0,9.89,4
O012548,C00234,2024-04-15,Beauty,2,67.94,6.38,4
O012549,C00266,2024-01-05,Beauty,3,92.6,0.0,2
O012550,C00858,2024-06-29,Home,4,77.68,0.0,1
O012551,C00499,2024-05-28,Clothing,2,101.51,0.0,1
O012552,C00877,2024-11-30,Clothing,2,60.74,5.14,2
O012553,C02259,2024-10-06,Beauty,3,182.7,0.0,4
O012554,C04195,2024-01-13,Clothing,6,264.12,0.0,3
O012555,C01645,2024-12-17,Sports,4,189.34,0.0,6
O012556,C02393,2024-01-26,Home,2,69.33,7.09,6
O012557,C03325,2024-02-09,Beauty,3,75.07,0.0,2
O012558,C02952,2024-10-08,Clothing,1,28.64,9.79,3
O012559,C04620,2024-10-12,Clothing,4,176.55,0.0,3
O012560,C02648,2024-03-04,Clothing,3,111.52,0.0,1
O012561,C04952,2024-04-20,Home,6,215.73,0.0,6
O012562,C02257,2024-11-24,Electronics,2,14.89,9.53,4
O012563,C01433,2024-03-28,Beauty,7,204.69,0.0,3
O012564,C00481,2024-05-03,Beauty,4,118.07,0.0,4
O012565,C02971,2024-05-25,Home,3,102.73,0.0,6
O012566,C01666,2024-08-01,Clothing,1,39.48,9.67,2
O012567,C00329,2024-05-07,Beauty,5,156.8,0.0,4
O012568,C03255,2024-10-20,Sports,1,28.8,8.47,5
O012569,C00417,2024-05-28,Beauty,6,300.37,0.0,4
O012570,C02302,2024-11-22,Clothing,2,56.92,12.04,3
O012571,C00945,2024-05-19,Clothing,3,58.85,7.26,2
O012572,C02053,2024-10-18,Clothing,2,81.86,0.0,4
O012573,C02351,2024-05-01,Sports,4,55.36,7.99,5
O012574,C00980,2024-01-11,Clothing,5,128.65,0.0,5
O012575,C01657,2024-10-09,Electronics,4,147.94,0.0,5
O012576,C02655,2024-09-08,Home,3,172.89,0.0,6
O012577,C01452,2024-07-12,Home,2,30.42,7.45,3
O012578,C03012,2024-11-25,Clothing,3,82.01,0.0,4
O012579,C02784,2024-07-13,Sports,4,151.72,0.0,3
O012580,C04004,2024-03-21,Sports,1,19.66,7.6,4
O012581,C01587,2024-04-16,Home,7,246.72,0.0,5
O012582,C00390,2024-11-16,Electronics,1,46.03,12.61,3
O012583,C03729,2024-07-24,Sports,2,48.19,12.95,4
O012584,C00850,2024-07-27,Clothing,2,79.86,0.0,2
O012585,C00819,2024-05-06,Beauty,3,60.85,8.85,3
O012586,C03636,2024-02-03,Electronics,1,48.41,5.21,5
O012587,C04108,2024-03-04,Clothing,2,81.62,0.0,4
O012588,C02655,2024-01-17,Home,5,120.25,0.0,2
O012589,C03955,2024-09-05,Electronics,5,242.03,0.0,4
O012590,C04107,2024-04-14,Electronics,5,200.84,0.0,3
O012591,C00490,2024-12-10,Clothing,3,54.01,12.47,2
O012592,C02320,2024-04-17,Electronics,3,169.07,0.0,3
O012593,C02929,2024-08-09,Clothing,6,337.58,0.0,3
O012594,C03164,2024-06-24,Beauty,3,73.8,6.09,5
O012595,C02935,2024-08-15,Clothing,5,165.29,0.0,4
O012596,C01147,2024-07-08,Sports,1,50.52,6.29,3
O012597,C02824,2024-07-31,Electronics,1,38.6,11.59,1
O012598,C02506,2024-08-08,Clothing,1,24.39,7.34,7
O012599,C00812,2024-11-19,Sports,3,92.68,0.0,3
O012600,C00056,2024-06-10,Home,3,131.66,0.0,5
O012601,C00708,2024-10-24,Clothing,2,29.57,12.2,1
O012602,C01010,2024-09-05,Sports,1,65.1,6.34,2
O012603,C04119,2024-07-08,Clothing,4,79.97,0.0,3
O012604,C03849,2024-01-12,Electronics,3,115.58,0.0,4
O012605,C03317,2024-03-08,Clothing,1,25.84,10.22,3
O012606,C04868,2024-02-10,Home,3,130.96,0.0,6
O012607,C03490,2024-09-16,Clothing,4,162.0,0.0,6
O012608,C04327,2024-05-05,Clothing,2,81.7,0.0,5
O012609,C04306,2024-08-13,Clothing,1,5.0,5.47,3
O012610,C01401,2024-07-28,Clothing,1,38.56,11.23,3
O012611,C01194,2024-11-28,Electronics,3,115.85,0.0,6
O012612,C04995,2024-11-25,Electronics,3,174.72,0.0,2
O012613,C01498,2024-09-21,Clothing,1,38.29,7.2,4
O012614,C01251,2024-06-19,Beauty,4,197.16,0.0,1
O012615,C00873,2024-01-01,Sports,2,103.45,0.0,4
O012616,C02411,2024-12-29,Home,3,151.3,0.0,6
O012617,C03551,2024-12-14,Electronics,4,131.34,0.0,3
O012618,C01579,2024-07-27,Beauty,2,56.01,11.27,8
O012619,C00475,2024-08-28,Sports,4,66.1,10.71,6
O012620,C04291,2024-03-12,Home,3,111.6,0.0,3
O012621,C03567,2024-09-29,Beauty,1,6.11,10.19,2
O012622,C04049,2024-03-29,Electronics,1,38.22,8.79,3
O012623,C04625,2024-01-20,Electronics,4,177.82,0.0,3
O012624,C00271,2024-11-10,Beauty,2,68.27,5.83,2
O012625,C03552,2024-05-20,Home,4,54.18,8.25,7
O012626,C04586,2024-11-28,Home,4,169.15,0.0,5
O012627,C04458,2024-06-23,Home,1,38.59,12.54,4
O012628,C03884,2024-02-19,Clothing,5,136.68,0.0,5
O012629,C02620,2024-04-03,Sports,1,50.61,5.39,2
O012630,C00995,2024-06-16,Electronics,1,23.53,5.18,3
O012631,C00769,2024-02-24,Sports,1,65.73,11.72,5
O012632,C00545,2024-02-20,Beauty,2,85.6,0.0,3
O012633,C00932,2024-11-27,Home,2,67.7,9.5,5
O012634,C00091,2024-09-26,Clothing,4,145.45,0.0,5
O012635,C04334,2024-12-27,Clothing,2,95.75,0.0,5
O012636,C00851,2024-05-24,Clothing,1,29.17,11.65,5
O012637,C02969,2024-03-17,Clothing,3,119.7,0.0,4
O012638,C04873,2024-05-08,Home,1,18.77,8.54,4
O012639,C03078,2024-04-20,Electronics,1,35.93,5.66,5
O012640,C02660,2024-01-01,Electronics,4,214.46,0.0,6
O012641,C00634,2024-01-26,Home,1,21.13,10.45,2
O012642,C03229,2024-04-25,Home,4,104.13,0.0,6
O012643,C01225,2024-06-22,Home,6,216.27,0.0,2
O012644,C01249,2024-01-13,Beauty,5,258.09,0.0,5
O012645,C00983,2024-02-03,Clothing,1,37.06,11.47,5
O012646,C02511,2024-11-13,Beauty,4,145.05,0.0,4
O012647,C03851,2024-08-19,Clothing,5,193.01,0.0,2
O012648,C04759,2024-03-13,Clothing,2,78.59,0.0,4
O012649,C03994,2024-02-20,Beauty,4,176.03,0.0,5
O012650,C00990,2024-07-29,Beauty,6,165.98,0.0,4
O012651,C01617,2024-08-02,Sports,2,88.61,0.0,4
O012652,C00425,2024-02-10,Sports,1,20.0,10.14,5
O012653,C01431,2024-11-06,Home,1,25.89,10.54,4
O012654,C01636,2024-04-03,Sports,6,186.45,0.0,4
O012655,C04201,2024-07-07,Home,3,154.39,0.0,4
O012656,C00178,2024-05-14,Electronics,2,75.4,0.0,3
O012657,C03777,2024-07-24,Electronics,6,127.76,0.0,3
O012658,C00720,2024-01-02,Home,3,43.35,11.55,4
O012659,C03129,2024-07-22,Clothing,1,24.72,6.91,5
O012660,C04505,2024-08-28,Sports,2,20.54,12.63,6
O012661,C03002,2024-09-14,Sports,2,49.58,10.81,2
O012662,C02790,2024-06-04,Home,1,73.28,10.53,5
O012663,C00654,2024-02-23,Electronics,3,77.18,0.0,4
O012664,C02623,2024-04-03,Clothing,2,50.52,11.27,2
O012665,C03557,2024-11-09,Electronics,2,43.9,6.68,4
O012666,C03393,2024-03-01,Electronics,1,25.99,9.83,7
O012667,C04404,2024-12-25,Home,6,181.73,0.0,4
O012668,C00490,2024-06-16,Home,2,96.28,0.0,3
O012669,C01345,2024-09-30,Clothing,5,198.65,0.0,3
O012670,C00608,2024-01-25,Electronics,5,168.65,0.0,4
O012671,C03592,2024-12-21,Electronics,5,283.96,0.0,3
O012672,C04120,2024-02-17,Home,1,11.96,5.42,6
O012673,C00753,2024-07-07,Clothing,4,53.51,10.49,2
O012674,C03049,2024-02-22,Electronics,3,47.11,11.15,4
O012675,C04445,2024-08-28,Clothing,3,97.84,0.0,7
O012676,C04121,2024-01-27,Beauty,3,149.19,0.0,4
O012677,C03462,2024-02-28,Clothing,4,122.45,0.0,6
O012678,C01015,2024-07-04,Electronics,4,63.67,6.56,2
O012679,C04695,2024-05-20,Clothing,2,69.9,8.18,2
O012680,C01769,2024-02-26,Electronics,3,67.86,5.75,7
O012681,C04897,2024-07-13,Clothing,7,184.36,0.0,5
O012682,C00959,2024-04-15,Electronics,3,102.92,0.0,6
O012683,C01592,2024-10-06,Clothing,4,86.16,0.0,3
O012684,C03262,2024-06-16,Electronics,4,118.43,0.0,4
O012685,C02589,2024-11-30,Home,1,31.57,10.59,6
O012686,C02539,2024-09-02,Clothing,1,31.66,7.36,2
O012687,C00791,2024-12-05,Sports,5,141.07,0.0,5
O012688,C04268,2024-08-01,Electronics,3,167.09,0.0,6
O012689,C04017,2024-01-02,Clothing,3,56.18,12.63,3
O012690,C04395,2024-10-30,Electronics,1,24.37,5.66,6
O012691,C03099,2024-12-19,Clothing,1,49.65,5.14,3
O012692,C00648,2024-06-30,Home,4,103.91,0.0,5
O012693,C04844,2024-10-28,Sports,3,75.77,0.0,3
O012694,C01476,2024-07-01,Home,2,77.91,0.0,1
O012695,C02061,2024-04-04,Home,3,116.62,0.0,6
O012696,C01124,2024-06-04,Sports,6,277.33,0.0,5
O012697,C00616,2024-06-28,Home,5,157.24,0.0,5
O012698,C01285,2024-04-06,Sports,4,183.21,0.0,5
O012699,C02326,2024-10-03,Home,2,144.16,0.0,5
O012700,C03138,2024-08-25,Electronics,1,19.34,6.45,4
O012701,C03673,2024-12-08,Clothing,2,35.38,5.23,4
O012702,C02856,2024-10-24,Home,3,94.88,0.0,3
O012703,C01624,2024-01-13,Clothing,3,89.28,0.0,7
O012704,C03450,2024-10-27,Electronics,1,34.24,8.67,3
O012705,C02704,2024-12-11,Clothing,3,119.04,0.0,2
O012706,C01141,2024-06-30,Clothing,2,75.59,0.0,4
O012707,C02831,2024-06-03,Clothing,7,260.06,0.0,4
O012708,C00499,2024-09-07,Home,6,287.07,0.0,5
O012709,C04683,2024-10-07,Beauty,3,81.67,0.0,3
O012710,C01104,2024-06-25,Electronics,2,77.12,0.0,6
O012711,C03090,2024-12-25,Beauty,5,198.62,0.0,3
O012712,C01753,2024-03-11,Electronics,4,128.61,0.0,1
O012713,C04015,2024-03-24,Beauty,3,82.7,0.0,6
O012714,C00614,2024-07-07,Electronics,2,87.59,0.0,3
O012715,C03048,2024-04-01,Sports,2,53.98,11.8,4
O012716,C00644,2024-03-09,Home,5,178.53,0.0,5
O012717,C02869,2024-11-03,Clothing,5,143.83,0.0,5
O012718,C04154,2024-06-12,Electronics,5,207.79,0.0,2
O012719,C01136,2024-06-27,Electronics,1,58.93,9.5,1
O012720,C04693,2024-02-02,Sports,4,118.89,0.0,4
O012721,C03700,2024-02-22,Sports,2,81.3,0.0,7
O012722,C02363,2024-08-03,Clothing,3,90.78,0.0,3
O012723,C00162,2024-07-20,Electronics,1,31.04,5.15,3
O012724,C01822,2024-02-07,Clothing,3,115.9,0.0,6
O012725,C04420,2024-09-17,Clothing,3,132.67,0.0,4
O012726,C02766,2024-01-31,Home,8,181.3,0.0,6
O012727,C03403,2024-10-14,Sports,5,147.65,0.0,6
O012728,C02628,2024-01-05,Electronics,3,120.43,0.0,5
O012729,C03994,2024-06-27,Home,7,161.74,0.0,3
O012730,C04995,2024-02-23,Home,2,101.13,0.0,3
O012731,C04856,2024-08-06,Clothing,4,170.29,0.0,3
O012732,C04598,2024-10-10,Clothing,2,78.22,0.0,2
O012733,C00057,2024-09-24,Clothing,5,198.7,0.0,3
O012734,C03238,2024-07-18,Home,3,73.88,11.77,2
O012735,C02345,2024-09-29,Clothing,2,54.35,11.02,4
O012736,C04903,2024-09-20,Electronics,3,66.37,7.85,4
O012737,C00620,2024-08-13,Clothing,4,172.55,0.0,3
O012738,C04875,2024-01-18,Clothing,3,81.2,0.0,4
O012739,C04875,2024-08-30,Clothing,3,130.1,0.0,3
O012740,C02614,2024-04-26,Home,6,77.46,0.0,6
O012741,C04262,2024-01-10,Home,4,170.88,0.0,4
O012742,C02836,2024-02-08,Clothing,5,173.12,0.0,3
O012743,C00666,2024-02-10,Clothing,3,67.45,8.64,2
O012744,C00128,2024-04-17,Clothing,4,140.44,0.0,5
O012745,C03558,2024-02-13,Beauty,3,168.08,0.0,5
O012746,C04172,2024-07-15,Clothing,2,51.42,6.07,5
O012747,C04983,2024-10-25,Clothing,4,127.09,0.0,5
O012748,C00635,2024-07-27,Home,2,53.2,9.92,4
O012749,C03609,2024-06-24,Home,2,61.07,12.53,5
O012750,C03690,2024-10-01,Home,4,141.14,0.0,4
O012751,C04711,2024-10-03,Electronics,2,46.94,5.71,2
O012752,C00986,2024-08-23,Clothing,3,97.15,0.0,2
O012753,C02574,2024-01-03,Electronics,2,32.46,7.39,2
O012754,C01157,2024-12-25,Clothing,5,99.92,0.0,1
O012755,C04537,2024-11-07,Home,5,154.25,0.0,1
O012756,C03869,2024-12-09,Home,3,80.91,0.0,4
O012757,C00244,2024-09-10,Home,4,153.37,0.0,1
O012758,C00768,2024-02-05,Sports,4,98.03,0.0,2
O012759,C03218,2024-01-06,Clothing,3,80.4,0.0,3
O012760,C00415,2024-11-25,Clothing,6,163.61,0.0,5
O012761,C03284,2024-10-28,Electronics,7,332.36,0.0,7
O012762,C04345,2024-01-20,Beauty,3,133.61,0.0,4
O012763,C03107,2024-10-17,Home,4,204.68,0.0,2
O012764,C02887,2024-06-10,Clothing,5,205.84,0.0,3
O012765,C00862,2024-08-25,Clothing,4,135.06,0.0,6
O012766,C04915,2024-02-16,Home,1,40.87,5.34,6
O012767,C04958,2024-10-18,Clothing,1,56.82,11.96,6
O012768,C03358,2024-01-16,Clothing,5,212.1,0.0,6
O012769,C03934,2024-04-17,Sports,3,120.58,0.0,2
O012770,C03765,2024-06-25,Sports,1,44.49,10.0,2
O012771,C00210,2024-03-05,Clothing,1,21.16,11.96,2
O012772,C02158,2024-03-03,Sports,2,97.77,0.0,3
O012773,C02378,2024-11-03,Clothing,1,56.36,6.3,4
O012774,C02190,2024-03-13,Sports,2,80.69,0.0,5
O012775,C00676,2024-07-22,Home,2,48.63,9.16,4
O012776,C01356,2024-09-10,Beauty,1,50.84,9.78,3
O012777,C00026,2024-02-29,Clothing,3,111.86,0.0,5
O012778,C02694,2024-04-10,Home,4,180.86,0.0,3
O012779,C01651,2024-01-17,Clothing,2,101.29,0.0,6
O012780,C02959,2024-07-13,Beauty,4,119.42,0.0,4
O012781,C04458,2024-09-07,Electronics,4,118.99,0.0,5
O012782,C01683,2024-02-07,Clothing,4,153.69,0.0,4
O012783,C04456,2024-10-11,Sports,2,77.99,0.0,3
O012784,C01967,2024-01-31,Clothing,6,199.74,0.0,3
O012785,C03287,2024-11-05,Beauty,1,48.18,8.48,5
O012786,C00996,2024-12-23,Sports,7,189.82,0.0,4
O012787,C00077,2024-06-29,Clothing,6,127.49,0.0,5
O012788,C02143,2024-10-08,Sports,3,86.08,0.0,4
O012789,C00957,2024-05-20,Sports,4,155.67,0.0,4
O012790,C03045,2024-09-01,Beauty,1,53.93,8.03,5
O012791,C00218,2024-10-01,Home,4,183.6,0.0,1
O012792,C03947,2024-08-11,Beauty,1,19.34,7.35,3
O012793,C02416,2024-01-27,Home,3,100.93,0.0,5
O012794,C03346,2024-09-06,Sports,1,42.16,8.47,2
O012795,C01468,2024-08-18,Electronics,3,98.37,0.0,4
O012796,C04783,2024-01-13,Home,4,142.95,0.0,4
O012797,C02873,2024-11-03,Electronics,4,197.77,0.0,2
O012798,C00033,2024-04-07,Clothing,1,67.35,7.02,6
O012799,C02920,2024-07-10,Sports,4,176.38,0.0,5
O012800,C03488,2024-07-04,Clothing,3,71.85,12.92,5
O012801,C00425,2024-01-19,Sports,4,165.46,0.0,3
O012802,C04883,2024-12-04,Sports,4,190.05,0.0,6
O012803,C03079,2024-09-15,Electronics,1,11.63,10.43,1
O012804,C04835,2024-03-07,Sports,2,83.97,0.0,4
O012805,C04863,2024-01-26,Clothing,4,148.59,0.0,2
O012806,C01818,2024-01-06,Sports,3,112.43,0.0,7
O012807,C03927,2024-05-20,Sports,3,26.87,8.17,3
O012808,C04019,2024-08-25,Beauty,1,36.81,9.21,5
O012809,C04295,2024-08-17,Clothing,6,269.93,0.0,3
O012810,C00715,2024-01-27,Clothing,2,73.89,5.81,3
O012811,C03208,2024-04-14,Beauty,3,15.2,12.46,6
O012812,C03981,2024-12-09,Electronics,3,154.93,0.0,5
O012813,C04384,2024-01-10,Clothing,1,45.46,7.74,2
O012814,C02025,2024-09-28,Clothing,5,116.67,0.0,7
O012815,C03874,2024-10-05,Electronics,3,65.81,7.77,6
O012816,C03730,2024-10-29,Clothing,2,90.86,0.0,5
O012817,C02615,2024-01-12,Sports,1,50.69,9.04,1
O012818,C00811,2024-06-04,Clothing,1,47.45,6.99,6
O012819,C02456,2024-03-17,Home,4,133.44,0.0,5
O012820,C02031,2024-01-18,Sports,2,108.04,0.0,5
O012821,C01786,2024-02-27,Sports,4,138.84,0.0,6
O012822,C01973,2024-05-09,Sports,3,88.36,0.0,1
O012823,C00717,2024-06-22,Home,3,116.3,0.0,2
O012824,C00825,2024-03-27,Electronics,3,75.49,0.0,8
O012825,C01728,2024-11-15,Electronics,1,20.39,8.62,2
O012826,C02233,2024-12-08,Home,3,123.73,0.0,6
O012827,C00763,2024-02-23,Electronics,1,31.23,7.41,5
O012828,C00022,2024-03-18,Beauty,2,55.73,5.57,4
O012829,C02260,2024-07-22,Clothing,2,100.42,0.0,3
O012830,C04562,2024-09-26,Clothing,2,62.16,11.99,3
O012831,C03306,2024-06-20,Electronics,3,79.95,0.0,4
O012832,C04268,2024-02-07,Clothing,3,79.94,0.0,3
O012833,C04893,2024-07-04,Home,3,58.48,8.28,4
O012834,C01542,2024-12-26,Clothing,1,52.25,8.6,2
O012835,C04340,2024-08-23,Beauty,2,86.65,0.0,3
O012836,C00421,2024-01-16,Electronics,1,10.66,12.78,3
O012837,C03545,2024-08-13,Clothing,3,188.16,0.0,4
O012838,C04437,2024-12-03,Clothing,6,97.26,0.0,4
O012839,C01984,2024-03-14,Clothing,6,180.41,0.0,3
O012840,C00123,2024-07-29,Beauty,2,116.86,0.0,6
O012841,C04968,2024-10-12,Sports,1,47.84,6.9,4
O012842,C00434,2024-11-19,Sports,1,22.67,10.98,4
O012843,C04166,2024-11-22,Clothing,1,51.73,10.52,6
O012844,C04747,2024-12-01,Beauty,1,23.06,7.63,5
O012845,C03483,2024-04-24,Sports,3,77.98,0.0,4
O012846,C02885,2024-09-03,Clothing,3,112.26,0.0,4
O012847,C02639,2024-02-06,Home,1,41.85,11.75,1
O012848,C03878,2024-02-24,Sports,6,207.84,0.0,3
O012849,C01616,2024-06-15,Clothing,4,192.35,0.0,2
O012850,C03809,2024-06-25,Sports,1,55.2,8.84,3
O012851,C00227,2024-12-18,Sports,3,151.18,0.0,6
O012852,C00536,2024-07-09,Electronics,3,137.75,0.0,3
O012853,C01123,2024-04-08,Electronics,2,123.07,0.0,7
O012854,C04366,2024-04-21,Electronics,4,140.53,0.0,2
O012855,C03535,2024-04-27,Clothing,2,112.97,0.0,5
O012856,C00659,2024-06-10,Home,5,171.88,0.0,5
O012857,C03108,2024-02-26,Clothing,1,16.91,9.95,4
O012858,C02322,2024-12-18,Beauty,7,250.89,0.0,4
O012859,C01167,2024-03-02,Sports,3,56.55,9.77,2
O012860,C04992,2024-02-08,Home,5,146.83,0.0,6
O012861,C01972,2024-11-25,Home,2,71.18,12.12,7
O012862,C00017,2024-11-18,Clothing,3,96.8,0.0,2
O012863,C01904,2024-01-29,Home,1,46.31,11.83,3
O012864,C01613,2024-08-14,Clothing,4,171.65,0.0,4
O012865,C03707,2024-01-31,Electronics,2,58.06,9.81,2
O012866,C00436,2024-11-11,Home,2,96.62,0.0,4
O012867,C04072,2024-02-08,Clothing,4,185.39,0.0,4
O012868,C03456,2024-01-01,Clothing,5,103.39,0.0,2
O012869,C02005,2024-02-25,Home,2,72.53,11.1,2
O012870,C04954,2024-12-22,Sports,6,248.99,0.0,4
O012871,C02734,2024-07-04,Clothing,4,132.24,0.0,5
O012872,C00263,2024-03-31,Electronics,1,6.34,5.26,4
O012873,C02442,2024-07-17,Clothing,4,128.98,0.0,6
O012874,C00808,2024-06-19,Clothing,3,49.66,11.02,4
O012875,C02513,2024-08-12,Home,2,36.4,5.13,3
O012876,C00358,2024-06-30,Clothing,2,88.31,0.0,4
O012877,C02402,2024-05-09,Sports,1,48.87,12.53,5
O012878,C01275,2024-05-21,Clothing,5,92.53,0.0,5
O012879,C04472,2024-12-27,Clothing,1,30.89,6.91,5
O012880,C00989,2024-05-10,Beauty,3,128.73,0.0,5
O012881,C00018,2024-05-21,Beauty,3,126.69,0.0,5
O012882,C01739,2024-01-05,Sports,1,14.68,12.79,4
O012883,C02764,2024-12-02,Home,3,83.36,0.0,3
O012884,C02998,2024-06-15,Sports,3,136.94,0.0,5
O012885,C00914,2024-04-29,Clothing,2,87.7,0.0,3
O012886,C00566,2024-02-12,Electronics,1,30.52,10.37,6
O012887,C02913,2024-04-01,Electronics,2,80.45,0.0,4
O012888,C01353,2024-08-17,Beauty,2,51.72,11.94,6
O012889,C01472,2024-08-27,Electronics,2,53.4,11.93,2
O012890,C03164,2024-07-05,Beauty,3,117.55,0.0,3
O012891,C00612,2024-03-18,Sports,5,192.68,0.0,3
O012892,C01063,2024-09-27,Beauty,2,55.88,11.46,2
O012893,C00436,2024-02-15,Home,6,209.95,0.0,4
O012894,C00648,2024-01-07,Sports,3,96.87,0.0,3
O012895,C02410,2024-06-18,Beauty,4,137.38,0.0,3
O012896,C04018,2024-04-24,Electronics,3,104.59,0.0,3
O012897,C02610,2024-09-19,Clothing,4,164.31,0.0,6
O012898,C00083,2024-12-09,Electronics,1,30.26,8.02,5
O012899,C01790,2024-12-11,Clothing,3,143.79,0.0,1
O012900,C01051,2024-08-26,Beauty,3,160.38,0.0,6
O012901,C03839,2024-10-01,Electronics,3,95.98,0.0,2
O012902,C04117,2024-11-04,Beauty,1,59.74,6.05,4
O012903,C02742,2024-12-11,Clothing,6,220.63,0.0,5
O012904,C00798,2024-01-16,Clothing,5,225.32,0.0,8
O012905,C02527,2024-03-02,Clothing,3,87.14,0.0,5
O012906,C04752,2024-07-12,Sports,2,65.28,12.34,3
O012907,C00763,2024-11-16,Clothing,7,119.24,0.0,5
O012908,C00618,2024-10-18,Clothing,4,102.42,0.0,7
O012909,C03881,2024-06-11,Clothing,5,123.91,0.0,3
O012910,C04807,2024-08-22,Beauty,3,100.28,0.0,5
O012911,C04433,2024-10-06,Home,4,124.09,0.0,1
O012912,C03864,2024-08-28,Clothing,4,144.48,0.0,3
O012913,C03687,2024-11-20,Clothing,2,35.19,9.03,5
O012914,C00768,2024-08-20,Sports,3,114.12,0.0,4
O012915,C03186,2024-05-08,Electronics,4,114.8,0.0,3
O012916,C01021,2024-05-02,Home,5,230.57,0.0,4
O012917,C03494,2024-05-16,Home,3,141.08,0.0,5
O012918,C01078,2024-12-21,Electronics,1,61.46,5.02,5
O012919,C03260,2024-01-15,Clothing,1,18.37,10.45,4
O012920,C03611,2024-11-25,Sports,1,16.99,6.99,6
O012921,C01776,2024-08-16,Clothing,1,37.14,9.47,4
O012922,C02879,2024-05-23,Home,5,182.23,0.0,5
O012923,C01891,2024-08-17,Clothing,2,62.3,7.91,3
O012924,C01627,2024-06-24,Beauty,1,11.86,10.51,6
O012925,C03619,2024-10-18,Sports,5,204.76,0.0,6
O012926,C04285,2024-09-02,Electronics,3,107.0,0.0,4
O012927,C01572,2024-02-22,Sports,1,53.95,12.57,5
O012928,C04966,2024-11-30,Clothing,4,157.91,0.0,2
O012929,C03676,2024-05-26,Electronics,2,124.76,0.0,3
O012930,C01592,2024-02-10,Clothing,5,168.92,0.0,5
O012931,C02627,2024-10-19,Electronics,1,47.96,7.27,1
O012932,C01193,2024-08-27,Clothing,2,84.35,0.0,1
O012933,C04774,2024-07-13,Clothing,5,207.4,0.0,2
O012934,C04248,2024-05-15,Electronics,3,65.7,6.33,6
O012935,C01129,2024-03-28,Clothing,3,155.61,0.0,3
O012936,C03439,2024-09-26,Electronics,2,79.17,0.0,4
O012937,C01116,2024-09-10,Electronics,3,147.42,0.0,3
O012938,C04809,2024-07-07,Home,2,92.3,0.0,6
O012939,C04901,2024-10-17,Beauty,1,30.17,9.63,4
O012940,C01909,2024-03-11,Sports,2,34.58,11.49,3
O012941,C04528,2024-08-20,Home,3,98.94,0.0,5
O012942,C03753,2024-01-08,Sports,5,131.37,0.0,4
O012943,C01329,2024-09-24,Clothing,3,42.79,5.22,3
O012944,C04124,2024-12-01,Sports,6,108.27,0.0,5
O012945,C01312,2024-04-24,Electronics,4,84.55,0.0,5
O012946,C04451,2024-11-19,Clothing,3,80.83,0.0,6
O012947,C04039,2024-10-27,Home,6,196.35,0.0,6
O012948,C01863,2024-10-23,Beauty,3,126.18,0.0,3
O012949,C02005,2024-08-24,Electronics,2,33.0,10.82,3
O012950,C03616,2024-11-12,Home,1,22.52,11.13,5
O012951,C02726,2024-03-16,Beauty,3,120.44,0.0,5
O012952,C02184,2024-04-08,Clothing,2,52.61,11.26,7
O012953,C00154,2024-11-18,Sports,2,89.27,0.0,4
O012954,C00816,2024-01-02,Clothing,3,90.5,0.0,4
O012955,C01120,2024-05-01,Sports,6,145.63,0.0,5
O012956,C03269,2024-07-03,Sports,7,275.32,0.0,5
O012957,C02156,2024-01-16,Home,3,147.56,0.0,5
O012958,C01210,2024-10-05,Sports,3,91.8,0.0,7
O012959,C00454,2024-12-16,Home,1,7.04,10.5,7
O012960,C01107,2024-02-10,Sports,3,48.16,5.25,4
O012961,C02797,2024-02-24,Clothing,2,77.29,0.0,7
O012962,C04545,2024-07-26,Home,4,206.49,0.0,1
O012963,C04417,2024-05-11,Clothing,2,75.14,0.0,6
O012964,C04374,2024-12-21,Electronics,4,109.93,0.0,5
O012965,C02660,2024-10-10,Sports,2,64.65,9.79,4
O012966,C01038,2024-06-26,Beauty,2,48.42,7.99,4
O012967,C03334,2024-08-29,Home,3,49.76,7.8,3
O012968,C00414,2024-08-29,Clothing,5,215.92,0.0,4
O012969,C02542,2024-10-10,Electronics,1,44.75,8.78,3
O012970,C04143,2024-05-02,Beauty,4,51.88,11.26,3
O012971,C01940,2024-10-08,Clothing,1,26.56,8.04,5
O012972,C00656,2024-06-15,Electronics,2,28.22,6.11,5
O012973,C04045,2024-01-13,Clothing,1,16.6,9.57,4
O012974,C02480,2024-03-11,Home,6,261.24,0.0,5
O012975,C03862,2024-02-23,Home,2,101.25,0.0,3
O012976,C01348,2024-01-13,Clothing,3,111.23,0.0,6
O012977,C01317,2024-02-28,Beauty,2,67.47,9.14,6
O012978,C03607,2024-09-16,Beauty,3,145.89,0.0,5
O012979,C03839,2024-03-20,Clothing,4,144.86,0.0,4
O012980,C04059,2024-02-29,Sports,2,78.68,0.0,1
O012981,C00316,2024-02-16,Electronics,1,47.02,6.7,4
O012982,C00221,2024-11-28,Sports,4,137.22,0.0,4
O012983,C02262,2024-07-20,Home,2,56.44,5.88,4
O012984,C00845,2024-09-17,Home,3,105.64,0.0,3
O012985,C01515,2024-02-05,Beauty,4,186.16,0.0,3
O012986,C01109,2024-01-19,Clothing,5,190.59,0.0,3
O012987,C01731,2024-09-12,Home,7,185.14,0.0,3
O012988,C03186,2024-10-12,Clothing,3,140.4,0.0,5
O012989,C01239,2024-02-10,Clothing,5,238.17,0.0,6
O012990,C02925,2024-10-10,Clothing,1,35.33,8.23,2
O012991,C01191,2024-10-13,Clothing,3,136.38,0.0,4
O012992,C04383,2024-08-15,Beauty,3,49.15,8.17,4
O012993,C03567,2024-06-19,Sports,5,197.92,0.0,4
O012994,C02432,2024-09-01,Electronics,1,44.06,5.98,3
O012995,C02895,2024-01-12,Home,4,100.29,0.0,2
O012996,C01457,2024-08-02,Beauty,7,154.28,0.0,5
O012997,C01110,2024-05-19,Clothing,2,67.06,9.72,4
O012998,C01931,2024-10-24,Clothing,2,82.4,0.0,6
O012999,C03117,2024-12-11,Electronics,3,76.88,0.0,5
O013000,C00623,2024-07-03,Clothing,3,166.17,0.0,4
O013001,C02338,2024-07-30,Clothing,4,141.52,0.0,1
O013002,C01931,2024-09-28,Electronics,1,44.9,7.59,2
O013003,C02745,2024-04-08,Electronics,1,19.02,7.61,4
O013004,C01259,2024-05-11,Clothing,1,7.63,6.88,4
O013005,C04502,2024-04-24,Electronics,2,42.04,5.68,7
O013006,C01969,2024-09-25,Sports,2,110.45,0.0,4
O013007,C03296,2024-02-29,Electronics,2,48.36,11.64,4
O013008,C02024,2024-10-10,Clothing,2,92.25,0.0,4
O013009,C00877,2024-04-18,Clothing,3,203.97,0.0,4
O013010,C02245,2024-12-13,Beauty,4,70.64,9.68,3
O013011,C02527,2024-01-22,Clothing,5,174.3,0.0,3
O013012,C03590,2024-12-06,Home,5,136.3,0.0,1
O013013,C04404,2024-01-27,Electronics,2,126.22,0.0,3
O013014,C00345,2024-08-01,Clothing,2,69.02,5.44,4
O013015,C03673,2024-02-13,Beauty,3,135.7,0.0,7
O013016,C03069,2024-03-20,Beauty,7,250.94,0.0,4
O013017,C01914,2024-10-06,Clothing,3,76.43,0.0,4
O013018,C02446,2024-06-22,Beauty,2,60.09,11.15,3
O013019,C00785,2024-09-29,Clothing,3,120.47,0.0,3
O013020,C01488,2024-09-17,Clothing,1,19.33,8.23,5
O013021,C04892,2024-02-07,Electronics,6,117.57,0.0,3
O013022,C03849,2024-02-28,Clothing,1,16.73,6.21,4
O013023,C00450,2024-06-30,Home,4,76.2,0.0,6
O013024,C01428,2024-04-14,Beauty,2,21.2,7.71,4
O013025,C02596,2024-04-05,Electronics,4,167.79,0.0,5
O013026,C02277,2024-03-30,Sports,4,194.45,0.0,2
O013027,C00244,2024-03-11,Clothing,1,60.55,9.8,3
O013028,C02113,2024-04-09,Electronics,5,256.74,0.0,3
O013029,C03309,2024-11-06,Clothing,7,199.47,0.0,5
O013030,C00946,2024-11-22,Clothing,5,210.97,0.0,5
O013031,C01027,2024-06-19,Home,5,166.02,0.0,5
O013032,C01524,2024-12-12,Home,1,55.76,10.8,5
O013033,C03109,2024-06-14,Home,2,93.21,0.0,6
O013034,C03693,2024-08-27,Electronics,2,109.82,0.0,1
O013035,C03050,2024-08-03,Beauty,1,45.57,7.71,7
O013036,C03322,2024-12-09,Clothing,9,431.22,0.0,3
O013037,C03307,2024-03-01,Clothing,2,96.49,0.0,9
O013038,C04239,2024-07-04,Beauty,1,38.2,6.68,3
O013039,C00061,2024-12-29,Sports,6,221.05,0.0,5
O013040,C04175,2024-06-30,Clothing,1,25.97,8.83,6
O013041,C03399,2024-08-06,Home,3,49.63,7.89,4
O013042,C02415,2024-02-03,Beauty,6,134.5,0.0,1
O013043,C03779,2024-02-14,Electronics,1,40.48,12.79,3
O013044,C03607,2024-05-17,Clothing,3,115.27,0.0,4
O013045,C00390,2024-07-04,Clothing,6,228.86,0.0,2
O013046,C04617,2024-12-15,Beauty,1,58.26,11.51,3
O013047,C01676,2024-01-28,Sports,5,207.99,0.0,3
O013048,C01778,2024-04-15,Sports,1,60.78,5.29,3
O013049,C00253,2024-10-12,Beauty,3,105.38,0.0,5
O013050,C03167,2024-10-10,Home,2,94.91,0.0,4
O013051,C01715,2024-06-05,Electronics,2,59.67,8.19,4
O013052,C02051,2024-10-13,Home,1,32.9,5.49,5
O013053,C00696,2024-04-16,Home,4,91.98,0.0,5
O013054,C02094,2024-08-20,Beauty,2,95.15,0.0,4
O013055,C04749,2024-07-14,Home,6,253.0,0.0,2
O013056,C02573,2024-12-04,Home,2,70.54,11.4,3
O013057,C01506,2024-07-20,Electronics,5,115.29,0.0,2
O013058,C03669,2024-04-18,Electronics,3,127.13,0.0,3
O013059,C04514,2024-01-31,Electronics,1,12.09,9.27,3
O013060,C02744,2024-08-13,Electronics,2,38.98,7.88,5
O013061,C04655,2024-02-10,Sports,3,123.85,0.0,5
O013062,C03278,2024-03-04,Clothing,1,18.01,9.47,5
O013063,C01299,2024-08-18,Home,3,120.66,0.0,1
O013064,C04691,2024-06-18,Beauty,4,151.23,0.0,4
O013065,C03251,2024-10-26,Electronics,5,226.99,0.0,2
O013066,C02915,2024-05-18,Clothing,3,84.52,0.0,5
O013067,C03869,2024-10-18,Electronics,6,88.57,0.0,5
O013068,C02265,2024-12-29,Sports,1,26.17,8.88,1
O013069,C03793,2024-08-23,Beauty,1,38.49,7.25,5
O013070,C02881,2024-10-14,Beauty,4,168.26,0.0,3
O013071,C02854,2024-12-25,Home,3,122.04,0.0,7
O013072,C03708,2024-03-07,Sports,1,35.56,8.24,2
O013073,C02829,2024-07-06,Electronics,2,55.1,9.11,5
O013074,C00216,2024-12-13,Home,5,182.27,0.0,5
O013075,C04566,2024-10-07,Clothing,4,98.06,0.0,2
O013076,C00180,2024-01-28,Beauty,4,173.66,0.0,7
O013077,C02687,2024-07-29,Electronics,3,124.15,0.0,1
O013078,C00377,2024-08-21,Clothing,3,102.39,0.0,3
O013079,C02729,2024-01-19,Electronics,2,59.21,7.59,5
O013080,C01828,2024-11-07,Beauty,1,15.78,11.4,4
O013081,C03227,2024-04-22,Beauty,4,148.84,0.0,5
O013082,C02328,2024-12-09,Home,4,99.85,0.0,4
O013083,C01503,2024-12-23,Clothing,1,47.0,5.21,3
O013084,C04945,2024-05-05,Beauty,4,204.87,0.0,6
O013085,C00753,2024-07-26,Clothing,1,5.0,10.18,2
O013086,C03170,2024-03-22,Home,3,36.27,12.52,5
O013087,C00250,2024-09-08,Beauty,4,165.45,0.0,5
O013088,C02821,2024-02-10,Clothing,2,60.38,11.22,4
O013089,C04737,2024-09-25,Electronics,3,112.66,0.0,1
O013090,C00890,2024-07-23,Clothing,4,101.2,0.0,3
O013091,C04867,2024-04-08,Clothing,1,31.11,6.43,4
O013092,C04003,2024-03-23,Electronics,1,5.0,5.41,6
O013093,C03724,2024-01-24,Clothing,6,217.75,0.0,6
O013094,C03087,2024-12-18,Electronics,1,81.11,0.0,6
O013095,C02744,2024-03-13,Clothing,1,22.89,7.89,4
O013096,C04577,2024-07-01,Sports,3,141.94,0.0,5
O013097,C01757,2024-01-03,Clothing,3,140.11,0.0,5
O013098,C02623,2024-09-15,Home,3,124.7,0.0,4
O013099,C01777,2024-01-30,Home,3,55.99,8.48,6
O013100,C04581,2024-05-25,Electronics,3,131.71,0.0,4
O013101,C03405,2024-11-17,Clothing,2,59.96,7.88,3
O013102,C02075,2024-07-30,Sports,3,67.1,8.36,4
O013103,C03097,2024-01-27,Sports,1,5.0,12.31,3
O013104,C01086,2024-12-21,Home,3,105.17,0.0,3
O013105,C03730,2024-04-14,Electronics,3,64.69,11.21,3
O013106,C04329,2024-04-19,Sports,1,40.88,7.92,1
O013107,C01488,2024-01-19,Home,4,93.93,0.0,4
O013108,C00349,2024-01-16,Clothing,2,78.7,0.0,5
O013109,C00414,2024-10-08,Clothing,3,71.07,7.77,4
O013110,C02454,2024-09-26,Clothing,2,81.97,0.0,5
O013111,C03453,2024-02-16,Sports,2,35.51,12.72,3
O013112,C02564,2024-05-25,Clothing,6,97.98,0.0,2
O013113,C01010,2024-06-04,Electronics,1,68.19,8.05,2
O013114,C04383,2024-01-30,Sports,4,95.23,0.0,4
O013115,C00782,2024-04-14,Clothing,1,44.47,11.9,4
O013116,C03080,2024-05-28,Clothing,6,275.04,0.0,4
O013117,C04453,2024-02-17,Home,2,68.81,5.91,4
O013118,C02629,2024-07-01,Home,6,226.5,0.0,4
O013119,C03976,2024-06-06,Sports,3,136.26,0.0,4
O013120,C02187,2024-02-11,Clothing,3,153.78,0.0,3
O013121,C03320,2024-06-13,Clothing,6,119.44,0.0,2
O013122,C01207,2024-10-23,Home,2,71.84,11.16,2
O013123,C03797,2024-06-22,Clothing,6,254.91,0.0,6
O013124,C04519,2024-12-17,Clothing,3,81.01,0.0,6
O013125,C04493,2024-04-03,Beauty,2,60.35,12.02,4
O013126,C00305,2024-08-01,Clothing,3,87.29,0.0,6
O013127,C03455,2024-07-06,Clothing,3,47.72,9.65,4
O013128,C02274,2024-03-28,Electronics,2,60.66,9.55,7
O013129,C00851,2024-09-13,Clothing,3,124.58,0.0,5
O013130,C00495,2024-09-04,Beauty,3,104.96,0.0,5
O013131,C03556,2024-02-23,Electronics,1,69.59,7.72,6
O013132,C02675,2024-10-17,Electronics,5,135.46,0.0,5
O013133,C03431,2024-05-23,Beauty,3,89.99,0.0,5
O013134,C03150,2024-01-05,Electronics,4,83.87,0.0,5
O013135,C03348,2024-12-30,Clothing,2,80.99,0.0,6
O013136,C03950,2024-02-06,Home,5,215.07,0.0,5
O013137,C00505,2024-04-28,Sports,2,54.68,11.93,5
O013138,C04703,2024-12-28,Clothing,3,23.85,7.92,3
O013139,C02655,2024-06-01,Beauty,4,62.24,12.49,1
O013140,C03407,2024-11-18,Home,1,38.55,10.16,4
O013141,C03518,2024-09-02,Home,5,265.74,0.0,3
O013142,C02705,2024-10-20,Electronics,3,43.61,5.05,5
O013143,C03765,2024-07-30,Clothing,3,102.07,0.0,3
O013144,C01580,2024-05-09,Electronics,2,59.03,5.17,2
O013145,C01762,2024-07-10,Home,4,175.28,0.0,3
O013146,C04133,2024-07-15,Home,4,125.13,0.0,4
O013147,C00314,2024-09-12,Home,3,145.89,0.0,6
O013148,C04316,2024-05-27,Electronics,2,96.86,0.0,5
O013149,C02688,2024-12-07,Sports,3,56.53,6.76,4
O013150,C01719,2024-09-23,Sports,3,88.07,0.0,1
O013151,C04500,2024-12-03,Home,3,59.68,11.39,6
O013152,C03627,2024-10-17,Clothing,1,30.07,6.38,5
O013153,C04575,2024-06-20,Home,6,246.51,0.0,4
O013154,C00824,2024-10-27,Sports,2,33.76,12.53,4
O013155,C04316,2024-05-28,Clothing,2,82.99,0.0,5
O013156,C02415,2024-05-27,Clothing,3,99.39,0.0,7
O013157,C04780,2024-09-21,Home,3,129.74,0.0,5
O013158,C03821,2024-04-04,Electronics,2,44.63,9.61,2
O013159,C01970,2024-07-04,Sports,2,73.62,12.06,5
O013160,C03104,2024-09-13,Clothing,6,182.29,0.0,6
O013161,C03067,2024-07-29,Sports,7,332.83,0.0,4
O013162,C01760,2024-01-03,Sports,3,77.44,0.0,6
O013163,C03126,2024-06-15,Electronics,1,37.6,7.81,3
O013164,C04053,2024-12-15,Sports,1,26.26,8.23,5
O013165,C02282,2024-07-23,Home,2,54.16,12.67,6
O013166,C04925,2024-06-26,Beauty,3,172.63,0.0,4
O013167,C04839,2024-12-09,Sports,2,112.77,0.0,2
O013168,C03035,2024-01-27,Clothing,4,169.35,0.0,4
O013169,C01124,2024-01-29,Clothing,1,31.36,8.4,2
O013170,C01235,2024-05-06,Clothing,2,66.61,6.54,5
O013171,C00675,2024-04-14,Clothing,1,5.0,9.08,5
O013172,C02703,2024-11-29,Sports,1,62.17,9.3,5
O013173,C02306,2024-03-09,Clothing,3,52.19,10.91,2
O013174,C01269,2024-04-16,Electronics,3,151.26,0.0,3
O013175,C03222,2024-06-28,Clothing,5,142.47,0.0,5
O013176,C04720,2024-04-11,Sports,1,15.9,7.33,4
O013177,C04195,2024-09-18,Electronics,1,33.59,5.74,4
O013178,C03795,2024-05-31,Beauty,3,164.42,0.0,6
O013179,C04079,2024-02-09,Clothing,3,140.0,0.0,5
O013180,C02060,2024-10-15,Clothing,4,178.94,0.0,4
O013181,C01250,2024-05-16,Beauty,3,119.41,0.0,3
O013182,C04030,2024-06-25,Clothing,3,61.0,7.85,3
O013183,C02861,2024-03-07,Clothing,4,154.37,0.0,5
O013184,C03514,2024-05-30,Sports,2,92.73,0.0,6
O013185,C03220,2024-10-04,Sports,7,378.96,0.0,2
O013186,C00179,2024-11-23,Clothing,4,182.29,0.0,3
O013187,C02200,2024-07-30,Home,1,18.71,6.13,9
O013188,C04931,2024-11-29,Sports,3,66.18,6.39,6
O013189,C04678,2024-12-15,Electronics,2,96.09,0.0,3
O013190,C04292,2024-04-25,Electronics,1,39.33,11.24,6
O013191,C02530,2024-05-15,Electronics,1,45.31,9.46,2
O013192,C02256,2024-05-26,Clothing,5,225.27,0.0,3
O013193,C00936,2024-12-30,Clothing,1,33.01,7.32,2
O013194,C00957,2024-06-14,Electronics,5,179.44,0.0,5
O013195,C02474,2024-08-15,Sports,1,32.25,11.75,1
O013196,C01086,2024-05-13,Home,5,151.9,0.0,4
O013197,C04663,2024-06-28,Beauty,2,65.59,5.62,6
O013198,C03435,2024-10-16,Beauty,3,136.72,0.0,4
O013199,C02666,2024-11-25,Electronics,4,118.71,0.0,4
O013200,C02993,2024-12-16,Sports,1,18.19,12.95,5
O013201,C01102,2024-02-12,Electronics,2,102.49,0.0,4
O013202,C04983,2024-10-17,Electronics,3,95.24,0.0,5
O013203,C02977,2024-05-18,Beauty,2,66.98,6.39,5
O013204,C00284,2024-09-09,Home,1,35.14,11.73,4
O013205,C04472,2024-12-11,Beauty,7,304.28,0.0,4
O013206,C03791,2024-07-03,Clothing,2,45.16,11.1,4
O013207,C02820,2024-03-05,Electronics,6,153.82,0.0,3
O013208,C00788,2024-10-30,Home,2,95.28,0.0,3
O013209,C04469,2024-06-28,Electronics,1,33.74,5.79,7
O013210,C00857,2024-10-21,Electronics,2,59.31,6.15,2
O013211,C01699,2024-08-01,Electronics,5,161.82,0.0,4
O013212,C02681,2024-06-01,Clothing,4,120.09,0.0,2
O013213,C02134,2024-12-25,Electronics,6,280.29,0.0,6
O013214,C04195,2024-12-22,Beauty,4,140.11,0.0,3
O013215,C02422,2024-10-14,Beauty,4,94.23,0.0,5
O013216,C02806,2024-05-02,Clothing,4,90.82,0.0,3
O013217,C03932,2024-04-03,Sports,4,99.44,0.0,5
O013218,C00625,2024-03-22,Electronics,3,126.43,0.0,5
O013219,C04179,2024-04-17,Home,3,119.29,0.0,4
O013220,C01601,2024-08-27,Sports,6,167.31,0.0,6
O013221,C00001,2024-03-07,Electronics,4,102.18,0.0,1
O013222,C04782,2024-09-24,Clothing,3,105.06,0.0,4
O013223,C04346,2024-08-30,Clothing,1,53.93,7.28,3
O013224,C04506,2024-10-02,Clothing,3,156.38,0.0,2
O013225,C01410,2024-11-01,Electronics,4,87.56,0.0,4
O013226,C03868,2024-05-15,Clothing,3,87.76,0.0,5
O013227,C04586,2024-06-07,Clothing,3,101.27,0.0,3
O013228,C02971,2024-05-31,Home,3,129.89,0.0,7
O013229,C02588,2024-02-11,Beauty,5,196.99,0.0,4
O013230,C00799,2024-11-29,Home,4,130.08,0.0,1
O013231,C00943,2024-11-30,Clothing,4,155.65,0.0,5
O013232,C03463,2024-01-26,Electronics,2,60.83,7.75,4
O013233,C01328,2024-06-14,Sports,7,262.83,0.0,3
O013234,C00695,2024-10-20,Clothing,6,216.06,0.0,4
O013235,C03417,2024-04-06,Sports,1,37.47,10.15,2
O013236,C04231,2024-09-23,Electronics,3,107.46,0.0,5
O013237,C00186,2024-05-02,Sports,2,33.68,6.71,6
O013238,C00478,2024-01-23,Electronics,6,124.0,0.0,4
O013239,C04097,2024-11-13,Clothing,4,112.45,0.0,4
O013240,C02898,2024-07-16,Electronics,1,48.31,9.12,3
O013241,C03016,2024-02-10,Home,3,118.67,0.0,3
O013242,C03816,2024-04-30,Clothing,3,108.76,0.0,2
O013243,C01686,2024-12-14,Beauty,1,28.56,12.92,5
O013244,C00992,2024-01-04,Clothing,4,97.76,0.0,4
O013245,C02750,2024-09-11,Sports,3,110.92,0.0,3
O013246,C04366,2024-05-10,Beauty,2,66.95,7.88,3
O013247,C02946,2024-11-02,Clothing,3,184.24,0.0,5
O013248,C03399,2024-07-01,Beauty,3,111.6,0.0,3
O013249,C00195,2024-04-16,Beauty,1,31.3,11.37,5
O013250,C02303,2024-06-25,Electronics,3,160.91,0.0,4
O013251,C00079,2024-03-12,Electronics,9,243.03,0.0,5
O013252,C03947,2024-03-10,Beauty,1,26.44,8.45,4
O013253,C01122,2024-03-09,Sports,1,34.13,7.1,6
O013254,C03222,2024-09-20,Electronics,1,16.04,5.86,4
O013255,C00786,2024-05-02,Beauty,3,125.42,0.0,2
O013256,C02862,2024-08-14,Clothing,1,47.4,5.54,6
O013257,C00447,2024-07-01,Beauty,5,111.88,0.0,4
O013258,C04219,2024-08-14,Electronics,2,56.91,6.73,2
O013259,C02724,2024-03-12,Clothing,3,93.81,0.0,7
O013260,C01582,2024-01-08,Clothing,5,170.53,0.0,4
O013261,C00359,2024-03-12,Clothing,3,118.24,0.0,5
O013262,C02287,2024-07-30,Clothing,5,196.38,0.0,2
O013263,C01766,2024-09-19,Electronics,4,95.02,0.0,4
O013264,C00805,2024-02-15,Clothing,3,120.92,0.0,6
O013265,C02731,2024-05-29,Home,4,151.88,0.0,6
O013266,C04765,2024-03-21,Clothing,3,140.69,0.0,6
O013267,C04063,2024-09-17,Electronics,4,124.91,0.0,3
O013268,C00143,2024-06-23,Clothing,2,80.88,0.0,5
O013269,C02235,2024-05-22,Home,1,26.69,10.18,2
O013270,C03560,2024-07-10,Sports,1,70.73,5.87,2
O013271,C02170,2024-06-07,Clothing,4,176.86,0.0,4
O013272,C03422,2024-08-24,Clothing,2,90.93,0.0,3
O013273,C01124,2024-03-23,Sports,5,145.61,0.0,4
O013274,C00284,2024-10-26,Sports,3,105.58,0.0,4
O013275,C00384,2024-06-23,Clothing,5,140.42,0.0,3
O013276,C01579,2024-05-19,Sports,9,412.99,0.0,4
O013277,C03873,2024-03-04,Clothing,2,26.75,6.5,5
O013278,C02946,2024-10-05,Home,5,119.11,0.0,5
O013279,C04283,2024-02-19,Sports,1,12.49,7.74,5
O013280,C00624,2024-08-02,Electronics,3,142.28,0.0,2
O013281,C00545,2024-05-04,Clothing,4,106.18,0.0,4
O013282,C00914,2024-02-05,Beauty,3,90.68,0.0,3
O013283,C02138,2024-05-18,Beauty,4,138.16,0.0,6
O013284,C02544,2024-03-26,Electronics,7,253.79,0.0,4
O013285,C03733,2024-02-25,Home,4,63.26,6.75,8
O013286,C03996,2024-09-05,Clothing,3,64.55,8.19,4
O013287,C01748,2024-08-09,Home,6,160.76,0.0,5
O013288,C02164,2024-11-20,Home,6,210.46,0.0,3
O013289,C01044,2024-10-19,Electronics,5,129.8,0.0,5
O013290,C02180,2024-09-05,Electronics,4,135.24,0.0,3
O013291,C01316,2024-08-01,Home,3,97.78,0.0,5
O013292,C01378,2024-10-24,Clothing,6,57.01,9.87,4
O013293,C03309,2024-06-06,Beauty,2,53.01,7.36,1
O013294,C00223,2024-04-03,Clothing,4,123.5,0.0,4
O013295,C04532,2024-10-04,Clothing,5,182.78,0.0,4
O013296,C04423,2024-06-14,Clothing,4,112.88,0.0,3
O013297,C02154,2024-02-25,Home,5,220.69,0.0,5
O013298,C02700,2024-11-29,Clothing,1,31.68,7.66,3
O013299,C03321,2024-12-17,Sports,2,106.13,0.0,6
O013300,C00567,2024-03-22,Clothing,4,100.64,0.0,5
O013301,C02043,2024-02-03,Home,1,29.8,8.1,5
O013302,C00630,2024-03-03,Beauty,1,49.2,10.69,3
O013303,C02736,2024-01-02,Home,2,70.96,11.86,6
O013304,C02518,2024-07-08,Home,6,135.38,0.0,5
O013305,C00725,2024-02-12,Beauty,6,236.47,0.0,6
O013306,C04361,2024-04-04,Clothing,3,99.32,0.0,3
O013307,C04049,2024-09-30,Electronics,3,94.65,0.0,3
O013308,C02899,2024-05-27,Home,2,90.24,0.0,5
O013309,C01465,2024-01-07,Electronics,2,75.91,0.0,4
O013310,C01308,2024-08-01,Clothing,1,16.18,7.7,3
O013311,C01955,2024-11-03,Sports,4,240.23,0.0,2
O013312,C04795,2024-10-19,Sports,3,91.6,0.0,5
O013313,C00154,2024-04-07,Clothing,1,44.89,10.24,4
O013314,C03512,2024-10-28,Electronics,3,100.5,0.0,4
O013315,C04067,2024-12-24,Clothing,1,62.2,7.79,2
O013316,C00811,2024-02-11,Clothing,2,82.25,0.0,5
O013317,C00151,2024-11-11,Sports,4,181.81,0.0,4
O013318,C02223,2024-08-29,Clothing,4,171.22,0.0,6
O013319,C01079,2024-04-13,Beauty,4,116.69,0.0,4
O013320,C00779,2024-09-03,Clothing,1,41.16,8.08,5
O013321,C04250,2024-12-01,Clothing,2,47.81,8.58,5
O013322,C03969,2024-03-18,Electronics,2,91.77,0.0,2
O013323,C04597,2024-05-03,Home,7,156.11,0.0,5
O013324,C02554,2024-02-01,Home,1,21.3,10.62,2
O013325,C04245,2024-06-15,Clothing,2,84.8,0.0,4
O013326,C04104,2024-10-08,Home,1,10.6,12.62,3
O013327,C04689,2024-01-30,Home,5,248.94,0.0,4
O013328,C04565,2024-09-10,Home,5,175.0,0.0,3
O013329,C04547,2024-06-17,Clothing,2,94.7,0.0,4
O013330,C03679,2024-12-24,Beauty,2,82.68,0.0,4
O013331,C04224,2024-02-01,Home,4,80.96,0.0,1
O013332,C03706,2024-07-02,Clothing,1,50.77,11.99,6
O013333,C03359,2024-02-22,Clothing,2,54.61,9.48,4
O013334,C00853,2024-12-02,Electronics,3,114.58,0.0,3
O013335,C04183,2024-05-28,Sports,4,178.94,0.0,4
O013336,C03966,2024-03-16,Sports,2,46.42,10.07,4
O013337,C04630,2024-03-09,Home,2,64.18,11.96,7
O013338,C03324,2024-09-30,Electronics,1,36.98,10.03,5
O013339,C04920,2024-08-16,Home,3,83.22,0.0,4
O013340,C04475,2024-02-06,Electronics,1,32.32,9.05,4
O013341,C00456,2024-05-14,Beauty,5,157.91,0.0,3
O013342,C04414,2024-03-01,Sports,3,153.4,0.0,5
O013343,C00230,2024-05-10,Clothing,2,95.6,0.0,6
O013344,C04604,2024-01-01,Electronics,2,52.05,8.69,5
O013345,C04886,2024-02-29,Sports,5,152.0,0.0,4
O013346,C03478,2024-11-22,Electronics,3,121.54,0.0,4
O013347,C03359,2024-12-12,Clothing,2,66.46,9.97,5
O013348,C00760,2024-01-31,Beauty,3,82.5,0.0,5
O013349,C01791,2024-09-20,Clothing,4,148.26,0.0,4
O013350,C04542,2024-01-07,Home,2,88.73,0.0,3
O013351,C01367,2024-05-14,Clothing,2,74.06,8.19,4
O013352,C00325,2024-01-20,Sports,3,89.12,0.0,5
O013353,C00877,2024-11-22,Beauty,7,185.3,0.0,2
O013354,C00167,2024-05-21,Sports,1,63.26,8.36,1
O013355,C03665,2024-05-22,Clothing,2,52.98,9.79,3
O013356,C00581,2024-07-28,Electronics,1,69.88,12.37,4
O013357,C04935,2024-05-04,Sports,4,75.59,0.0,6
O013358,C01800,2024-11-16,Beauty,4,150.83,0.0,3
O013359,C01110,2024-12-19,Home,4,33.04,7.16,6
O013360,C03628,2024-01-03,Home,1,39.15,11.51,3
O013361,C02854,2024-05-10,Electronics,5,244.07,0.0,1
O013362,C01173,2024-03-15,Beauty,4,151.4,0.0,2
O013363,C00772,2024-11-19,Electronics,3,111.75,0.0,5
O013364,C00928,2024-06-08,Electronics,6,198.66,0.0,5
O013365,C02909,2024-09-28,Beauty,1,32.08,7.44,4
O013366,C00606,2024-01-17,Clothing,2,19.35,12.24,3
O013367,C03907,2024-12-21,Sports,3,104.4,0.0,4
O013368,C04101,2024-02-01,Home,1,52.55,12.31,7
O013369,C04095,2024-06-03,Sports,1,38.93,9.74,4
O013370,C01002,2024-04-21,Electronics,1,40.64,10.31,3
O013371,C03974,2024-04-07,Home,4,231.86,0.0,6
O013372,C00414,2024-09-17,Home,3,92.27,0.0,5
O013373,C04811,2024-12-10,Clothing,1,7.57,7.48,5
O013374,C02015,2024-04-01,Beauty,5,147.72,0.0,5
O013375,C01488,2024-05-25,Clothing,4,111.78,0.0,5
O013376,C00783,2024-01-03,Clothing,2,88.23,0.0,2
O013377,C00527,2024-10-10,Sports,4,203.6,0.0,3
O013378,C00001,2024-10-16,Home,4,131.99,0.0,2
O013379,C00271,2024-12-07,Sports,6,211.67,0.0,2
O013380,C02532,2024-10-12,Sports,2,80.78,0.0,4
O013381,C01072,2024-02-17,Home,2,96.97,0.0,1
O013382,C00694,2024-03-05,Electronics,3,111.84,0.0,3
O013383,C02888,2024-08-08,Beauty,7,276.18,0.0,3
O013384,C03579,2024-05-26,Home,1,29.88,5.48,3
O013385,C01996,2024-06-28,Sports,2,73.54,7.4,2
O013386,C03578,2024-10-23,Home,4,181.92,0.0,5
O013387,C01710,2024-12-14,Electronics,3,127.97,0.0,6
O013388,C02100,2024-12-18,Clothing,1,6.26,11.51,3
O013389,C00470,2024-03-21,Beauty,3,125.56,0.0,2
O013390,C02291,2024-12-23,Clothing,3,89.07,0.0,3
O013391,C00337,2024-07-11,Sports,2,91.73,0.0,7
O013392,C00756,2024-10-23,Clothing,5,209.7,0.0,5
O013393,C02602,2024-05-02,Clothing,3,101.2,0.0,4
O013394,C01720,2024-10-15,Electronics,1,20.59,7.2,4
O013395,C02100,2024-08-15,Sports,3,63.23,11.46,6
O013396,C00413,2024-03-22,Electronics,4,261.09,0.0,3
O013397,C03613,2024-03-24,Clothing,4,115.31,0.0,4
O013398,C03281,2024-08-30,Home,2,81.3,0.0,5
O013399,C04104,2024-08-02,Electronics,2,92.09,0.0,5
O013400,C02994,2024-06-22,Clothing,1,54.03,9.44,5
O013401,C03463,2024-12-11,Clothing,5,198.16,0.0,5
O013402,C00247,2024-11-22,Home,1,47.37,9.28,3
O013403,C03779,2024-04-14,Beauty,4,200.46,0.0,3
O013404,C00412,2024-02-26,Sports,4,152.25,0.0,2
O013405,C03368,2024-10-02,Beauty,1,31.46,10.33,4
O013406,C04331,2024-06-17,Sports,6,149.89,0.0,6
O013407,C02690,2024-08-26,Home,6,297.96,0.0,6
O013408,C00588,2024-03-15,Beauty,4,143.15,0.0,4
O013409,C01469,2024-10-20,Electronics,1,58.63,7.66,2
O013410,C00233,2024-10-09,Home,2,24.77,12.8,3
O013411,C01887,2024-07-14,Clothing,2,86.32,0.0,3
O013412,C00310,2024-08-05,Electronics,4,195.71,0.0,2
O013413,C00944,2024-06-01,Clothing,4,178.15,0.0,1
O013414,C00908,2024-09-26,Home,6,253.34,0.0,3
O013415,C02749,2024-02-06,Home,6,131.54,0.0,2
O013416,C02526,2024-06-26,Clothing,3,119.21,0.0,2
O013417,C01601,2024-12-13,Electronics,2,15.68,8.79,4
O013418,C02100,2024-07-18,Electronics,5,172.18,0.0,4
O013419,C00546,2024-06-18,Electronics,2,82.69,0.0,6
O013420,C02349,2024-11-05,Sports,1,46.44,9.01,6
O013421,C03824,2024-05-04,Clothing,3,55.59,6.63,5
O013422,C02689,2024-06-11,Beauty,1,31.64,11.58,5
O013423,C03315,2024-10-13,Home,4,152.11,0.0,4
O013424,C04452,2024-12-19,Home,2,55.17,10.93,5
O013425,C04931,2024-09-06,Clothing,1,44.76,10.1,4
O013426,C04973,2024-08-15,Beauty,2,50.66,12.47,5
O013427,C01842,2024-05-24,Beauty,4,132.51,0.0,3
O013428,C01637,2024-04-22,Electronics,3,73.73,10.54,4
O013429,C01676,2024-12-06,Clothing,3,71.08,12.94,5
O013430,C04833,2024-12-11,Sports,3,94.86,0.0,3
O013431,C01791,2024-04-01,Sports,1,59.71,6.92,4
O013432,C03145,2024-06-29,Clothing,3,62.78,7.75,6
O013433,C03521,2024-05-07,Clothing,4,188.53,0.0,5
O013434,C01842,2024-10-04,Beauty,2,81.99,0.0,4
O013435,C00156,2024-06-17,Electronics,2,60.1,9.98,5
O013436,C00934,2024-09-15,Home,6,222.18,0.0,5
O013437,C00576,2024-12-13,Clothing,1,71.18,9.3,4
O013438,C01334,2024-03-03,Sports,2,72.07,10.3,2
O013439,C03108,2024-11-17,Beauty,4,145.02,0.0,5
O013440,C04344,2024-10-28,Electronics,2,109.81,0.0,4
O013441,C01452,2024-07-30,Sports,3,138.95,0.0,4
O013442,C04549,2024-08-29,Clothing,4,163.9,0.0,1
O013443,C00940,2024-05-15,Home,2,73.34,9.88,5
O013444,C03460,2024-02-08,Beauty,3,151.49,0.0,3
O013445,C01094,2024-12-15,Electronics,1,34.74,7.61,5
O013446,C03942,2024-10-29,Clothing,4,184.37,0.0,5
O013447,C02502,2024-03-08,Clothing,1,11.65,6.7,3
O013448,C04363,2024-02-26,Clothing,1,41.02,11.07,3
O013449,C01462,2024-06-01,Clothing,3,89.55,0.0,6
O013450,C02414,2024-07-19,Clothing,4,89.79,0.0,1
O013451,C03774,2024-03-27,Clothing,4,182.93,0.0,3
O013452,C01211,2024-11-13,Clothing,1,33.93,7.52,1
O013453,C03299,2024-02-08,Home,1,17.19,10.65,1
O013454,C00061,2024-09-04,Electronics,4,143.4,0.0,6
O013455,C02216,2024-04-23,Clothing,3,99.57,0.0,6
O013456,C04251,2024-07-22,Beauty,2,108.32,0.0,3
O013457,C02832,2024-07-24,Clothing,5,177.62,0.0,5
O013458,C04818,2024-05-14,Beauty,6,250.51,0.0,3
O013459,C04103,2024-12-16,Home,3,67.98,11.97,3
O013460,C04619,2024-09-18,Beauty,1,28.31,12.18,5
O013461,C00251,2024-05-02,Home,3,111.52,0.0,3
O013462,C01600,2024-03-23,Electronics,6,229.21,0.0,5
O013463,C02168,2024-07-31,Home,2,44.19,9.25,2
O013464,C03141,2024-10-01,Beauty,4,138.99,0.0,3
O013465,C01286,2024-06-23,Clothing,5,183.73,0.0,4
O013466,C01788,2024-10-01,Beauty,4,92.91,0.0,2
O013467,C01469,2024-08-23,Clothing,3,101.83,0.0,4
O013468,C04034,2024-02-03,Electronics,2,84.41,0.0,5
O013469,C01503,2024-06-19,Clothing,2,85.7,0.0,5
O013470,C01255,2024-05-20,Sports,2,50.36,12.4,3
O013471,C04320,2024-01-25,Clothing,3,103.12,0.0,3
O013472,C04815,2024-04-06,Electronics,3,151.25,0.0,4
O013473,C02901,2024-11-07,Clothing,1,19.64,10.67,3
O013474,C03438,2024-01-21,Clothing,2,92.35,0.0,5
O013475,C00028,2024-10-16,Beauty,3,109.11,0.0,5
O013476,C00901,2024-04-19,Clothing,2,45.74,5.41,5
O013477,C00849,2024-10-07,Sports,4,152.37,0.0,8
O013478,C00101,2024-03-22,Home,2,84.42,0.0,6
O013479,C02106,2024-04-16,Sports,2,89.73,0.0,3
O013480,C04511,2024-09-23,Home,1,35.33,7.22,4
O013481,C03241,2024-10-01,Sports,2,37.47,5.05,4
O013482,C03318,2024-06-25,Electronics,2,59.71,9.02,3
O013483,C01489,2024-10-12,Electronics,2,67.19,5.64,5
O013484,C01454,2024-04-18,Clothing,1,24.75,6.77,4
O013485,C01802,2024-02-07,Home,5,232.82,0.0,6
O013486,C04517,2024-09-27,Sports,1,37.6,9.07,5
O013487,C04117,2024-11-26,Beauty,1,7.34,10.97,3
O013488,C04732,2024-08-03,Clothing,1,41.43,6.67,3
O013489,C03441,2024-11-11,Sports,2,68.22,8.89,4
O013490,C04560,2024-05-11,Electronics,2,30.11,10.42,4
O013491,C01516,2024-12-04,Home,3,105.03,0.0,6
O013492,C03922,2024-08-08,Electronics,4,114.02,0.0,4
O013493,C03167,2024-09-26,Sports,4,98.94,0.0,6
O013494,C00024,2024-12-02,Beauty,4,159.58,0.0,6
O013495,C00396,2024-09-20,Home,1,25.16,8.5,7
O013496,C01428,2024-03-17,Sports,2,84.74,0.0,4
O013497,C03205,2024-08-02,Electronics,4,184.21,0.0,2
O013498,C01014,2024-04-02,Home,5,182.09,0.0,5
O013499,C04518,2024-05-18,Electronics,2,109.5,0.0,4
O013500,C04227,2024-03-20,Clothing,6,173.78,0.0,5
O013501,C00420,2024-02-19,Clothing,1,20.79,9.54,5
O013502,C03350,2024-08-23,Home,5,123.23,0.0,4
O013503,C03966,2024-12-08,Clothing,2,87.61,0.0,5
O013504,C04871,2024-11-27,Electronics,1,32.68,9.16,4
O013505,C01427,2024-10-20,Electronics,2,74.56,9.41,2
O013506,C04271,2024-05-31,Home,4,95.09,0.0,5
O013507,C00464,2024-04-04,Home,1,54.24,7.66,4
O013508,C00390,2024-06-14,Sports,1,44.01,11.26,4
O013509,C00136,2024-11-16,Electronics,4,161.82,0.0,2
O013510,C02457,2024-03-30,Sports,2,66.74,7.39,3
O013511,C02272,2024-01-17,Electronics,1,21.59,5.31,4
O013512,C00601,2024-12-21,Electronics,4,130.02,0.0,6
O013513,C00619,2024-08-16,Clothing,4,184.61,0.0,2
O013514,C01577,2024-10-09,Clothing,2,52.24,11.47,2
O013515,C03770,2024-12-10,Clothing,1,36.07,9.25,5
O013516,C02926,2024-08-09,Electronics,1,36.4,8.51,5
O013517,C00009,2024-08-20,Beauty,2,102.31,0.0,2
O013518,C01204,2024-10-07,Clothing,3,88.66,0.0,6
O013519,C01722,2024-12-23,Beauty,3,112.76,0.0,1
O013520,C00594,2024-12-17,Clothing,4,153.33,0.0,3
O013521,C03761,2024-07-22,Clothing,1,36.5,11.37,5
O013522,C00606,2024-11-09,Sports,2,80.43,0.0,4
O013523,C01470,2024-09-13,Home,4,143.66,0.0,5
O013524,C01696,2024-10-03,Electronics,7,167.35,0.0,4
O013525,C01307,2024-09-13,Beauty,5,99.79,0.0,4
O013526,C01688,2024-06-07,Beauty,3,84.62,0.0,4
O013527,C03984,2024-11-12,Sports,7,172.48,0.0,5
O013528,C03727,2024-09-15,Sports,1,51.16,10.79,4
O013529,C01049,2024-07-21,Home,6,162.87,0.0,6
O013530,C01736,2024-06-24,Electronics,2,79.5,0.0,5
O013531,C04329,2024-03-22,Home,1,41.94,7.35,3
O013532,C03360,2024-01-25,Home,4,142.2,0.0,3
O013533,C00685,2024-01-18,Sports,1,29.28,12.13,4
O013534,C02339,2024-10-10,Beauty,6,215.88,0.0,5
O013535,C00949,2024-09-16,Clothing,3,148.5,0.0,6
O013536,C03431,2024-04-25,Electronics,2,75.97,0.0,3
O013537,C02672,2024-05-28,Clothing,6,176.88,0.0,5
O013538,C00305,2024-11-21,Home,6,314.94,0.0,4
O013539,C02398,2024-01-21,Clothing,2,57.18,7.49,5
O013540,C02001,2024-04-03,Clothing,3,160.07,0.0,2
O013541,C02527,2024-05-27,Beauty,3,124.21,0.0,4
O013542,C04226,2024-05-05,Beauty,5,175.55,0.0,1
O013543,C00187,2024-08-11,Sports,4,114.89,0.0,4
O013544,C01565,2024-04-30,Home,2,48.0,5.64,7
O013545,C01910,2024-05-07,Clothing,6,149.29,0.0,3
O013546,C02283,2024-10-13,Electronics,5,121.33,0.0,4
O013547,C00278,2024-12-21,Beauty,2,57.22,8.54,5
O013548,C01483,2024-06-01,Home,3,101.03,0.0,3
O013549,C04883,2024-11-20,Clothing,2,61.31,5.74,1
O013550,C01878,2024-07-18,Clothing,4,127.95,0.0,3
O013551,C04461,2024-09-29,Clothing,4,103.92,0.0,2
O013552,C04564,2024-05-27,Home,4,193.26,0.0,2
O013553,C01649,2024-10-27,Clothing,2,109.09,0.0,5
O013554,C01925,2024-08-08,Clothing,4,77.63,0.0,3
O013555,C02699,2024-08-15,Sports,2,41.48,5.67,4
O013556,C03800,2024-11-01,Beauty,2,89.09,0.0,3
O013557,C01298,2024-06-27,Sports,1,5.0,9.2,3
O013558,C01352,2024-04-07,Home,3,93.38,0.0,4
O013559,C02909,2024-04-25,Electronics,3,69.8,6.2,4
O013560,C02232,2024-05-02,Electronics,4,162.97,0.0,4
O013561,C02029,2024-10-11,Beauty,1,35.72,11.14,3
O013562,C01218,2024-07-13,Sports,5,224.8,0.0,5
O013563,C00272,2024-08-27,Electronics,1,9.28,11.92,4
O013564,C01324,2024-08-02,Beauty,1,22.96,12.93,4
O013565,C02244,2024-01-03,Electronics,2,74.66,8.49,2
O013566,C02953,2024-09-04,Clothing,2,56.9,10.55,2
O013567,C00331,2024-09-18,Electronics,5,179.99,0.0,2
O013568,C03558,2024-06-16,Electronics,5,274.37,0.0,3
O013569,C02668,2024-11-27,Beauty,5,109.21,0.0,1
O013570,C02547,2024-09-17,Clothing,2,62.24,6.37,3
O013571,C03472,2024-01-03,Clothing,4,102.24,0.0,4
O013572,C01828,2024-09-16,Sports,3,91.93,0.0,3
O013573,C01836,2024-08-03,Clothing,4,52.86,5.83,4
O013574,C02129,2024-09-17,Clothing,2,76.76,0.0,6
O013575,C04957,2024-02-26,Clothing,4,68.95,10.39,3
O013576,C03937,2024-12-20,Electronics,3,108.31,0.0,6
O013577,C02174,2024-06-18,Clothing,3,93.81,0.0,5
O013578,C03710,2024-03-23,Beauty,2,68.26,7.59,3
O013579,C00130,2024-07-18,Beauty,4,139.07,0.0,5
O013580,C01559,2024-06-04,Clothing,1,13.25,11.94,5
O013581,C02262,2024-11-06,Home,1,23.7,8.56,6
O013582,C03201,2024-10-05,Sports,1,41.14,12.07,3
O013583,C03725,2024-05-14,Clothing,2,81.17,0.0,6
O013584,C03534,2024-10-20,Home,2,81.08,0.0,5
O013585,C01804,2024-07-23,Electronics,2,55.69,10.62,5
O013586,C03129,2024-12-30,Clothing,3,71.16,9.36,4
O013587,C04694,2024-07-03,Electronics,3,47.0,5.07,6
O013588,C00615,2024-03-25,Electronics,1,39.51,7.53,3
O013589,C03411,2024-10-19,Clothing,6,230.35,0.0,5
O013590,C04519,2024-05-17,Electronics,6,275.31,0.0,1
O013591,C02382,2024-08-05,Clothing,3,95.81,0.0,5
O013592,C01865,2024-04-15,Clothing,3,121.76,0.0,4
O013593,C01953,2024-02-26,Clothing,1,9.89,12.46,4
O013594,C00688,2024-04-01,Clothing,2,58.32,5.92,5
O013595,C03928,2024-09-28,Clothing,1,6.3,9.26,7
O013596,C04243,2024-02-28,Electronics,3,173.17,0.0,1
O013597,C03508,2024-09-15,Home,3,34.06,8.04,3
O013598,C02060,2024-07-11,Clothing,2,70.48,9.7,7
O013599,C02909,2024-04-26,Home,2,75.78,0.0,4
O013600,C03305,2024-07-13,Clothing,3,56.13,11.11,3
O013601,C02210,2024-06-06,Home,4,85.99,0.0,3
O013602,C01618,2024-10-01,Beauty,2,34.17,6.62,5
O013603,C04043,2024-12-18,Beauty,3,108.08,0.0,7
O013604,C01900,2024-10-01,Home,2,65.28,5.18,5
O013605,C02035,2024-02-05,Clothing,3,158.57,0.0,4
O013606,C03572,2024-04-21,Sports,1,40.1,6.76,4
O013607,C03974,2024-08-16,Electronics,6,215.36,0.0,2
O013608,C02953,2024-07-15,Electronics,4,146.81,0.0,6
O013609,C04648,2024-11-11,Sports,6,276.86,0.0,4
O013610,C00726,2024-10-16,Home,3,34.43,7.75,3
O013611,C03504,2024-07-01,Home,1,52.35,12.38,3
O013612,C03528,2024-09-10,Home,4,104.32,0.0,6
O013613,C01178,2024-08-26,Electronics,3,27.01,5.42,5
O013614,C04086,2024-10-24,Electronics,4,95.61,0.0,2
O013615,C03410,2024-02-11,Electronics,4,205.78,0.0,4
O013616,C02341,2024-03-28,Clothing,3,118.96,0.0,4
O013617,C02484,2024-06-24,Sports,3,178.82,0.0,7
O013618,C04262,2024-10-04,Sports,2,74.71,10.35,4
O013619,C03042,2024-12-08,Clothing,6,208.6,0.0,1
O013620,C03524,2024-10-23,Beauty,3,96.21,0.0,2
O013621,C04880,2024-10-06,Electronics,2,38.61,9.72,4
O013622,C01560,2024-11-02,Beauty,3,85.42,0.0,5
O013623,C00401,2024-02-02,Home,2,70.57,6.41,5
O013624,C04211,2024-01-28,Sports,3,110.14,0.0,5
O013625,C04447,2024-07-27,Electronics,7,342.87,0.0,4
O013626,C03332,2024-03-30,Clothing,3,96.98,0.0,5
O013627,C02866,2024-03-22,Clothing,3,131.47,0.0,5
O013628,C04972,2024-09-04,Home,4,57.17,8.6,2
O013629,C01250,2024-11-30,Electronics,2,35.26,10.02,4
O013630,C00614,2024-12-23,Sports,3,70.74,9.97,3
O013631,C04227,2024-07-09,Home,3,136.53,0.0,5
O013632,C01955,2024-10-04,Sports,3,103.73,0.0,5
O013633,C04277,2024-01-18,Electronics,2,75.62,0.0,4
O013634,C00349,2024-07-31,Electronics,5,190.52,0.0,3
O013635,C02519,2024-07-29,Sports,4,158.18,0.0,4
O013636,C00161,2024-01-02,Clothing,1,37.19,7.85,4
O013637,C00114,2024-04-03,Electronics,7,231.24,0.0,3
O013638,C01486,2024-12-10,Sports,1,5.0,8.01,7
O013639,C01629,2024-10-21,Beauty,2,60.11,9.08,3
O013640,C04239,2024-01-17,Clothing,3,64.04,9.72,2
O013641,C03684,2024-08-26,Electronics,3,99.55,0.0,3
O013642,C02499,2024-01-16,Home,2,61.54,10.67,3
O013643,C01996,2024-06-03,Electronics,3,140.36,0.0,3
O013644,C02110,2024-06-25,Clothing,4,201.3,0.0,2
O013645,C00596,2024-05-10,Sports,4,75.91,0.0,3
O013646,C00940,2024-10-24,Beauty,7,190.19,0.0,6
O013647,C01300,2024-03-03,Beauty,2,47.08,12.6,5
O013648,C03751,2024-10-11,Electronics,6,215.64,0.0,3
O013649,C01153,2024-05-09,Electronics,3,137.91,0.0,4
O013650,C04460,2024-12-28,Clothing,7,143.29,0.0,5
O013651,C02095,2024-04-13,Home,6,214.43,0.0,3
O013652,C03017,2024-09-26,Sports,1,65.4,9.75,4
O013653,C01398,2024-09-24,Home,3,70.21,5.12,2
O013654,C02870,2024-10-06,Beauty,2,84.16,0.0,4
O013655,C04756,2024-01-28,Home,3,67.25,9.16,5
O013656,C01161,2024-08-04,Beauty,6,125.71,0.0,2
O013657,C00796,2024-12-22,Sports,3,150.72,0.0,7
O013658,C04131,2024-05-13,Electronics,2,94.21,0.0,4
O013659,C02918,2024-10-12,Electronics,4,63.53,7.28,1
O013660,C02540,2024-02-03,Sports,2,117.03,0.0,5
O013661,C04354,2024-07-29,Sports,1,30.29,8.93,3
O013662,C02435,2024-07-04,Electronics,6,257.0,0.0,3
O013663,C04366,2024-11-26,Beauty,2,65.08,10.4,4
O013664,C02001,2024-06-29,Home,3,112.21,0.0,2
O013665,C03119,2024-09-28,Clothing,5,202.23,0.0,4
O013666,C02742,2024-07-03,Clothing,1,40.96,5.03,6
O013667,C00954,2024-01-27,Clothing,4,199.53,0.0,4
O013668,C01726,2024-04-21,Home,4,50.14,6.71,1
O013669,C01511,2024-10-31,Beauty,2,69.34,9.79,3
O013670,C01587,2024-05-16,Home,2,70.0,9.5,4
O013671,C01742,2024-01-26,Clothing,2,120.02,0.0,2
O013672,C02459,2024-09-18,Electronics,1,47.52,10.57,2
O013673,C02893,2024-05-14,Clothing,5,146.06,0.0,3
O013674,C01975,2024-09-25,Sports,4,131.76,0.0,5
O013675,C01393,2024-06-25,Beauty,1,27.17,11.88,2
O013676,C03338,2024-01-10,Clothing,4,175.83,0.0,6
O013677,C02833,2024-10-25,Sports,5,66.55,12.6,6
O013678,C00790,2024-04-19,Clothing,3,90.32,0.0,5
O013679,C00300,2024-04-21,Home,3,95.23,0.0,4
O013680,C03851,2024-04-10,Home,7,314.08,0.0,3
O013681,C01322,2024-09-30,Clothing,5,155.28,0.0,2
O013682,C04470,2024-09-23,Clothing,1,75.0,11.93,4
O013683,C02110,2024-09-22,Electronics,2,115.55,0.0,6
O013684,C02386,2024-06-04,Clothing,2,15.45,11.47,3
O013685,C03447,2024-07-31,Electronics,2,122.22,0.0,6
O013686,C04570,2024-11-04,Clothing,3,76.37,0.0,4
O013687,C04208,2024-02-23,Home,4,121.27,0.0,4
O013688,C00619,2024-06-01,Sports,2,96.57,0.0,5
O013689,C04891,2024-09-18,Sports,3,121.7,0.0,3
O013690,C00883,2024-12-27,Clothing,2,87.59,0.0,3
O013691,C01704,2024-10-15,Electronics,5,194.18,0.0,3
O013692,C02796,2024-11-20,Clothing,2,34.71,7.06,4
O013693,C02420,2024-08-13,Clothing,3,126.39,0.0,4
O013694,C04692,2024-04-05,Clothing,4,125.34,0.0,6
O013695,C03829,2024-06-22,Sports,1,40.11,11.9,4
O013696,C00508,2024-12-09,Sports,5,63.72,8.23,4
O013697,C02036,2024-07-23,Home,8,474.32,0.0,4
O013698,C01418,2024-02-24,Clothing,1,19.5,7.02,1
O013699,C02861,2024-08-22,Clothing,1,38.04,9.37,3
O013700,C03580,2024-07-16,Sports,3,102.7,0.0,3
O013701,C02386,2024-08-13,Electronics,4,194.48,0.0,5
O013702,C01287,2024-11-02,Electronics,5,188.93,0.0,4
O013703,C00926,2024-10-07,Clothing,1,69.4,5.02,5
O013704,C00229,2024-04-14,Clothing,1,51.19,7.8,5
O013705,C01769,2024-10-05,Sports,3,100.56,0.0,5
O013706,C02422,2024-06-26,Sports,1,13.56,7.8,4
O013707,C04913,2024-10-28,Clothing,3,99.02,0.0,4
O013708,C03257,2024-07-23,Clothing,5,191.64,0.0,5
O013709,C04965,2024-08-07,Home,3,132.68,0.0,6
O013710,C04543,2024-05-20,Sports,2,70.09,12.32,3
O013711,C03153,2024-05-24,Beauty,4,123.95,0.0,1
O013712,C04894,2024-01-14,Electronics,2,88.22,0.0,5
O013713,C01234,2024-06-06,Beauty,4,90.24,0.0,2
O013714,C03036,2024-04-14,Sports,2,107.86,0.0,4
O013715,C02597,2024-08-17,Clothing,5,183.01,0.0,5
O013716,C01310,2024-10-15,Clothing,1,23.56,10.18,4
O013717,C00469,2024-04-29,Home,1,33.97,12.91,1
O013718,C02417,2024-06-30,Sports,1,13.79,7.09,5
O013719,C03796,2024-07-03,Electronics,1,30.48,7.07,4
O013720,C00854,2024-08-04,Home,2,77.08,0.0,5
O013721,C01124,2024-01-31,Clothing,3,37.05,11.54,1
O013722,C01621,2024-10-05,Clothing,3,63.88,11.36,5
O013723,C03032,2024-08-12,Home,3,93.48,0.0,4
O013724,C04821,2024-11-05,Clothing,3,79.66,0.0,9
O013725,C03975,2024-06-23,Electronics,3,118.6,0.0,3
O013726,C03030,2024-06-25,Sports,1,35.84,8.66,6
O013727,C01471,2024-03-24,Clothing,4,149.98,0.0,5
O013728,C02462,2024-02-25,Home,1,51.96,10.55,4
O013729,C00093,2024-04-01,Sports,7,314.69,0.0,6
O013730,C01277,2024-01-08,Clothing,2,65.54,9.28,2
O013731,C03722,2024-05-29,Clothing,3,125.17,0.0,2
O013732,C04657,2024-03-02,Home,3,99.0,0.0,8
O013733,C01657,2024-02-23,Sports,1,46.93,5.92,4
O013734,C03111,2024-06-11,Sports,1,33.66,9.14,2
O013735,C04642,2024-04-28,Sports,2,79.88,0.0,4
O013736,C03430,2024-04-17,Home,9,435.73,0.0,3
O013737,C04874,2024-12-09,Electronics,4,80.72,0.0,3
O013738,C00188,2024-09-27,Electronics,4,172.95,0.0,4
O013739,C04704,2024-04-23,Sports,5,86.78,0.0,4
O013740,C04771,2024-08-24,Clothing,4,85.15,0.0,1
O013741,C02346,2024-09-17,Clothing,5,217.14,0.0,3
O013742,C01104,2024-01-17,Beauty,2,80.78,0.0,4
O013743,C02227,2024-04-01,Sports,1,24.67,5.59,6
O013744,C01281,2024-04-26,Beauty,7,226.55,0.0,2
O013745,C04314,2024-12-23,Clothing,3,128.94,0.0,1
O013746,C04094,2024-08-06,Electronics,2,99.71,0.0,3
O013747,C02315,2024-05-28,Home,1,26.25,8.05,3
O013748,C01341,2024-12-22,Electronics,2,70.54,8.28,3
O013749,C00591,2024-02-20,Sports,2,96.36,0.0,3
O013750,C00679,2024-02-23,Clothing,7,153.78,0.0,6
O013751,C00616,2024-05-18,Home,4,142.75,0.0,7
O013752,C00850,2024-06-06,Electronics,1,33.35,5.18,4
O013753,C02008,2024-12-11,Electronics,3,91.73,0.0,4
O013754,C04823,2024-08-24,Home,1,19.26,5.25,5
O013755,C04171,2024-04-22,Home,4,100.42,0.0,4
O013756,C02785,2024-10-18,Sports,5,162.51,0.0,7
O013757,C00336,2024-12-11,Sports,3,106.96,0.0,5
O013758,C00804,2024-08-21,Beauty,5,197.21,0.0,3
O013759,C04951,2024-04-29,Electronics,2,84.48,0.0,6
O013760,C00363,2024-03-31,Clothing,7,301.53,0.0,4
O013761,C02022,2024-07-28,Electronics,1,43.53,12.52,5
O013762,C02570,2024-08-15,Home,3,63.33,9.73,6
O013763,C03031,2024-04-07,Home,1,50.9,8.63,2
O013764,C02076,2024-11-11,Electronics,5,171.23,0.0,5
O013765,C03387,2024-03-30,Sports,5,273.43,0.0,5
O013766,C00905,2024-10-04,Electronics,3,64.98,8.04,6
O013767,C04459,2024-01-24,Electronics,1,21.98,6.41,6
O013768,C02086,2024-03-15,Clothing,1,26.58,11.58,5
O013769,C02712,2024-11-11,Sports,1,37.57,11.2,5
O013770,C03705,2024-05-28,Sports,2,60.19,10.46,3
O013771,C00144,2024-12-01,Electronics,3,62.46,8.61,4
O013772,C03650,2024-06-12,Clothing,5,149.64,0.0,4
O013773,C03269,2024-01-07,Clothing,6,145.87,0.0,5
O013774,C01070,2024-02-22,Home,2,5.0,6.68,4
O013775,C02186,2024-06-04,Home,3,45.54,7.03,5
O013776,C02538,2024-10-06,Clothing,1,44.83,6.3,3
O013777,C04437,2024-11-04,Clothing,3,85.47,0.0,2
O013778,C00302,2024-09-25,Sports,2,40.42,8.89,5
O013779,C02166,2024-11-29,Electronics,1,48.47,5.96,5
O013780,C01761,2024-04-04,Clothing,5,80.93,0.0,4
O013781,C04247,2024-11-23,Electronics,5,206.11,0.0,3
O013782,C02655,2024-01-01,Home,1,44.24,11.07,4
O013783,C04868,2024-12-25,Beauty,5,157.66,0.0,4
O013784,C01449,2024-04-24,Home,4,137.57,0.0,4
O013785,C00632,2024-12-02,Electronics,3,171.96,0.0,3
O013786,C00362,2024-02-10,Clothing,5,189.43,0.0,2
O013787,C04192,2024-07-05,Clothing,2,112.65,0.0,5
O013788,C04388,2024-09-25,Home,4,166.49,0.0,4
O013789,C02075,2024-01-27,Electronics,2,76.3,0.0,6
O013790,C04401,2024-05-02,Clothing,1,18.62,11.33,2
O013791,C02771,2024-02-09,Home,4,117.59,0.0,2
O013792,C02918,2024-08-06,Sports,2,48.46,5.26,6
O013793,C00769,2024-09-10,Beauty,2,90.11,0.0,2
O013794,C00986,2024-07-04,Sports,1,53.36,7.32,2
O013795,C00205,2024-03-16,Beauty,5,223.49,0.0,2
O013796,C00867,2024-02-21,Beauty,3,126.25,0.0,2
O013797,C02626,2024-07-23,Sports,5,246.87,0.0,6
O013798,C00662,2024-12-01,Beauty,1,33.36,12.2,2
O013799,C00679,2024-10-16,Sports,3,115.38,0.0,2
O013800,C00300,2024-10-30,Electronics,1,38.85,9.15,4
O013801,C00258,2024-12-02,Sports,2,44.94,10.61,4
O013802,C02763,2024-06-15,Electronics,3,79.73,0.0,6
O013803,C00240,2024-09-19,Beauty,4,74.79,10.79,4
O013804,C03301,2024-09-18,Beauty,2,109.39,0.0,3
O013805,C03546,2024-08-13,Beauty,3,136.18,0.0,3
O013806,C02266,2024-11-04,Electronics,3,87.92,0.0,1
O013807,C02513,2024-01-01,Sports,5,108.12,0.0,5
O013808,C04291,2024-01-29,Electronics,8,371.18,0.0,4
O013809,C04452,2024-04-01,Electronics,2,111.76,0.0,2
O013810,C04661,2024-04-12,Beauty,5,187.74,0.0,3
O013811,C04404,2024-05-02,Sports,7,103.6,0.0,1
O013812,C00409,2024-04-11,Clothing,2,62.56,12.7,2
O013813,C00521,2024-12-19,Sports,3,85.76,0.0,3
O013814,C02533,2024-07-31,Home,4,85.49,0.0,5
O013815,C03885,2024-06-25,Clothing,2,63.19,7.47,6
O013816,C01877,2024-11-10,Sports,5,217.05,0.0,3
O013817,C02742,2024-02-14,Sports,5,217.67,0.0,4
O013818,C03533,2024-10-05,Home,5,116.61,0.0,5
O013819,C00651,2024-10-14,Beauty,4,121.94,0.0,5
O013820,C02845,2024-11-23,Beauty,2,82.59,0.0,1
O013821,C02159,2024-11-26,Electronics,2,71.63,8.97,4
O013822,C02652,2024-11-04,Clothing,3,108.1,0.0,4
O013823,C02268,2024-10-02,Electronics,3,147.61,0.0,4
O013824,C01029,2024-11-08,Beauty,1,59.47,12.46,4
O013825,C01556,2024-03-06,Home,4,116.87,0.0,3
O013826,C04765,2024-02-15,Clothing,2,70.16,9.06,2
O013827,C00513,2024-01-30,Sports,3,69.07,5.55,5
O013828,C01236,2024-07-15,Electronics,1,46.93,11.13,7
O013829,C00119,2024-09-19,Sports,3,78.99,0.0,2
O013830,C04481,2024-04-04,Electronics,1,33.62,6.46,1
O013831,C00260,2024-02-12,Clothing,4,117.45,0.0,4
O013832,C01199,2024-09-06,Clothing,2,75.64,0.0,4
O013833,C02150,2024-11-30,Sports,4,192.67,0.0,5
O013834,C02433,2024-02-05,Beauty,2,20.76,5.33,4
O013835,C00960,2024-05-08,Sports,4,204.7,0.0,4
O013836,C02949,2024-01-07,Electronics,1,38.62,6.94,6
O013837,C00566,2024-02-13,Home,4,40.0,9.75,5
O013838,C04103,2024-03-01,Sports,1,25.34,10.27,5
O013839,C04964,2024-01-26,Clothing,1,13.82,6.25,3
O013840,C02380,2024-12-28,Electronics,1,39.72,6.24,5
O013841,C03451,2024-12-28,Beauty,3,154.88,0.0,5
O013842,C00445,2024-04-30,Beauty,5,199.53,0.0,4
O013843,C03540,2024-06-06,Electronics,1,5.99,6.02,3
O013844,C02709,2024-09-13,Clothing,3,109.44,0.0,5
O013845,C02336,2024-03-03,Electronics,1,35.0,9.1,4
O013846,C01036,2024-09-27,Clothing,1,35.59,11.09,6
O013847,C03045,2024-11-06,Electronics,4,117.17,0.0,5
O013848,C01287,2024-11-08,Electronics,1,7.96,10.99,5
O013849,C01459,2024-04-26,Clothing,1,28.33,7.97,3
O013850,C02221,2024-10-02,Clothing,1,55.19,10.3,4
O013851,C01631,2024-12-10,Beauty,6,254.85,0.0,2
O013852,C04028,2024-06-26,Electronics,2,34.24,12.06,3
O013853,C03117,2024-04-26,Home,6,115.62,0.0,7
O013854,C02955,2024-06-12,Clothing,5,94.45,0.0,6
O013855,C04833,2024-08-30,Clothing,3,29.58,9.77,2
O013856,C04513,2024-06-13,Home,1,29.65,11.51,2
O013857,C00264,2024-06-22,Clothing,3,128.4,0.0,3
O013858,C04200,2024-04-28,Clothing,2,58.63,12.34,2
O013859,C00221,2024-08-24,Beauty,3,81.04,0.0,3
O013860,C00334,2024-06-03,Beauty,2,52.28,7.48,5
O013861,C04514,2024-05-26,Electronics,5,127.81,0.0,6
O013862,C01325,2024-03-23,Clothing,1,47.45,6.75,3
O013863,C02683,2024-09-28,Home,7,276.81,0.0,3
O013864,C00961,2024-11-05,Beauty,3,178.17,0.0,3
O013865,C01481,2024-07-31,Home,3,93.41,0.0,6
O013866,C00436,2024-08-12,Home,3,200.95,0.0,7
O013867,C02442,2024-08-21,Sports,2,81.13,0.0,4
O013868,C00043,2024-12-16,Beauty,3,95.57,0.0,8
O013869,C00966,2024-06-10,Clothing,3,122.17,0.0,4
O013870,C04107,2024-03-19,Clothing,2,67.17,12.89,1
O013871,C00216,2024-06-27,Home,2,47.2,6.67,7
O013872,C03236,2024-10-18,Sports,3,81.45,0.0,4
O013873,C04321,2024-05-06,Electronics,2,47.94,11.1,6
O013874,C02706,2024-06-29,Clothing,3,79.88,0.0,3
O013875,C00773,2024-03-30,Home,4,157.72,0.0,5
O013876,C01823,2024-04-03,Electronics,4,60.17,11.17,4
O013877,C04112,2024-03-29,Home,5,172.62,0.0,3
O013878,C03156,2024-09-24,Clothing,1,26.09,10.12,2
O013879,C03281,2024-09-05,Home,1,54.07,5.33,2
O013880,C00058,2024-06-29,Beauty,5,167.42,0.0,2
O013881,C04947,2024-03-01,Home,5,183.82,0.0,4
O013882,C03690,2024-05-26,Beauty,2,56.89,6.28,5
O013883,C04744,2024-04-28,Clothing,7,349.48,0.0,3
O013884,C01844,2024-07-02,Electronics,7,193.61,0.0,2
O013885,C00461,2024-09-21,Electronics,4,171.21,0.0,7
O013886,C03661,2024-10-07,Home,1,59.5,5.34,3
O013887,C00969,2024-02-23,Home,1,38.58,10.17,6
O013888,C03816,2024-04-21,Home,1,35.7,10.08,3
O013889,C02740,2024-06-23,Beauty,4,160.31,0.0,3
O013890,C00290,2024-10-23,Electronics,1,37.5,10.15,5
O013891,C03286,2024-06-27,Sports,3,126.31,0.0,3
O013892,C01121,2024-02-19,Sports,2,10.35,12.38,6
O013893,C00733,2024-04-26,Clothing,1,8.72,7.91,5
O013894,C03577,2024-01-27,Clothing,1,34.28,6.22,2
O013895,C03783,2024-11-06,Home,1,40.58,11.91,3
O013896,C04672,2024-07-09,Electronics,6,237.07,0.0,3
O013897,C04938,2024-12-28,Clothing,4,68.4,10.42,5
O013898,C02792,2024-06-11,Sports,5,228.16,0.0,5
O013899,C02039,2024-01-06,Electronics,4,132.76,0.0,1
O013900,C03519,2024-07-09,Home,7,229.13,0.0,6
O013901,C03856,2024-01-18,Electronics,3,127.73,0.0,3
O013902,C04059,2024-06-07,Electronics,2,65.87,6.53,6
O013903,C04436,2024-11-03,Sports,4,137.58,0.0,5
O013904,C03518,2024-05-23,Clothing,6,240.49,0.0,5
O013905,C02157,2024-07-13,Home,3,83.92,0.0,2
O013906,C02878,2024-08-17,Beauty,1,40.56,9.85,8
O013907,C01068,2024-07-08,Electronics,1,70.94,11.92,2
O013908,C04438,2024-12-02,Beauty,4,165.23,0.0,4
O013909,C03051,2024-06-28,Electronics,2,67.71,8.5,4
O013910,C03921,2024-05-12,Beauty,1,25.35,5.71,2
O013911,C01128,2024-07-26,Electronics,1,6.53,12.11,6
O013912,C04068,2024-05-24,Sports,2,67.75,6.43,6
O013913,C00991,2024-06-07,Electronics,5,214.44,0.0,4
O013914,C03487,2024-09-28,Home,1,10.75,6.01,3
O013915,C04728,2024-01-21,Home,5,140.21,0.0,6
O013916,C01426,2024-06-17,Sports,3,77.1,0.0,4
O013917,C01458,2024-10-21,Home,3,110.54,0.0,3
O013918,C03455,2024-10-19,Electronics,3,136.51,0.0,2
O013919,C01052,2024-11-04,Home,4,74.52,6.41,1
O013920,C02588,2024-11-25,Clothing,2,64.61,10.73,2
O013921,C03258,2024-10-14,Clothing,1,45.13,10.07,7
O013922,C02243,2024-10-07,Clothing,3,122.27,0.0,2
O013923,C04868,2024-03-04,Beauty,4,119.57,0.0,6
O013924,C00872,2024-12-24,Electronics,2,21.05,5.17,2
O013925,C00128,2024-08-16,Clothing,2,72.54,10.66,4
O013926,C00106,2024-04-11,Sports,1,51.88,8.6,4
O013927,C01407,2024-10-20,Clothing,3,85.76,0.0,4
O013928,C03795,2024-09-03,Beauty,4,209.51,0.0,3
O013929,C03421,2024-04-01,Clothing,3,7.03,10.39,4
O013930,C02362,2024-11-30,Beauty,3,102.99,0.0,6
O013931,C03595,2024-05-15,Clothing,2,87.13,0.0,5
O013932,C01001,2024-01-01,Home,2,77.5,0.0,5
O013933,C03432,2024-11-10,Home,4,125.41,0.0,4
O013934,C04480,2024-10-17,Electronics,2,88.78,0.0,5
O013935,C04113,2024-09-02,Home,2,49.01,8.3,5
O013936,C01394,2024-08-27,Beauty,3,114.58,0.0,4
O013937,C01872,2024-09-28,Clothing,4,174.02,0.0,6
O013938,C01090,2024-05-21,Sports,2,59.0,9.67,5
O013939,C04982,2024-01-05,Beauty,3,72.98,12.8,3
O013940,C04167,2024-12-01,Electronics,3,117.79,0.0,4
O013941,C03133,2024-10-03,Sports,2,62.02,9.0,1
O013942,C04540,2024-11-09,Sports,5,184.59,0.0,2
O013943,C03017,2024-02-26,Clothing,3,94.0,0.0,3
O013944,C02531,2024-05-18,Home,2,46.49,11.29,5
O013945,C03316,2024-11-22,Clothing,3,78.02,0.0,1
O013946,C03893,2024-04-30,Home,1,42.35,8.3,4
O013947,C02565,2024-06-25,Electronics,3,100.32,0.0,2
O013948,C01394,2024-12-29,Home,8,246.75,0.0,1
O013949,C03093,2024-06-09,Clothing,4,129.16,0.0,3
O013950,C02746,2024-05-31,Electronics,4,204.88,0.0,3
O013951,C00721,2024-02-07,Clothing,1,33.86,7.65,3
O013952,C04327,2024-11-30,Clothing,1,16.3,12.15,5
O013953,C03598,2024-02-19,Electronics,3,109.31,0.0,4
O013954,C04960,2024-08-22,Beauty,2,41.45,5.46,3
O013955,C03766,2024-03-29,Electronics,3,71.89,11.1,4
O013956,C03150,2024-03-04,Clothing,4,190.9,0.0,4
O013957,C03881,2024-07-27,Electronics,6,249.84,0.0,3
O013958,C04659,2024-08-12,Sports,4,116.39,0.0,4
O013959,C04865,2024-06-15,Electronics,1,41.08,10.18,5
O013960,C00290,2024-07-20,Home,1,36.86,10.38,5
O013961,C04019,2024-05-21,Beauty,5,107.33,0.0,4
O013962,C00395,2024-12-02,Home,2,35.78,7.61,4
O013963,C00376,2024-03-18,Clothing,2,96.35,0.0,4
O013964,C04878,2024-01-10,Clothing,1,51.19,10.46,6
O013965,C02140,2024-09-04,Home,2,60.61,7.3,6
O013966,C01975,2024-02-13,Beauty,5,198.55,0.0,4
O013967,C02459,2024-10-22,Home,3,120.47,0.0,5
O013968,C04502,2024-04-18,Clothing,3,96.59,0.0,3
O013969,C02680,2024-07-06,Clothing,4,108.29,0.0,3
O013970,C03610,2024-03-10,Electronics,3,43.96,12.3,5
O013971,C02201,2024-08-19,Sports,3,139.5,0.0,5
O013972,C04397,2024-01-31,Beauty,2,31.94,11.41,4
O013973,C00413,2024-10-19,Beauty,3,141.17,0.0,2
O013974,C01379,2024-07-04,Sports,3,87.96,0.0,8
O013975,C01094,2024-06-19,Beauty,7,232.28,0.0,2
O013976,C04687,2024-04-18,Beauty,6,139.72,0.0,4
O013977,C00711,2024-04-06,Home,8,111.1,0.0,1
O013978,C03451,2024-11-22,Clothing,2,72.66,9.94,3
O013979,C03487,2024-02-07,Clothing,4,79.99,0.0,6
O013980,C04893,2024-09-20,Beauty,5,179.11,0.0,2
O013981,C03500,2024-10-16,Home,3,102.81,0.0,5
O013982,C03228,2024-05-24,Clothing,4,194.35,0.0,4
O013983,C01612,2024-01-17,Clothing,1,56.44,11.05,2
O013984,C00731,2024-04-03,Sports,5,175.44,0.0,4
O013985,C00610,2024-12-03,Home,3,86.36,0.0,2
O013986,C02341,2024-02-22,Sports,1,24.85,5.06,2
O013987,C01468,2024-11-15,Home,1,39.67,10.69,2
O013988,C01559,2024-04-18,Home,4,141.94,0.0,5
O013989,C02520,2024-02-26,Sports,3,81.45,0.0,6
O013990,C00230,2024-05-27,Electronics,1,47.98,10.9,2
O013991,C04453,2024-03-01,Clothing,2,27.84,9.75,5
O013992,C00541,2024-01-25,Electronics,3,88.85,0.0,4
O013993,C02875,2024-03-18,Beauty,5,191.23,0.0,5
O013994,C00936,2024-01-27,Home,5,181.75,0.0,3
O013995,C03093,2024-04-08,Clothing,4,135.29,0.0,5
O013996,C03647,2024-01-28,Clothing,1,31.53,10.01,3
O013997,C02693,2024-05-13,Electronics,1,52.97,8.36,4
O013998,C04623,2024-10-23,Clothing,4,123.83,0.0,5
O013999,C03070,2024-11-10,Beauty,3,89.32,0.0,4
O014000,C04719,2024-08-10,Beauty,1,29.9,12.99,4
O014001,C02899,2024-11-29,Beauty,3,87.93,0.0,3
O014002,C03408,2024-07-07,Electronics,3,74.55,8.15,6
O014003,C04520,2024-10-31,Electronics,1,6.29,12.74,7
O014004,C01899,2024-12-29,Clothing,5,149.51,0.0,8
O014005,C00004,2024-12-21,Clothing,3,83.13,0.0,6
O014006,C04565,2024-09-17,Clothing,2,56.24,6.68,3
O014007,C04760,2024-09-23,Sports,4,188.68,0.0,4
O014008,C03626,2024-12-07,Sports,1,52.79,7.68,5
O014009,C02935,2024-08-22,Electronics,1,38.51,5.33,3
O014010,C04634,2024-02-09,Beauty,4,156.05,0.0,2
O014011,C02408,2024-04-23,Clothing,4,116.13,0.0,5
O014012,C02568,2024-11-21,Sports,2,95.39,0.0,5
O014013,C01097,2024-06-15,Home,4,151.13,0.0,6
O014014,C01986,2024-11-21,Electronics,1,59.48,5.7,1
O014015,C03150,2024-04-19,Electronics,4,65.01,12.5,4
O014016,C01358,2024-01-20,Clothing,7,403.44,0.0,1
O014017,C00079,2024-08-17,Home,5,117.58,0.0,3
O014018,C01575,2024-09-25,Home,2,65.22,5.56,6
O014019,C01606,2024-10-31,Home,4,132.41,0.0,4
O014020,C04252,2024-03-16,Beauty,1,41.86,11.1,4
O014021,C04976,2024-09-21,Beauty,1,14.62,11.51,3
O014022,C02987,2024-11-10,Clothing,4,154.96,0.0,5
O014023,C00028,2024-04-25,Electronics,6,182.08,0.0,3
O014024,C01911,2024-01-03,Electronics,3,120.58,0.0,6
O014025,C04706,2024-01-11,Beauty,3,100.63,0.0,3
O014026,C01353,2024-09-17,Home,3,70.17,5.97,5
O014027,C03735,2024-05-31,Clothing,3,118.05,0.0,5
O014028,C00419,2024-07-16,Beauty,2,80.04,0.0,1
O014029,C04118,2024-03-22,Sports,4,104.94,0.0,2
O014030,C00261,2024-05-04,Home,3,138.02,0.0,5
O014031,C02108,2024-08-17,Electronics,3,60.05,10.12,4
O014032,C02985,2024-05-13,Sports,4,108.83,0.0,5
O014033,C04292,2024-03-26,Clothing,1,46.44,9.38,7
O014034,C00905,2024-10-24,Clothing,1,37.77,6.03,3
O014035,C02227,2024-02-12,Sports,5,257.63,0.0,3
O014036,C03854,2024-07-22,Beauty,4,124.99,0.0,2
O014037,C04421,2024-10-07,Beauty,3,89.49,0.0,4
O014038,C00568,2024-01-18,Electronics,1,14.93,7.36,3
O014039,C00779,2024-07-09,Clothing,2,77.11,0.0,2
O014040,C00926,2024-08-10,Sports,3,94.37,0.0,6
O014041,C03239,2024-12-27,Beauty,1,39.83,8.72,6
O014042,C03480,2024-09-13,Sports,2,14.74,5.14,6
O014043,C01616,2024-01-15,Clothing,3,60.41,6.28,2
O014044,C01850,2024-06-30,Beauty,4,163.33,0.0,7
O014045,C01944,2024-02-03,Sports,6,232.1,0.0,4
O014046,C02371,2024-06-28,Clothing,4,84.33,0.0,3
O014047,C00042,2024-01-02,Electronics,1,43.05,10.51,4
O014048,C03191,2024-05-30,Electronics,1,17.08,8.38,1
O014049,C04670,2024-04-19,Clothing,5,238.74,0.0,5
O014050,C01821,2024-11-02,Beauty,4,147.99,0.0,4
O014051,C00441,2024-10-28,Clothing,5,179.52,0.0,4
O014052,C00104,2024-12-18,Home,4,161.92,0.0,6
O014053,C00569,2024-04-15,Sports,2,90.06,0.0,6
O014054,C00457,2024-09-11,Clothing,3,137.97,0.0,5
O014055,C00311,2024-01-14,Sports,2,45.73,12.57,7
O014056,C01908,2024-09-29,Electronics,6,187.48,0.0,4
O014057,C01708,2024-05-23,Clothing,2,94.3,0.0,3
O014058,C03456,2024-07-25,Clothing,3,87.32,0.0,6
O014059,C01692,2024-04-16,Clothing,3,128.88,0.0,3
O014060,C04503,2024-09-03,Home,3,115.88,0.0,3
O014061,C02893,2024-08-10,Clothing,7,266.33,0.0,5
O014062,C00581,2024-09-24,Clothing,4,168.08,0.0,4
O014063,C02016,2024-08-12,Clothing,3,139.6,0.0,3
O014064,C04056,2024-03-15,Sports,4,151.74,0.0,4
O014065,C02645,2024-02-12,Clothing,1,37.9,6.3,3
O014066,C01861,2024-05-12,Clothing,2,79.18,0.0,3
O014067,C03685,2024-10-09,Electronics,4,157.84,0.0,5
O014068,C03876,2024-02-25,Clothing,4,144.78,0.0,4
O014069,C03292,2024-07-26,Clothing,3,134.28,0.0,4
O014070,C03232,2024-08-14,Clothing,4,104.44,0.0,4
O014071,C00187,2024-04-13,Electronics,7,197.37,0.0,4
O014072,C02944,2024-12-01,Sports,1,32.94,12.87,3
O014073,C04028,2024-03-08,Home,4,71.76,6.5,2
O014074,C01623,2024-09-06,Home,1,46.14,5.95,7
O014075,C02512,2024-03-31,Home,3,111.96,0.0,6
O014076,C02378,2024-09-27,Clothing,3,87.92,0.0,2
O014077,C01891,2024-01-26,Beauty,6,167.33,0.0,2
O014078,C04586,2024-07-25,Clothing,2,75.84,0.0,4
O014079,C00280,2024-09-08,Clothing,3,119.27,0.0,5
O014080,C00855,2024-01-10,Electronics,1,62.19,12.24,4
O014081,C00398,2024-04-07,Electronics,3,76.06,0.0,1
O014082,C04524,2024-04-11,Home,3,119.13,0.0,5
O014083,C03504,2024-05-15,Home,1,11.54,5.28,3
O014084,C04471,2024-12-01,Home,3,110.24,0.0,2
O014085,C03872,2024-08-08,Beauty,1,32.05,7.71,5
O014086,C03796,2024-02-01,Beauty,3,49.19,7.74,6
O014087,C00632,2024-10-03,Clothing,4,112.83,0.0,3
O014088,C03037,2024-04-05,Clothing,2,103.68,0.0,3
O014089,C04793,2024-10-27,Clothing,6,197.43,0.0,5
O014090,C00928,2024-09-24,Electronics,1,27.18,5.38,3
O014091,C02028,2024-06-24,Electronics,1,45.4,8.66,3
O014092,C01666,2024-04-12,Beauty,1,41.6,9.34,5
O014093,C00078,2024-07-05,Clothing,1,20.78,7.84,6
O014094,C04584,2024-11-25,Clothing,2,67.0,7.93,3
O014095,C03242,2024-11-21,Beauty,2,53.98,8.14,3
O014096,C01062,2024-02-06,Clothing,2,63.07,10.47,5
O014097,C03362,2024-07-28,Clothing,2,91.07,0.0,3
O014098,C04267,2024-09-11,Clothing,4,192.52,0.0,2
O014099,C04738,2024-05-10,Clothing,2,45.41,8.04,5
O014100,C01700,2024-11-20,Sports,3,115.96,0.0,5
O014101,C00292,2024-04-07,Clothing,3,108.19,0.0,2
O014102,C00581,2024-02-02,Electronics,4,186.23,0.0,3
O014103,C04518,2024-02-05,Clothing,4,137.64,0.0,5
O014104,C04201,2024-08-24,Sports,1,38.33,7.7,2
O014105,C00880,2024-01-03,Electronics,3,76.96,0.0,4
O014106,C01483,2024-05-10,Electronics,4,136.3,0.0,8
O014107,C02296,2024-08-07,Electronics,2,41.87,9.75,3
O014108,C03445,2024-12-27,Home,4,152.47,0.0,6
O014109,C01130,2024-06-30,Electronics,3,148.73,0.0,5
O014110,C00315,2024-01-28,Sports,3,151.32,0.0,7
O014111,C00609,2024-01-26,Sports,5,88.15,0.0,3
O014112,C03926,2024-06-05,Sports,3,139.47,0.0,5
O014113,C02993,2024-01-10,Home,2,46.49,7.18,4
O014114,C02587,2024-04-18,Electronics,1,71.89,7.68,3
O014115,C02120,2024-11-13,Electronics,4,184.15,0.0,4
O014116,C00378,2024-04-05,Home,3,137.89,0.0,4
O014117,C00134,2024-05-25,Home,3,72.39,7.34,5
O014118,C03246,2024-06-29,Home,3,157.84,0.0,2
O014119,C01817,2024-07-28,Sports,4,135.18,0.0,4
O014120,C04489,2024-12-07,Home,3,64.68,6.51,4
O014121,C03136,2024-05-24,Clothing,2,87.19,0.0,4
O014122,C04511,2024-02-18,Electronics,4,174.06,0.0,5
O014123,C01137,2024-06-02,Home,1,50.28,12.58,3
O014124,C01752,2024-09-17,Electronics,4,109.01,0.0,5
O014125,C04962,2024-11-24,Sports,4,52.49,9.39,5
O014126,C00290,2024-02-13,Electronics,1,24.38,7.77,4
O014127,C01507,2024-08-23,Clothing,4,161.62,0.0,2
O014128,C01339,2024-04-30,Beauty,1,14.03,8.06,1
O014129,C02892,2024-09-04,Clothing,6,151.11,0.0,6
O014130,C04974,2024-01-07,Electronics,1,65.84,9.68,5
O014131,C01985,2024-01-20,Electronics,2,69.27,12.25,3
O014132,C00752,2024-07-02,Home,1,24.43,10.31,3
O014133,C03590,2024-12-29,Electronics,2,60.68,9.94,4
O014134,C00749,2024-07-18,Clothing,4,203.24,0.0,6
O014135,C00365,2024-09-10,Clothing,8,266.39,0.0,5
O014136,C00267,2024-09-01,Beauty,1,46.17,12.62,4
O014137,C04502,2024-03-04,Home,3,128.56,0.0,5
O014138,C03822,2024-10-25,Clothing,6,331.67,0.0,7
O014139,C04235,2024-10-26,Electronics,7,186.22,0.0,2
O014140,C01189,2024-06-01,Clothing,6,141.85,0.0,6
O014141,C03178,2024-01-17,Clothing,1,61.79,11.71,2
O014142,C03221,2024-02-08,Clothing,4,151.23,0.0,4
O014143,C02831,2024-06-01,Clothing,5,171.27,0.0,3
O014144,C04967,2024-12-20,Clothing,3,73.9,6.39,5
O014145,C00703,2024-10-21,Electronics,6,153.16,0.0,6
O014146,C01699,2024-02-08,Clothing,1,27.01,5.65,5
O014147,C00201,2024-07-05,Electronics,6,253.7,0.0,1
O014148,C04714,2024-08-25,Home,3,48.8,5.79,5
O014149,C03799,2024-09-28,Clothing,5,200.23,0.0,5
O014150,C02014,2024-11-04,Clothing,3,101.09,0.0,5
O014151,C04953,2024-12-27,Sports,1,48.35,7.38,2
O014152,C03542,2024-06-05,Clothing,5,194.07,0.0,4
O014153,C02010,2024-08-18,Electronics,3,155.87,0.0,3
O014154,C03506,2024-07-12,Electronics,4,138.57,0.0,6
O014155,C03101,2024-09-06,Home,4,64.0,7.8,2
O014156,C04160,2024-09-22,Sports,6,149.44,0.0,3
O014157,C03738,2024-01-02,Home,3,29.35,5.56,2
O014158,C01712,2024-05-20,Sports,3,133.9,0.0,6
O014159,C04347,2024-06-30,Clothing,1,38.57,9.72,2
O014160,C01730,2024-01-02,Home,4,114.57,0.0,1
O014161,C03351,2024-06-18,Electronics,4,75.34,0.0,6
O014162,C04135,2024-09-26,Beauty,4,169.94,0.0,5
O014163,C00069,2024-11-02,Home,2,114.19,0.0,3
O014164,C04373,2024-12-29,Sports,1,36.16,12.33,3
O014165,C03192,2024-02-18,Home,3,131.21,0.0,6
O014166,C01110,2024-10-11,Clothing,3,63.54,10.4,1
O014167,C03019,2024-11-15,Clothing,2,42.9,8.11,2
O014168,C02654,2024-10-05,Sports,5,125.87,0.0,5
O014169,C00341,2024-10-05,Sports,2,71.37,7.42,3
O014170,C00421,2024-09-28,Clothing,1,5.0,7.96,5
O014171,C02276,2024-02-13,Electronics,3,121.98,0.0,6
O014172,C01919,2024-02-29,Clothing,1,13.73,11.73,6
O014173,C00473,2024-07-17,Sports,1,68.12,10.01,5
O014174,C02136,2024-04-18,Beauty,4,217.21,0.0,3
O014175,C03422,2024-03-05,Sports,3,152.34,0.0,6
O014176,C04963,2024-06-21,Electronics,2,113.51,0.0,3
O014177,C03029,2024-12-18,Electronics,3,122.65,0.0,5
O014178,C02088,2024-04-07,Home,4,106.44,0.0,6
O014179,C03359,2024-05-08,Beauty,2,72.66,12.77,5
O014180,C00256,2024-09-24,Electronics,4,227.32,0.0,3
O014181,C03870,2024-03-27,Home,4,175.43,0.0,3
O014182,C01444,2024-03-29,Sports,6,188.7,0.0,5
O014183,C00539,2024-12-09,Sports,4,120.51,0.0,2
O014184,C03388,2024-08-16,Clothing,1,20.55,10.71,3
O014185,C01824,2024-05-09,Clothing,4,138.99,0.0,4
O014186,C00858,2024-05-11,Clothing,8,238.92,0.0,4
O014187,C00132,2024-09-09,Beauty,4,130.92,0.0,3
O014188,C02916,2024-04-19,Clothing,2,58.32,11.92,1
O014189,C04837,2024-10-23,Clothing,4,140.45,0.0,4
O014190,C02587,2024-10-20,Home,5,154.54,0.0,6
O014191,C03375,2024-08-02,Beauty,3,91.99,0.0,4
O014192,C02032,2024-11-07,Electronics,2,56.93,11.67,5
O014193,C01926,2024-07-22,Beauty,3,117.49,0.0,3
O014194,C02002,2024-01-24,Electronics,2,26.56,6.7,4
O014195,C04378,2024-04-02,Sports,1,17.09,7.83,2
O014196,C02328,2024-06-17,Electronics,1,29.15,9.25,7
O014197,C03572,2024-01-28,Electronics,3,81.36,0.0,2
O014198,C03372,2024-11-13,Home,1,23.94,9.03,7
O014199,C03982,2024-07-08,Clothing,1,5.0,9.78,7
O014200,C00666,2024-09-22,Home,2,47.54,12.27,3
O014201,C01647,2024-10-11,Electronics,4,145.69,0.0,4
O014202,C04567,2024-03-03,Clothing,4,216.04,0.0,4
O014203,C04508,2024-03-27,Home,1,68.87,9.24,6
O014204,C04609,2024-01-07,Clothing,5,254.31,0.0,4
O014205,C01164,2024-06-03,Clothing,3,102.34,0.0,6
O014206,C02926,2024-01-20,Home,1,42.34,11.91,2
O014207,C04515,2024-09-08,Sports,5,241.14,0.0,4
O014208,C03999,2024-12-13,Clothing,3,105.62,0.0,1
O014209,C00825,2024-02-19,Clothing,1,26.84,9.47,3
O014210,C00733,2024-07-07,Home,5,164.01,0.0,3
O014211,C04487,2024-03-07,Sports,1,18.73,5.72,3
O014212,C01588,2024-12-30,Clothing,3,113.46,0.0,4
O014213,C03665,2024-07-20,Home,2,57.32,10.39,5
O014214,C04757,2024-04-08,Sports,2,63.2,12.59,4
O014215,C00027,2024-05-28,Sports,2,91.04,0.0,3
O014216,C02671,2024-06-08,Sports,1,37.88,10.9,5
O014217,C00884,2024-10-30,Clothing,5,147.4,0.0,3
O014218,C00127,2024-06-14,Clothing,2,39.4,7.5,5
O014219,C01480,2024-01-28,Clothing,4,143.43,0.0,5
O014220,C02329,2024-07-06,Clothing,3,218.17,0.0,6
O014221,C00319,2024-11-21,Clothing,3,108.53,0.0,2
O014222,C02489,2024-11-09,Electronics,7,148.66,0.0,4
O014223,C00341,2024-07-16,Home,1,18.93,12.03,2
O014224,C04790,2024-07-27,Home,3,88.1,0.0,1
O014225,C04215,2024-09-22,Sports,5,249.34,0.0,4
O014226,C04874,2024-09-14,Sports,4,94.25,0.0,6
O014227,C04096,2024-09-13,Electronics,2,108.4,0.0,6
O014228,C04481,2024-12-01,Beauty,4,74.89,8.21,4
O014229,C01606,2024-12-11,Home,3,80.26,0.0,4
O014230,C04182,2024-08-20,Electronics,4,94.96,0.0,5
O014231,C02409,2024-07-22,Electronics,4,82.91,0.0,3
O014232,C03054,2024-03-13,Clothing,4,123.96,0.0,3
O014233,C02840,2024-01-13,Home,2,77.33,0.0,5
O014234,C01109,2024-03-11,Clothing,5,122.88,0.0,7
O014235,C04455,2024-01-01,Sports,5,173.76,0.0,5
O014236,C03205,2024-06-07,Clothing,2,47.16,9.9,5
O014237,C03213,2024-08-03,Sports,5,155.12,0.0,2
O014238,C04543,2024-07-13,Electronics,4,153.09,0.0,3
O014239,C01926,2024-11-07,Clothing,3,77.61,0.0,3
O014240,C01079,2024-01-04,Sports,1,78.46,0.0,4
O014241,C04401,2024-09-09,Home,5,139.83,0.0,5
O014242,C01977,2024-10-10,Sports,6,139.6,0.0,4
O014243,C02819,2024-10-26,Electronics,1,49.57,11.33,4
O014244,C04630,2024-01-30,Clothing,3,90.5,0.0,2
O014245,C02083,2024-10-18,Clothing,2,47.52,5.74,2
O014246,C03561,2024-04-15,Sports,1,17.1,5.75,6
O014247,C02730,2024-05-01,Home,2,81.22,0.0,4
O014248,C01164,2024-07-14,Electronics,1,35.54,11.76,4
O014249,C01015,2024-07-21,Electronics,2,86.28,0.0,4
O014250,C04737,2024-09-16,Clothing,3,136.51,0.0,3
O014251,C03445,2024-09-23,Beauty,1,23.33,9.65,5
O014252,C00759,2024-08-28,Beauty,4,160.36,0.0,1
O014253,C03095,2024-02-22,Home,3,119.04,0.0,2
O014254,C04380,2024-05-03,Sports,2,96.98,0.0,3
O014255,C00113,2024-03-28,Electronics,5,180.68,0.0,5
O014256,C02421,2024-11-05,Beauty,3,86.87,0.0,4
O014257,C04293,2024-08-31,Beauty,4,66.31,12.34,7
O014258,C04989,2024-12-05,Clothing,6,222.19,0.0,5
O014259,C00822,2024-02-14,Beauty,4,108.01,0.0,6
O014260,C03640,2024-03-04,Clothing,2,73.58,5.27,3
O014261,C02446,2024-07-04,Clothing,3,106.54,0.0,4
O014262,C02200,2024-01-13,Clothing,1,35.74,7.16,3
O014263,C04287,2024-07-27,Home,5,226.32,0.0,3
O014264,C01820,2024-02-21,Home,6,214.66,0.0,4
O014265,C00277,2024-12-03,Electronics,3,81.02,0.0,3
O014266,C01267,2024-04-16,Electronics,5,151.15,0.0,5
O014267,C00276,2024-01-09,Clothing,2,5.0,8.23,4
O014268,C02912,2024-04-21,Electronics,3,147.52,0.0,3
O014269,C01331,2024-04-29,Clothing,1,5.0,7.44,3
O014270,C01894,2024-03-07,Sports,1,46.91,8.59,4
O014271,C02344,2024-03-22,Home,4,138.11,0.0,5
O014272,C03306,2024-07-20,Clothing,1,6.83,5.53,4
O014273,C02389,2024-07-03,Electronics,1,44.58,7.01,5
O014274,C00593,2024-12-22,Clothing,4,180.61,0.0,5
O014275,C04979,2024-06-05,Sports,3,104.11,0.0,5
O014276,C01388,2024-04-25,Clothing,2,63.71,12.42,6
O014277,C03996,2024-04-23,Electronics,2,72.88,5.31,2
O014278,C01535,2024-05-12,Clothing,2,71.02,9.5,2
O014279,C04110,2024-09-04,Beauty,5,145.6,0.0,6
O014280,C01064,2024-04-20,Sports,3,87.99,0.0,4
O014281,C03106,2024-08-19,Electronics,2,53.15,9.77,7
O014282,C03905,2024-02-28,Clothing,2,72.45,6.51,4
O014283,C03306,2024-10-17,Sports,3,132.45,0.0,5
O014284,C01904,2024-09-17,Clothing,2,32.5,10.61,4
O014285,C03362,2024-02-19,Clothing,1,9.44,12.43,4
O014286,C00855,2024-11-11,Sports,2,63.11,7.55,3
O014287,C03505,2024-09-27,Clothing,3,58.22,8.46,3
O014288,C02896,2024-12-29,Electronics,3,92.58,0.0,5
O014289,C04051,2024-04-12,Clothing,1,64.53,9.72,4
O014290,C03813,2024-05-31,Home,1,31.39,9.94,4
O014291,C01916,2024-01-21,Clothing,3,145.97,0.0,6
O014292,C02999,2024-09-14,Home,1,5.0,5.84,4
O014293,C01342,2024-07-29,Clothing,1,32.21,8.77,3
O014294,C02688,2024-03-22,Sports,7,345.06,0.0,3
O014295,C01862,2024-01-10,Beauty,3,105.02,0.0,5
O014296,C02456,2024-06-13,Clothing,1,54.18,5.62,3
O014297,C03793,2024-05-30,Home,4,143.16,0.0,4
O014298,C02864,2024-06-21,Electronics,6,246.99,0.0,3
O014299,C03152,2024-03-05,Clothing,4,126.72,0.0,4
O014300,C03879,2024-09-06,Home,6,156.96,0.0,4
O014301,C03063,2024-11-12,Sports,1,61.03,10.64,5
O014302,C01309,2024-04-27,Beauty,2,27.23,11.87,5
O014303,C01702,2024-05-13,Clothing,2,49.65,9.96,3
O014304,C04414,2024-01-18,Sports,4,128.88,0.0,5
O014305,C04506,2024-12-12,Clothing,1,64.53,10.25,5
O014306,C03214,2024-09-11,Beauty,4,113.74,0.0,6
O014307,C02019,2024-06-16,Home,8,172.47,0.0,5
O014308,C00247,2024-01-17,Sports,3,131.72,0.0,5
O014309,C02225,2024-01-10,Clothing,1,59.38,6.35,5
O014310,C02859,2024-08-17,Electronics,1,25.63,8.93,4
O014311,C01368,2024-01-31,Clothing,2,48.19,11.21,1
O014312,C04360,2024-08-02,Clothing,2,77.04,0.0,3
O014313,C04264,2024-11-01,Sports,2,100.47,0.0,3
O014314,C00703,2024-12-05,Clothing,4,180.82,0.0,3
O014315,C01924,2024-05-30,Clothing,2,102.79,0.0,2
O014316,C01551,2024-02-14,Sports,4,139.9,0.0,4
O014317,C01334,2024-07-25,Sports,4,73.15,12.15,3
O014318,C01799,2024-05-18,Electronics,1,38.82,5.94,5
O014319,C03456,2024-11-29,Beauty,1,36.02,9.44,2
O014320,C03366,2024-09-25,Home,14,630.85,0.0,3
O014321,C00664,2024-08-01,Electronics,7,226.59,0.0,5
O014322,C02628,2024-06-10,Electronics,5,96.55,0.0,5
O014323,C02085,2024-12-22,Sports,2,73.02,5.64,3
O014324,C02936,2024-07-21,Clothing,2,48.43,6.62,1
O014325,C04643,2024-01-10,Beauty,5,185.46,0.0,2
O014326,C04742,2024-12-15,Electronics,4,196.61,0.0,7
O014327,C04974,2024-03-16,Beauty,2,80.41,0.0,3
O014328,C04769,2024-08-21,Home,4,200.75,0.0,4
O014329,C04468,2024-08-20,Electronics,1,34.79,7.31,6
O014330,C04832,2024-08-13,Clothing,2,28.84,10.13,4
O014331,C02150,2024-08-04,Sports,4,130.8,0.0,6
O014332,C03427,2024-10-18,Clothing,4,60.9,10.23,4
O014333,C00480,2024-01-04,Electronics,5,188.66,0.0,5
O014334,C02958,2024-05-28,Home,1,5.55,10.72,1
O014335,C03731,2024-07-07,Electronics,2,37.17,11.01,2
O014336,C01351,2024-04-03,Beauty,3,135.31,0.0,4
O014337,C04013,2024-02-07,Sports,2,82.39,0.0,8
O014338,C00700,2024-03-16,Electronics,4,155.81,0.0,3
O014339,C02648,2024-10-21,Clothing,1,34.43,8.0,7
O014340,C01722,2024-03-29,Sports,3,93.39,0.0,5
O014341,C03160,2024-11-05,Beauty,3,146.71,0.0,4
O014342,C00334,2024-11-13,Electronics,2,51.25,7.54,4
O014343,C00664,2024-10-01,Electronics,4,154.04,0.0,7
O014344,C00779,2024-01-02,Sports,5,108.28,0.0,3
O014345,C01224,2024-05-29,Clothing,5,145.9,0.0,5
O014346,C03455,2024-04-03,Home,6,193.24,0.0,3
O014347,C03500,2024-11-08,Electronics,2,43.93,10.87,3
O014348,C02498,2024-04-09,Electronics,1,5.0,8.69,5
O014349,C00941,2024-09-15,Clothing,4,114.87,0.0,3
O014350,C02634,2024-10-05,Clothing,1,53.87,10.94,4
O014351,C01017,2024-01-04,Home,6,136.37,0.0,2
O014352,C04601,2024-03-18,Sports,1,5.0,6.71,4
O014353,C04534,2024-07-16,Beauty,3,85.94,0.0,4
O014354,C03722,2024-11-21,Home,1,43.28,10.43,6
O014355,C00006,2024-06-13,Electronics,8,198.16,0.0,2
O014356,C02267,2024-01-07,Beauty,5,210.7,0.0,6
O014357,C03988,2024-01-01,Home,3,51.55,7.69,3
O014358,C03793,2024-03-28,Clothing,4,137.11,0.0,4
O014359,C00513,2024-06-28,Beauty,4,148.16,0.0,3
O014360,C04965,2024-01-10,Beauty,2,71.14,12.45,2
O014361,C03261,2024-05-13,Home,2,70.74,7.22,6
O014362,C00975,2024-04-19,Home,1,56.53,5.98,4
O014363,C02817,2024-05-04,Clothing,4,174.43,0.0,6
O014364,C00977,2024-07-25,Clothing,3,161.21,0.0,3
O014365,C02734,2024-10-27,Electronics,4,169.44,0.0,7
O014366,C00621,2024-05-19,Beauty,2,69.49,8.18,5
O014367,C04651,2024-04-12,Sports,1,5.0,10.61,2
O014368,C04646,2024-04-20,Sports,5,133.64,0.0,5
O014369,C03842,2024-03-10,Home,5,244.25,0.0,4
O014370,C00594,2024-04-19,Home,3,98.17,0.0,3
O014371,C01420,2024-08-11,Home,4,151.22,0.0,1
O014372,C01943,2024-08-11,Clothing,5,141.42,0.0,2
O014373,C00623,2024-08-06,Beauty,4,138.59,0.0,6
O014374,C03849,2024-08-26,Electronics,1,33.93,10.61,4
O014375,C04530,2024-04-28,Clothing,5,208.19,0.0,4
O014376,C03920,2024-11-26,Sports,6,155.96,0.0,1
O014377,C00318,2024-08-01,Electronics,3,38.65,8.44,4
O014378,C02583,2024-02-05,Sports,3,100.95,0.0,3
O014379,C01525,2024-12-08,Beauty,1,33.91,5.18,7
O014380,C00893,2024-12-22,Home,8,273.49,0.0,5
O014381,C00628,2024-10-05,Home,3,73.35,6.11,3
O014382,C04254,2024-09-12,Clothing,1,5.0,12.17,6
O014383,C03022,2024-06-03,Electronics,2,52.87,9.51,4
O014384,C01455,2024-09-27,Home,7,207.29,0.0,3
O014385,C02772,2024-02-11,Clothing,4,168.0,0.0,3
O014386,C00553,2024-01-29,Clothing,2,86.73,0.0,5
O014387,C03591,2024-07-01,Clothing,3,92.25,0.0,3
O014388,C04958,2024-07-21,Clothing,2,124.25,0.0,4
O014389,C02506,2024-02-18,Electronics,5,168.87,0.0,1
O014390,C02086,2024-11-22,Sports,2,71.37,5.51,3
O014391,C00676,2024-11-26,Home,3,150.2,0.0,2
O014392,C01594,2024-02-23,Clothing,6,232.13,0.0,6
O014393,C04398,2024-08-09,Electronics,1,29.81,5.29,3
O014394,C02683,2024-12-17,Beauty,2,90.54,0.0,5
O014395,C03779,2024-12-25,Clothing,5,127.17,0.0,3
O014396,C03265,2024-02-06,Home,3,123.33,0.0,6
O014397,C01938,2024-07-23,Beauty,4,180.01,0.0,2
O014398,C04994,2024-10-06,Home,2,67.58,8.15,4
O014399,C00616,2024-02-24,Beauty,3,104.13,0.0,3
O014400,C04228,2024-08-10,Clothing,5,175.36,0.0,6
O014401,C01632,2024-04-17,Electronics,4,210.4,0.0,4
O014402,C00945,2024-07-24,Sports,2,31.85,9.71,5
O014403,C04981,2024-06-20,Electronics,2,68.32,11.75,1
O014404,C03477,2024-03-30,Sports,4,112.59,0.0,2
O014405,C00471,2024-01-06,Beauty,3,130.92,0.0,6
O014406,C01956,2024-10-13,Home,4,85.64,0.0,7
O014407,C02397,2024-06-19,Home,3,141.09,0.0,2
O014408,C03907,2024-12-28,Sports,3,122.01,0.0,4
O014409,C02091,2024-09-24,Beauty,2,101.27,0.0,5
O014410,C02824,2024-07-11,Clothing,2,79.06,0.0,1
O014411,C02530,2024-08-31,Clothing,4,127.34,0.0,2
O014412,C04174,2024-06-28,Clothing,5,254.17,0.0,2
O014413,C01060,2024-09-04,Clothing,1,5.0,8.36,5
O014414,C00647,2024-03-10,Home,1,34.12,11.93,6
O014415,C01354,2024-08-08,Sports,5,110.42,0.0,3
O014416,C02700,2024-01-30,Sports,7,271.08,0.0,6
O014417,C00764,2024-04-28,Clothing,2,83.23,0.0,3
O014418,C04072,2024-07-23,Sports,3,107.58,0.0,5
O014419,C02327,2024-08-09,Clothing,1,48.76,12.31,5
O014420,C00459,2024-05-05,Clothing,4,140.8,0.0,3
O014421,C00692,2024-02-24,Clothing,3,78.35,0.0,4
O014422,C02573,2024-02-08,Home,5,246.85,0.0,1
O014423,C02540,2024-12-03,Clothing,1,62.3,9.07,5
O014424,C04170,2024-09-18,Home,1,29.37,12.23,2
O014425,C00819,2024-07-02,Clothing,4,128.76,0.0,7
O014426,C04251,2024-01-08,Home,3,91.67,0.0,7
O014427,C00519,2024-11-06,Electronics,5,159.85,0.0,1
O014428,C04471,2024-12-26,Sports,4,218.99,0.0,3
O014429,C03992,2024-01-16,Home,1,48.82,6.31,5
O014430,C00343,2024-03-04,Clothing,2,47.05,8.31,3
O014431,C04644,2024-09-09,Electronics,3,123.17,0.0,4
O014432,C02794,2024-01-11,Home,2,36.73,12.21,5
O014433,C03175,2024-03-28,Clothing,3,167.03,0.0,4
O014434,C04532,2024-07-29,Beauty,5,201.54,0.0,6
O014435,C00444,2024-01-04,Home,8,177.29,0.0,3
O014436,C04575,2024-05-10,Electronics,3,69.75,12.57,5
O014437,C03705,2024-09-27,Clothing,4,132.3,0.0,2
O014438,C01901,2024-12-25,Sports,1,78.45,0.0,4
O014439,C01518,2024-03-08,Clothing,5,214.53,0.0,4
O014440,C04133,2024-12-02,Clothing,6,217.24,0.0,5
O014441,C01557,2024-01-09,Electronics,2,106.74,0.0,6
O014442,C00098,2024-01-25,Clothing,3,102.47,0.0,2
O014443,C02862,2024-03-05,Sports,3,160.98,0.0,1
O014444,C01045,2024-04-13,Clothing,4,122.72,0.0,3
O014445,C00468,2024-03-06,Clothing,3,96.15,0.0,4
O014446,C00354,2024-07-01,Clothing,2,107.78,0.0,4
O014447,C00072,2024-06-21,Clothing,1,26.06,12.77,2
O014448,C01376,2024-10-15,Sports,2,104.98,0.0,5
O014449,C01076,2024-01-22,Clothing,4,83.56,0.0,4
O014450,C01246,2024-02-11,Sports,1,39.8,5.79,2
O014451,C01024,2024-07-22,Electronics,4,150.75,0.0,6
O014452,C01821,2024-06-03,Electronics,1,20.34,10.51,5
O014453,C00990,2024-01-11,Clothing,7,117.52,0.0,2
O014454,C04556,2024-10-24,Clothing,4,157.28,0.0,3
O014455,C02549,2024-03-18,Clothing,1,62.02,12.32,4
O014456,C04813,2024-04-13,Sports,11,345.9,0.0,3
O014457,C04463,2024-10-04,Electronics,3,78.81,0.0,5
O014458,C03722,2024-05-16,Sports,7,282.51,0.0,4
O014459,C03108,2024-07-25,Clothing,4,122.68,0.0,5
O014460,C04703,2024-09-07,Clothing,2,82.25,0.0,6
O014461,C02576,2024-08-12,Beauty,1,54.21,10.59,3
O014462,C03047,2024-02-26,Home,1,5.0,5.64,6
O014463,C00749,2024-12-04,Clothing,4,58.27,8.58,4
O014464,C01700,2024-10-13,Electronics,2,51.51,8.06,6
O014465,C00602,2024-09-30,Beauty,4,137.91,0.0,5
O014466,C04716,2024-06-16,Home,3,111.89,0.0,5
O014467,C00255,2024-12-22,Sports,4,121.33,0.0,3
O014468,C02978,2024-06-21,Home,4,89.91,0.0,3
O014469,C02725,2024-04-07,Electronics,3,128.24,0.0,4
O014470,C00836,2024-12-07,Home,4,72.51,5.04,3
O014471,C01851,2024-09-16,Home,6,197.73,0.0,5
O014472,C04765,2024-06-21,Clothing,1,43.17,9.73,4
O014473,C03103,2024-06-22,Home,1,32.99,11.54,5
O014474,C03650,2024-07-30,Clothing,6,203.45,0.0,5
O014475,C02534,2024-07-13,Home,3,93.09,0.0,3
O014476,C02307,2024-09-21,Sports,3,20.94,5.54,7
O014477,C04349,2024-09-28,Beauty,3,68.75,7.42,4
O014478,C00494,2024-11-02,Sports,1,35.76,6.95,4
O014479,C03306,2024-11-03,Sports,5,203.53,0.0,4
O014480,C01131,2024-05-16,Home,5,175.2,0.0,3
O014481,C04432,2024-03-23,Clothing,7,325.61,0.0,5
O014482,C03785,2024-02-13,Sports,4,259.14,0.0,5
O014483,C02101,2024-07-25,Home,5,176.33,0.0,5
O014484,C04016,2024-04-26,Clothing,2,89.33,0.0,4
O014485,C04041,2024-01-05,Clothing,3,126.19,0.0,4
O014486,C01777,2024-08-08,Home,4,160.25,0.0,5
O014487,C01868,2024-10-09,Clothing,1,33.04,10.85,4
O014488,C02735,2024-04-23,Clothing,2,29.72,7.63,6
O014489,C03332,2024-09-06,Clothing,1,25.16,11.38,6
O014490,C03441,2024-10-27,Electronics,6,171.71,0.0,6
O014491,C00210,2024-03-30,Clothing,4,131.81,0.0,4
O014492,C03114,2024-01-28,Clothing,2,90.09,0.0,3
O014493,C02730,2024-02-01,Clothing,3,94.8,0.0,4
O014494,C04990,2024-08-04,Clothing,5,249.77,0.0,7
O014495,C04070,2024-11-04,Sports,3,73.78,10.39,1
O014496,C04433,2024-03-11,Electronics,2,53.27,12.95,4
O014497,C04771,2024-09-08,Sports,3,128.88,0.0,3
O014498,C04201,2024-01-30,Clothing,3,92.59,0.0,6
O014499,C03762,2024-09-12,Clothing,3,125.79,0.0,7
O014500,C04799,2024-11-04,Electronics,1,5.68,10.21,5
O014501,C01148,2024-06-07,Clothing,4,157.54,0.0,2
O014502,C03782,2024-01-09,Electronics,5,174.42,0.0,5
O014503,C01291,2024-11-18,Sports,1,29.18,12.04,1
O014504,C03115,2024-06-04,Clothing,1,30.29,7.02,5
O014505,C03879,2024-08-01,Clothing,1,23.13,5.47,4
O014506,C02701,2024-06-02,Beauty,1,71.32,9.3,7
O014507,C00674,2024-03-23,Clothing,2,86.56,0.0,1
O014508,C02976,2024-04-10,Home,5,152.81,0.0,3
O014509,C02372,2024-01-10,Electronics,2,82.46,0.0,2
O014510,C00757,2024-12-01,Clothing,4,145.31,0.0,3
O014511,C04297,2024-10-06,Clothing,1,36.79,9.3,5
O014512,C04338,2024-10-07,Beauty,1,24.35,7.58,1
O014513,C02902,2024-06-28,Electronics,1,43.01,9.58,2
O014514,C01488,2024-03-30,Home,4,105.14,0.0,4
O014515,C00968,2024-05-08,Electronics,1,17.95,12.08,5
O014516,C03013,2024-11-04,Electronics,3,89.11,0.0,5
O014517,C02353,2024-04-16,Home,5,188.18,0.0,5
O014518,C04410,2024-10-06,Sports,3,122.22,0.0,4
O014519,C02844,2024-10-09,Clothing,3,29.35,5.57,6
O014520,C00883,2024-04-16,Clothing,2,74.27,6.03,7
O014521,C00498,2024-06-03,Electronics,2,61.36,6.88,1
O014522,C03429,2024-12-09,Beauty,2,61.59,12.06,5
O014523,C01906,2024-08-19,Clothing,2,77.27,0.0,5
O014524,C01541,2024-10-21,Clothing,3,135.66,0.0,4
O014525,C01999,2024-11-28,Beauty,3,63.7,5.23,4
O014526,C01333,2024-03-24,Clothing,1,29.05,7.09,6
O014527,C03367,2024-12-23,Electronics,4,84.3,0.0,4
O014528,C01573,2024-03-16,Electronics,1,20.74,12.39,2
O014529,C03665,2024-09-17,Sports,2,62.13,8.29,3
O014530,C03455,2024-12-02,Home,3,118.84,0.0,5
O014531,C03817,2024-08-17,Clothing,4,143.02,0.0,6
O014532,C01361,2024-09-28,Home,4,133.91,0.0,3
O014533,C00564,2024-08-08,Beauty,2,103.24,0.0,2
O014534,C00734,2024-06-29,Sports,1,47.21,11.28,1
O014535,C00753,2024-07-20,Home,1,46.09,5.15,6
O014536,C02357,2024-10-11,Sports,4,188.68,0.0,2
O014537,C04244,2024-04-27,Clothing,1,43.94,6.54,4
O014538,C02975,2024-04-26,Sports,5,151.08,0.0,4
O014539,C03987,2024-07-15,Electronics,3,128.01,0.0,4
O014540,C02716,2024-07-12,Home,3,114.26,0.0,7
O014541,C01786,2024-10-18,Clothing,1,5.0,8.75,5
O014542,C04788,2024-04-13,Beauty,5,188.61,0.0,5
O014543,C02634,2024-06-22,Beauty,4,187.82,0.0,3
O014544,C02093,2024-10-27,Home,5,153.34,0.0,4
O014545,C01806,2024-04-12,Sports,3,5.0,7.08,3
O014546,C03364,2024-01-09,Beauty,4,71.73,6.14,1
O014547,C04360,2024-06-12,Sports,3,81.63,0.0,5
O014548,C03056,2024-01-05,Clothing,5,142.69,0.0,3
O014549,C01249,2024-11-30,Home,5,247.0,0.0,1
O014550,C00216,2024-11-24,Beauty,4,188.85,0.0,4
O014551,C03946,2024-03-29,Sports,5,247.39,0.0,5
O014552,C04327,2024-06-26,Sports,4,203.5,0.0,7
O014553,C01726,2024-10-10,Clothing,3,113.55,0.0,5
O014554,C02702,2024-01-27,Home,2,79.11,0.0,7
O014555,C01201,2024-06-23,Electronics,4,67.53,8.25,6
O014556,C03635,2024-06-09,Sports,3,41.23,7.98,5
O014557,C01541,2024-04-24,Clothing,4,112.03,0.0,5
O014558,C04803,2024-04-06,Beauty,2,67.76,10.8,2
O014559,C00513,2024-06-14,Home,4,207.51,0.0,3
O014560,C03712,2024-05-15,Clothing,2,55.28,6.3,7
O014561,C03937,2024-06-12,Sports,1,30.4,8.41,6
O014562,C02353,2024-12-28,Clothing,3,114.94,0.0,2
O014563,C03833,2024-07-20,Sports,2,66.16,12.3,4
O014564,C04447,2024-06-17,Clothing,3,56.24,5.37,5
O014565,C00803,2024-05-15,Electronics,1,23.57,12.87,2
O014566,C04547,2024-06-06,Home,3,76.18,0.0,6
O014567,C00902,2024-10-27,Clothing,1,40.29,10.08,4
O014568,C04159,2024-08-14,Clothing,6,205.73,0.0,4
O014569,C01789,2024-10-28,Home,2,34.66,11.15,4
O014570,C04601,2024-12-14,Sports,1,29.53,11.66,3
O014571,C02313,2024-09-28,Clothing,1,21.13,6.37,7
O014572,C01700,2024-11-19,Home,1,23.34,12.0,5
O014573,C03151,2024-02-19,Beauty,3,110.65,0.0,5
O014574,C01209,2024-11-19,Clothing,1,35.75,8.23,5
O014575,C02994,2024-01-02,Clothing,5,185.89,0.0,1
O014576,C02543,2024-11-26,Sports,4,162.86,0.0,3
O014577,C01595,2024-03-15,Electronics,4,88.55,0.0,4
O014578,C03442,2024-09-03,Clothing,4,196.77,0.0,1
O014579,C01839,2024-08-02,Home,5,253.01,0.0,5
O014580,C04860,2024-08-17,Home,2,60.26,9.09,5
O014581,C03673,2024-08-29,Home,2,53.92,11.5,2
O014582,C02903,2024-07-06,Electronics,1,47.09,12.19,2
O014583,C02340,2024-05-08,Sports,5,150.69,0.0,4
O014584,C04522,2024-04-06,Clothing,5,52.33,8.15,2
O014585,C02343,2024-12-30,Home,3,38.19,6.69,4
O014586,C04929,2024-06-13,Beauty,1,27.61,12.12,4
O014587,C00500,2024-06-25,Home,6,231.81,0.0,3
O014588,C03628,2024-04-26,Beauty,2,41.19,8.68,3
O014589,C00845,2024-07-28,Home,4,155.77,0.0,4
O014590,C03664,2024-09-29,Sports,4,125.45,0.0,5
O014591,C01061,2024-11-22,Clothing,4,188.52,0.0,2
O014592,C02682,2024-02-20,Beauty,3,128.76,0.0,3
O014593,C01421,2024-09-21,Clothing,2,51.81,12.07,3
O014594,C00750,2024-03-04,Beauty,4,100.83,0.0,5
O014595,C01948,2024-12-06,Home,2,80.31,0.0,3
O014596,C01046,2024-08-16,Sports,4,66.31,7.8,7
O014597,C03412,2024-12-14,Home,1,48.56,6.49,4
O014598,C04591,2024-10-24,Clothing,4,240.17,0.0,4
O014599,C03475,2024-08-24,Electronics,1,80.48,0.0,6
O014600,C01227,2024-08-12,Home,4,117.66,0.0,4
O014601,C02974,2024-04-26,Clothing,2,67.73,5.45,5
O014602,C01370,2024-09-06,Sports,3,130.6,0.0,2
O014603,C01039,2024-03-10,Sports,2,104.5,0.0,4
O014604,C01788,2024-12-10,Sports,2,83.25,0.0,5
O014605,C01653,2024-02-04,Clothing,3,101.85,0.0,4
O014606,C04716,2024-09-29,Home,5,44.27,8.65,5
O014607,C04723,2024-02-13,Sports,5,155.32,0.0,7
O014608,C04368,2024-12-25,Electronics,1,17.52,8.35,7
O014609,C00420,2024-12-10,Electronics,6,243.74,0.0,5
O014610,C02898,2024-04-16,Home,2,81.24,0.0,5
O014611,C04585,2024-08-16,Clothing,4,193.86,0.0,2
O014612,C03303,2024-09-08,Electronics,5,239.39,0.0,3
O014613,C00796,2024-02-13,Clothing,3,110.3,0.0,4
O014614,C02810,2024-02-18,Electronics,5,203.52,0.0,5
O014615,C00467,2024-02-29,Clothing,3,110.96,0.0,3
O014616,C04536,2024-09-14,Electronics,1,14.16,9.92,5
O014617,C01355,2024-03-05,Clothing,5,164.59,0.0,4
O014618,C00273,2024-04-23,Sports,1,36.95,10.28,4
O014619,C02750,2024-09-15,Home,1,88.68,0.0,4
O014620,C03490,2024-12-14,Clothing,6,184.6,0.0,7
O014621,C03869,2024-06-10,Sports,2,90.68,0.0,4
O014622,C03652,2024-06-12,Electronics,1,42.73,6.73,5
O014623,C00956,2024-01-15,Electronics,3,120.43,0.0,4
O014624,C03410,2024-02-06,Electronics,4,61.45,10.58,6
O014625,C01920,2024-05-17,Home,5,257.66,0.0,5
O014626,C02933,2024-09-21,Electronics,5,166.01,0.0,6
O014627,C00188,2024-11-01,Electronics,3,101.21,0.0,4
O014628,C00208,2024-02-15,Sports,5,179.61,0.0,4
O014629,C00074,2024-04-15,Sports,1,7.42,7.39,3
O014630,C04769,2024-03-21,Clothing,5,194.7,0.0,5
O014631,C02620,2024-10-29,Sports,1,21.78,7.08,3
O014632,C01050,2024-09-30,Clothing,4,96.59,0.0,2
O014633,C04970,2024-04-22,Home,3,106.2,0.0,4
O014634,C01882,2024-07-26,Electronics,6,228.3,0.0,3
O014635,C00515,2024-11-02,Home,2,70.34,11.66,4
O014636,C03329,2024-12-30,Beauty,5,148.4,0.0,4
O014637,C00280,2024-08-28,Home,4,127.57,0.0,4
O014638,C02987,2024-03-29,Beauty,5,154.9,0.0,3
O014639,C04856,2024-07-01,Home,1,56.05,5.64,3
O014640,C00556,2024-09-28,Beauty,4,174.49,0.0,6
O014641,C03380,2024-09-11,Beauty,4,130.15,0.0,4
O014642,C00291,2024-12-09,Sports,3,125.4,0.0,6
O014643,C04881,2024-09-01,Beauty,3,122.94,0.0,4
O014644,C02874,2024-09-24,Beauty,3,122.29,0.0,3
O014645,C03019,2024-04-08,Beauty,5,108.74,0.0,1
O014646,C01623,2024-02-28,Home,3,90.43,0.0,2
O014647,C04838,2024-03-13,Clothing,4,182.07,0.0,4
O014648,C03552,2024-04-21,Clothing,5,123.73,0.0,6
O014649,C04179,2024-06-13,Beauty,1,5.0,6.69,3
O014650,C03276,2024-10-14,Sports,2,97.53,0.0,2
O014651,C02012,2024-07-29,Sports,2,102.56,0.0,3
O014652,C02690,2024-01-22,Beauty,2,67.8,11.06,4
O014653,C00083,2024-12-19,Clothing,3,108.37,0.0,4
O014654,C03996,2024-03-23,Clothing,4,156.65,0.0,4
O014655,C00648,2024-08-29,Beauty,6,251.13,0.0,4
O014656,C04247,2024-01-12,Home,1,45.32,9.07,2
O014657,C03693,2024-01-05,Sports,9,111.6,0.0,1
O014658,C01758,2024-10-08,Electronics,1,93.87,0.0,5
O014659,C04956,2024-04-25,Sports,3,80.16,0.0,6
O014660,C03340,2024-12-12,Beauty,4,99.52,0.0,3
O014661,C03658,2024-01-20,Home,2,94.76,0.0,2
O014662,C04211,2024-07-07,Clothing,5,180.52,0.0,6
O014663,C03153,2024-05-15,Sports,1,69.5,10.99,2
O014664,C00726,2024-12-01,Beauty,4,137.42,0.0,4
O014665,C01108,2024-02-27,Home,4,113.41,0.0,3
O014666,C04983,2024-06-21,Home,4,104.4,0.0,1
O014667,C02826,2024-07-11,Beauty,1,42.22,12.33,3
O014668,C04906,2024-01-05,Beauty,4,184.95,0.0,3
O014669,C02202,2024-06-07,Clothing,3,96.74,0.0,3
O014670,C01841,2024-10-05,Electronics,5,110.18,0.0,5
O014671,C04349,2024-05-19,Electronics,3,111.74,0.0,3
O014672,C02496,2024-01-04,Clothing,3,132.27,0.0,5
O014673,C03945,2024-10-19,Clothing,4,147.74,0.0,3
O014674,C00825,2024-03-15,Electronics,4,152.46,0.0,4
O014675,C04603,2024-08-21,Home,1,56.1,8.3,3
O014676,C01735,2024-04-13,Sports,1,22.63,9.0,5
O014677,C00351,2024-05-16,Home,4,142.72,0.0,2
O014678,C04914,2024-10-08,Electronics,1,47.11,10.07,4
O014679,C02174,2024-08-18,Beauty,1,5.0,6.56,4
O014680,C03286,2024-10-09,Clothing,2,69.43,8.43,6
O014681,C00835,2024-08-25,Home,2,114.27,0.0,4
O014682,C01988,2024-08-22,Sports,4,152.57,0.0,3
O014683,C03822,2024-07-08,Beauty,3,93.02,0.0,8
O014684,C03672,2024-06-26,Beauty,3,119.04,0.0,5
O014685,C04992,2024-12-10,Clothing,3,121.22,0.0,4
O014686,C03003,2024-12-03,Sports,2,40.36,5.11,6
O014687,C02510,2024-08-09,Clothing,4,198.21,0.0,4
O014688,C02673,2024-08-01,Home,1,10.16,9.17,2
O014689,C03443,2024-07-31,Sports,3,82.73,0.0,5
O014690,C04159,2024-12-24,Home,1,5.0,6.5,3
O014691,C04847,2024-04-02,Sports,2,78.9,0.0,2
O014692,C04122,2024-02-15,Sports,1,27.51,12.73,3
O014693,C04097,2024-09-11,Sports,4,110.38,0.0,6
O014694,C01938,2024-07-09,Home,4,115.59,0.0,5
O014695,C00298,2024-11-21,Sports,1,37.24,12.98,3
O014696,C02302,2024-05-24,Clothing,2,57.51,10.5,5
O014697,C03939,2024-12-09,Home,2,60.44,11.46,3
O014698,C01595,2024-04-13,Clothing,4,172.68,0.0,5
O014699,C03366,2024-03-04,Electronics,3,44.16,5.1,4
O014700,C03216,2024-06-05,Beauty,3,121.08,0.0,2
O014701,C04305,2024-11-03,Clothing,1,59.08,7.42,4
O014702,C03298,2024-12-15,Electronics,5,201.77,0.0,4
O014703,C01482,2024-05-07,Home,3,137.3,0.0,6
O014704,C04380,2024-01-24,Electronics,3,99.33,0.0,4
O014705,C03675,2024-05-04,Home,2,90.94,0.0,5
O014706,C03183,2024-06-23,Beauty,1,31.22,9.23,3
O014707,C04446,2024-04-10,Electronics,2,86.07,0.0,4
O014708,C03152,2024-02-20,Home,2,67.82,10.47,5
O014709,C03788,2024-09-14,Home,1,49.75,9.28,2
O014710,C01774,2024-05-28,Electronics,1,19.64,10.88,6
O014711,C01352,2024-06-16,Home,1,52.23,8.49,5
O014712,C01318,2024-04-14,Home,3,99.25,0.0,3
O014713,C04280,2024-03-09,Clothing,3,61.49,9.05,4
O014714,C02031,2024-02-04,Clothing,2,57.96,5.91,4
O014715,C00212,2024-06-11,Clothing,2,67.86,10.84,5
O014716,C01275,2024-12-04,Electronics,1,45.27,8.43,3
O014717,C04263,2024-07-26,Sports,5,299.35,0.0,3
O014718,C03615,2024-06-01,Clothing,2,65.87,12.24,6
O014719,C03735,2024-03-20,Sports,5,177.43,0.0,4
O014720,C01186,2024-01-31,Clothing,7,276.57,0.0,3
O014721,C00875,2024-08-12,Beauty,5,186.91,0.0,3
O014722,C04503,2024-09-11,Sports,2,86.86,0.0,2
O014723,C03464,2024-07-27,Clothing,3,83.28,0.0,4
O014724,C02486,2024-06-28,Electronics,3,85.91,0.0,4
O014725,C04501,2024-10-31,Clothing,4,140.45,0.0,2
O014726,C04371,2024-05-23,Clothing,4,160.71,0.0,6
O014727,C03399,2024-08-17,Clothing,1,25.91,10.03,5
O014728,C04888,2024-11-09,Home,5,131.61,0.0,4
O014729,C00136,2024-11-01,Sports,5,103.14,0.0,3
O014730,C00333,2024-11-29,Home,1,37.66,11.76,4
O014731,C01027,2024-03-04,Beauty,2,55.77,12.84,7
O014732,C03234,2024-11-03,Electronics,8,427.18,0.0,3
O014733,C01536,2024-02-09,Home,6,246.19,0.0,6
O014734,C02125,2024-08-30,Electronics,5,170.28,0.0,5
O014735,C02233,2024-12-26,Sports,1,48.01,7.02,6
O014736,C03958,2024-09-01,Sports,4,71.21,11.69,6
O014737,C02618,2024-11-05,Clothing,3,39.81,6.24,1
O014738,C00953,2024-04-06,Home,2,83.37,0.0,4
O014739,C03370,2024-05-24,Electronics,3,120.01,0.0,4
O014740,C03354,2024-02-25,Home,2,92.41,0.0,6
O014741,C01987,2024-01-30,Clothing,1,20.96,8.38,5
O014742,C04568,2024-04-17,Beauty,2,82.34,0.0,2
O014743,C03464,2024-08-01,Home,5,241.06,0.0,3
O014744,C00165,2024-08-08,Electronics,4,180.38,0.0,6
O014745,C01992,2024-04-13,Clothing,6,196.06,0.0,6
O014746,C02706,2024-06-29,Home,5,228.19,0.0,5
O014747,C01740,2024-05-06,Sports,7,371.98,0.0,5
O014748,C04260,2024-07-16,Beauty,1,5.0,12.8,4
O014749,C00104,2024-12-08,Clothing,2,53.64,5.74,6
O014750,C04692,2024-02-02,Electronics,5,166.55,0.0,7
O014751,C04216,2024-11-29,Electronics,3,105.37,0.0,3
O014752,C01128,2024-08-21,Clothing,1,5.0,8.72,5
O014753,C00364,2024-02-05,Home,1,39.51,9.23,6
O014754,C01570,2024-01-18,Electronics,1,23.89,9.12,2
O014755,C00369,2024-11-02,Electronics,8,394.62,0.0,5
O014756,C03950,2024-08-19,Electronics,1,76.89,0.0,1
O014757,C03758,2024-09-22,Electronics,3,114.88,0.0,7
O014758,C03398,2024-10-21,Home,3,181.6,0.0,5
O014759,C04231,2024-02-18,Clothing,2,120.06,0.0,1
O014760,C02093,2024-02-27,Clothing,1,64.23,10.76,4
O014761,C01516,2024-11-27,Electronics,4,172.62,0.0,4
O014762,C00595,2024-12-23,Clothing,4,151.27,0.0,4
O014763,C01446,2024-05-30,Electronics,1,19.48,9.44,3
O014764,C03623,2024-05-14,Clothing,1,28.92,8.57,2
O014765,C00766,2024-10-27,Clothing,2,95.11,0.0,7
O014766,C03217,2024-12-10,Sports,2,51.61,9.03,3
O014767,C01341,2024-11-06,Clothing,6,229.74,0.0,5
O014768,C01587,2024-05-03,Home,4,134.62,0.0,2
O014769,C03651,2024-07-01,Clothing,7,116.17,0.0,3
O014770,C04632,2024-07-23,Home,2,107.45,0.0,3
O014771,C00634,2024-05-26,Beauty,4,108.63,0.0,7
O014772,C04757,2024-04-18,Clothing,6,143.77,0.0,4
O014773,C00459,2024-05-29,Sports,3,122.73,0.0,5
O014774,C02473,2024-08-20,Sports,2,89.9,0.0,3
O014775,C01681,2024-09-23,Beauty,3,159.6,0.0,4
O014776,C04851,2024-05-10,Clothing,3,118.81,0.0,7
O014777,C01894,2024-05-26,Clothing,3,106.3,0.0,7
O014778,C02116,2024-03-31,Sports,2,74.32,9.94,5
O014779,C00509,2024-08-06,Electronics,6,206.02,0.0,4
O014780,C00736,2024-02-03,Clothing,2,88.85,0.0,3
O014781,C02752,2024-01-11,Electronics,3,62.98,6.86,4
O014782,C02172,2024-09-17,Clothing,3,107.69,0.0,3
O014783,C02844,2024-03-11,Home,1,24.01,7.16,3
O014784,C00292,2024-06-12,Electronics,3,101.27,0.0,4
O014785,C04517,2024-09-17,Sports,2,95.47,0.0,3
O014786,C01919,2024-07-02,Home,1,47.62,10.84,2
O014787,C00812,2024-05-12,Electronics,5,138.89,0.0,3
O014788,C02098,2024-10-09,Beauty,8,228.34,0.0,2
O014789,C02010,2024-12-14,Beauty,3,119.25,0.0,1
O014790,C04279,2024-12-10,Home,3,121.56,0.0,4
O014791,C04343,2024-08-21,Sports,6,175.38,0.0,2
O014792,C00650,2024-12-19,Clothing,4,133.9,0.0,5
O014793,C02598,2024-01-15,Home,3,137.07,0.0,3
O014794,C00561,2024-04-14,Clothing,1,20.71,11.24,3
O014795,C00770,2024-12-19,Home,2,90.13,0.0,4
O014796,C04652,2024-01-20,Sports,6,143.75,0.0,5
O014797,C00504,2024-09-04,Electronics,1,43.26,6.68,6
O014798,C00628,2024-06-10,Electronics,5,241.56,0.0,3
O014799,C03385,2024-05-06,Sports,4,91.77,0.0,5
O014800,C03863,2024-02-03,Electronics,5,151.61,0.0,5
O014801,C03360,2024-04-24,Electronics,1,7.72,9.04,5
O014802,C04257,2024-08-06,Clothing,3,83.53,0.0,4
O014803,C02175,2024-08-29,Electronics,1,26.45,6.36,2
O014804,C03528,2024-01-21,Beauty,3,92.58,0.0,6
O014805,C02538,2024-08-12,Home,2,74.35,11.85,6
O014806,C02287,2024-06-15,Electronics,3,142.62,0.0,3
O014807,C02224,2024-10-22,Electronics,3,129.68,0.0,3
O014808,C02258,2024-06-20,Sports,2,87.94,0.0,5
O014809,C03581,2024-06-12,Electronics,2,38.23,9.66,5
O014810,C01996,2024-11-06,Home,3,130.36,0.0,5
O014811,C00634,2024-08-04,Clothing,2,89.15,0.0,3
O014812,C00501,2024-07-17,Clothing,4,145.11,0.0,5
O014813,C01564,2024-02-19,Electronics,3,53.14,10.64,6
O014814,C04076,2024-11-25,Home,5,184.6,0.0,4
O014815,C01175,2024-11-25,Home,1,27.67,8.79,6
O014816,C01599,2024-10-20,Home,3,105.29,0.0,4
O014817,C02159,2024-10-06,Electronics,3,89.93,0.0,6
O014818,C03714,2024-12-29,Clothing,1,42.26,12.61,4
O014819,C01985,2024-02-28,Clothing,2,88.31,0.0,5
O014820,C00520,2024-06-21,Electronics,3,89.23,0.0,8
O014821,C01918,2024-06-02,Electronics,4,139.42,0.0,4
O014822,C01329,2024-08-09,Clothing,3,64.17,7.16,4
O014823,C00933,2024-08-06,Electronics,3,84.56,0.0,4
O014824,C01542,2024-03-23,Sports,4,110.4,0.0,8
O014825,C00408,2024-09-23,Clothing,3,30.76,12.28,3
O014826,C01532,2024-05-07,Sports,1,39.0,7.53,5
O014827,C00624,2024-07-04,Clothing,5,166.18,0.0,4
O014828,C02767,2024-08-17,Beauty,2,95.26,0.0,2
O014829,C04648,2024-09-28,Electronics,3,112.52,0.0,5
O014830,C02828,2024-01-01,Electronics,3,50.13,10.3,5
O014831,C04416,2024-10-23,Electronics,4,49.28,9.37,4
O014832,C00667,2024-01-15,Electronics,1,45.04,5.68,5
O014833,C00628,2024-03-20,Beauty,5,194.96,0.0,5
O014834,C03109,2024-06-22,Home,5,170.36,0.0,3
O014835,C03277,2024-02-01,Sports,2,60.33,8.83,7
O014836,C01785,2024-02-08,Home,2,78.95,0.0,5
O014837,C01134,2024-07-11,Home,3,172.23,0.0,4
O014838,C01510,2024-08-27,Home,3,82.45,0.0,6
O014839,C03390,2024-03-13,Clothing,3,127.13,0.0,6
O014840,C01859,2024-04-02,Clothing,7,248.48,0.0,3
O014841,C01616,2024-03-29,Electronics,5,142.84,0.0,5
O014842,C03854,2024-09-10,Sports,2,101.04,0.0,3
O014843,C04706,2024-08-21,Clothing,1,34.57,9.31,5
O014844,C04575,2024-05-18,Home,2,75.65,0.0,7
O014845,C04684,2024-07-16,Sports,1,48.11,10.9,4
O014846,C03866,2024-10-16,Electronics,5,62.06,11.74,4
O014847,C04689,2024-11-01,Electronics,1,37.05,10.14,2
O014848,C02412,2024-06-20,Clothing,2,51.09,6.11,2
O014849,C00309,2024-01-14,Beauty,3,95.96,0.0,5
O014850,C04363,2024-11-23,Electronics,1,39.84,9.71,1
O014851,C01833,2024-06-01,Sports,1,35.8,7.05,3
O014852,C04782,2024-07-14,Clothing,8,186.8,0.0,2
O014853,C02308,2024-06-26,Home,3,144.24,0.0,2
O014854,C02001,2024-04-04,Beauty,4,210.98,0.0,3
O014855,C00667,2024-12-06,Beauty,1,32.66,9.91,4
O014856,C01685,2024-08-24,Home,4,121.37,0.0,5
O014857,C03077,2024-11-06,Clothing,4,134.2,0.0,7
O014858,C00446,2024-03-18,Sports,1,34.67,8.88,4
O014859,C04384,2024-08-31,Home,5,169.92,0.0,3
O014860,C01082,2024-08-07,Home,2,106.57,0.0,5
O014861,C03144,2024-08-07,Clothing,5,198.4,0.0,1
O014862,C04890,2024-07-25,Clothing,1,21.58,9.11,7
O014863,C03752,2024-07-02,Electronics,1,39.34,9.64,5
O014864,C04871,2024-04-24,Beauty,1,52.86,5.17,6
O014865,C04373,2024-05-03,Electronics,6,171.71,0.0,4
O014866,C01546,2024-08-25,Clothing,1,5.0,12.36,1
O014867,C03646,2024-04-17,Sports,2,80.21,0.0,5
O014868,C04832,2024-02-16,Home,5,115.92,0.0,2
O014869,C03208,2024-07-16,Electronics,4,138.53,0.0,7
O014870,C02784,2024-02-20,Beauty,2,47.08,7.33,4
O014871,C00114,2024-07-12,Beauty,2,80.45,0.0,4
O014872,C00772,2024-03-10,Sports,1,34.33,6.17,7
O014873,C01013,2024-03-27,Electronics,1,60.77,10.53,5
O014874,C03684,2024-03-15,Electronics,2,69.07,8.31,5
O014875,C03251,2024-07-11,Clothing,3,152.39,0.0,6
O014876,C01253,2024-08-07,Home,1,38.94,8.58,1
O014877,C03103,2024-10-04,Electronics,5,216.77,0.0,5
O014878,C04204,2024-11-28,Clothing,5,158.43,0.0,5
O014879,C04378,2024-08-20,Electronics,2,65.57,12.32,6
O014880,C02669,2024-08-15,Clothing,4,181.11,0.0,4
O014881,C02577,2024-02-13,Beauty,3,30.42,9.47,3
O014882,C04091,2024-10-23,Beauty,2,42.89,8.84,2
O014883,C01428,2024-09-11,Sports,4,160.65,0.0,4
O014884,C03242,2024-09-06,Home,3,154.53,0.0,4
O014885,C00878,2024-09-29,Beauty,2,67.86,9.76,4
O014886,C01199,2024-06-21,Beauty,3,78.97,0.0,4
O014887,C00454,2024-08-23,Electronics,4,149.41,0.0,5
O014888,C04605,2024-02-15,Beauty,3,103.08,0.0,6
O014889,C01264,2024-08-08,Home,3,79.67,0.0,6
O014890,C02144,2024-05-22,Home,2,94.9,0.0,3
O014891,C03586,2024-08-20,Clothing,3,70.17,12.06,6
O014892,C04187,2024-09-22,Beauty,2,64.4,5.15,4
O014893,C04329,2024-07-08,Clothing,1,44.78,11.57,3
O014894,C04755,2024-07-01,Clothing,3,88.73,0.0,2
O014895,C03059,2024-11-09,Electronics,6,146.93,0.0,5
O014896,C02857,2024-12-22,Sports,1,33.86,6.79,4
O014897,C00912,2024-07-09,Clothing,4,161.86,0.0,2
O014898,C02772,2024-05-18,Clothing,4,114.15,0.0,3
O014899,C01468,2024-02-04,Electronics,2,110.41,0.0,6
O014900,C00441,2024-12-17,Clothing,4,103.47,0.0,3
O014901,C00996,2024-12-07,Home,3,125.62,0.0,4
O014902,C02112,2024-05-11,Beauty,2,52.24,6.54,4
O014903,C04101,2024-11-17,Electronics,2,51.91,11.29,4
O014904,C03730,2024-03-13,Beauty,3,151.15,0.0,5
O014905,C03469,2024-06-11,Home,6,168.04,0.0,6
O014906,C04713,2024-10-20,Beauty,5,267.48,0.0,2
O014907,C03840,2024-08-10,Home,2,47.45,10.34,4
O014908,C04461,2024-07-03,Sports,3,85.67,0.0,2
O014909,C02839,2024-04-04,Clothing,2,68.73,5.38,5
O014910,C04721,2024-10-15,Home,2,71.72,10.83,3
O014911,C04603,2024-06-20,Home,3,66.26,12.48,6
O014912,C00523,2024-11-04,Clothing,4,224.94,0.0,2
O014913,C00706,2024-05-27,Home,3,101.0,0.0,2
O014914,C01760,2024-11-14,Electronics,1,42.67,11.34,1
O014915,C00250,2024-06-27,Home,5,218.92,0.0,5
O014916,C04997,2024-05-21,Clothing,5,204.29,0.0,7
O014917,C04345,2024-10-17,Beauty,1,6.05,6.94,3
O014918,C01375,2024-04-19,Clothing,3,112.63,0.0,1
O014919,C01827,2024-10-27,Beauty,6,227.82,0.0,6
O014920,C02131,2024-06-09,Sports,4,108.64,0.0,4
O014921,C03479,2024-03-01,Electronics,5,183.84,0.0,2
O014922,C01104,2024-12-14,Sports,3,56.33,8.9,5
O014923,C03994,2024-03-12,Electronics,5,131.71,0.0,6
O014924,C00259,2024-04-24,Beauty,4,124.5,0.0,5
O014925,C04218,2024-07-24,Beauty,7,314.14,0.0,4
O014926,C01148,2024-11-29,Electronics,5,199.83,0.0,6
O014927,C00905,2024-11-01,Sports,2,67.36,11.97,2
O014928,C02140,2024-02-11,Clothing,6,240.25,0.0,4
O014929,C03179,2024-01-20,Home,5,161.6,0.0,3
O014930,C04148,2024-04-01,Beauty,2,72.14,12.46,4
O014931,C04390,2024-03-08,Clothing,4,163.11,0.0,4
O014932,C02348,2024-05-14,Home,2,80.74,0.0,5
O014933,C01592,2024-03-06,Electronics,4,65.97,9.75,4
O014934,C02242,2024-11-24,Electronics,4,122.97,0.0,4
O014935,C03629,2024-05-30,Sports,6,191.31,0.0,7
O014936,C00855,2024-02-05,Clothing,5,214.16,0.0,6
O014937,C00751,2024-05-19,Sports,1,39.03,11.52,5
O014938,C04050,2024-08-10,Electronics,5,178.43,0.0,7
O014939,C02368,2024-07-23,Home,4,137.59,0.0,4
O014940,C00239,2024-10-21,Electronics,5,200.11,0.0,6
O014941,C02696,2024-12-14,Home,4,117.07,0.0,7
O014942,C04637,2024-03-10,Beauty,1,14.4,7.06,5
O014943,C01317,2024-06-07,Home,3,103.96,0.0,3
O014944,C02305,2024-07-02,Beauty,3,79.37,0.0,4
O014945,C00108,2024-01-18,Clothing,4,115.06,0.0,5
O014946,C01605,2024-02-28,Electronics,1,43.72,5.2,6
O014947,C01909,2024-11-18,Home,2,65.61,11.8,4
O014948,C02231,2024-08-11,Electronics,1,25.64,9.04,8
O014949,C03778,2024-04-18,Clothing,4,227.15,0.0,3
O014950,C00367,2024-05-10,Electronics,2,86.57,0.0,4
O014951,C04927,2024-01-30,Home,6,189.19,0.0,5
O014952,C02910,2024-07-10,Electronics,4,128.84,0.0,1
O014953,C03595,2024-07-16,Electronics,5,243.76,0.0,5
O014954,C02922,2024-08-29,Sports,1,39.43,12.62,3
O014955,C04269,2024-03-31,Home,1,43.86,5.08,5
O014956,C01741,2024-01-02,Beauty,4,93.37,0.0,5
O014957,C02819,2024-10-02,Clothing,4,202.62,0.0,4
O014958,C01354,2024-04-06,Clothing,1,48.73,10.94,6
O014959,C00452,2024-10-11,Home,4,170.93,0.0,5
O014960,C04567,2024-09-21,Electronics,5,170.91,0.0,6
O014961,C04417,2024-01-04,Clothing,5,144.65,0.0,5
O014962,C04537,2024-08-25,Electronics,4,114.58,0.0,6
O014963,C02447,2024-02-09,Home,3,85.81,0.0,6
O014964,C02236,2024-11-24,Clothing,1,22.9,12.06,2
O014965,C03510,2024-10-08,Beauty,4,131.52,0.0,6
O014966,C00885,2024-08-28,Beauty,4,204.01,0.0,5
O014967,C03520,2024-04-12,Electronics,5,96.48,0.0,3
O014968,C00743,2024-10-23,Electronics,2,73.44,11.58,2
O014969,C02040,2024-10-24,Electronics,1,25.2,12.17,6
O014970,C02563,2024-03-01,Clothing,1,29.08,5.7,5
O014971,C01261,2024-03-02,Beauty,1,47.14,11.46,3
O014972,C04277,2024-08-13,Home,2,110.57,0.0,4
O014973,C04506,2024-09-11,Beauty,4,99.29,0.0,4
O014974,C02335,2024-09-09,Electronics,4,182.21,0.0,3
O014975,C00386,2024-10-03,Beauty,5,134.29,0.0,3
O014976,C00603,2024-06-07,Beauty,1,77.39,0.0,4
O014977,C00443,2024-08-26,Clothing,3,38.52,12.48,6
O014978,C03308,2024-02-12,Beauty,5,182.89,0.0,5
O014979,C02633,2024-12-28,Clothing,2,92.01,0.0,4
O014980,C03968,2024-11-09,Clothing,1,25.96,9.73,6
O014981,C03302,2024-05-31,Electronics,4,105.17,0.0,4
O014982,C02302,2024-10-27,Beauty,4,136.05,0.0,6
O014983,C04451,2024-03-20,Clothing,4,127.78,0.0,6
O014984,C03567,2024-05-16,Electronics,3,146.45,0.0,4
O014985,C02477,2024-07-31,Sports,1,26.45,12.86,1
O014986,C04571,2024-06-13,Clothing,5,200.62,0.0,5
O014987,C04011,2024-06-13,Beauty,5,267.99,0.0,5
O014988,C02390,2024-07-15,Sports,3,119.76,0.0,3
O014989,C01831,2024-10-28,Sports,3,105.49,0.0,5
O014990,C04074,2024-09-18,Clothing,3,140.62,0.0,5
O014991,C03415,2024-02-17,Clothing,2,5.0,5.97,4
O014992,C04830,2024-05-06,Electronics,2,70.57,7.91,5
O014993,C02267,2024-05-15,Home,5,165.81,0.0,3
O014994,C00596,2024-02-01,Sports,1,56.85,10.83,3
O014995,C00191,2024-04-10,Sports,1,42.37,12.96,4
O014996,C03463,2024-03-17,Clothing,2,75.57,0.0,1
O014997,C00644,2024-07-13,Clothing,1,21.64,10.44,4
O014998,C04190,2024-07-19,Sports,4,176.15,0.0,4
O014999,C01119,2024-03-08,Sports,2,109.64,0.0,5
O015000,C03768,2024-01-28,Electronics,3,123.13,0.0,4
